006131b3
0295e593
03400993
00798023
00e3c463
04f88993
00e9d3b3
0263a833
01800893
00b8a023
40f103b3
010a4663
006122b3
01b2a093
406286b3
0238a313
0060e2b3
340990f3
01c00493
00f48023
004391b3
02800813
00581023
0033c663
0267c133
02458833
02c00113
00510023
002834b3
00578a33
00400693
00269023
01c00493
00048383
00b6b833
0471f913
0281a893
01c00713
00071203
01295263
00400893
0008a203
0102d533
029327b3
02800313
00030103
340026f3
00194263
033694b3
340391f3
00361833
34002a73
02733933
00525263
0331a2b3
00110263
34002373
01093233
34039773
02f14213
00913533
4077d8b3
00c89263
05c27313
00b79263
40288233
006826b3
00714463
00a46713
00c00293
00028a03
00674513
02d770b3
340024f3
412081b3
40385933
01383493
03400713
00072703
40135333
34002a73
ffe8c713
00e85a33
00d3c513
02f7e5b3
00316663
06c7b493
01d7b413
00400993
0009a403
4116d233
01083433
013378b3
031451b3
01156463
0329f4b3
34002873
ffd5f513
02b74693
008862b3
004865b3
00194863
005a6593
02c00913
00094183
0506a313
fea0c993
04b64493
005808b3
0346f7b3
404451b3
0024e733
00514463
00971263
00b69133
fe1a0593
0092c593
03000413
00641023
41015533
00d70933
011131b3
00a72833
0029c9b3
340022f3
05b67713
02a24a33
01087933
06a73913
00310433
0198b693
032155b3
02400613
00060983
00376463
00416733
009a1733
00a53333
01289263
03800493
0034a023
02833613
00128663
01400913
00092583
340517f3
406859b3
004530b3
015a4193
02b2a4b3
006366b3
340023f3
34002873
00d54263
02f8b313
01348463
00864233
0120f7b3
0173f813
008190b3
0228c813
34002873
00549463
00634263
0096d7b3
02400893
01488023
03c5c913
00a43633
033412b3
40715a33
00849663
340021f3
fe94f393
02d7a213
02b880b3
340397f3
00c5d3b3
02400393
0003d803
005107b3
01000513
00052183
0048c263
00e3a933
02e18693
00800513
00051183
0017e463
0270c733
00c3f663
0041e0b3
40f505b3
024435b3
007a72b3
006125b3
40935833
34019773
02800713
00070783
010a2433
00800513
00051983
06c2b693
0384c393
05e82493
fe24e693
03800313
00732023
01e2e593
01000893
0008a283
02000293
00c2a023
00b68633
40568333
340210f3
02d58913
00b931b3
0368a813
04728213
03370a33
340396f3
ff81f293
03e92213
407789b3
340093f3
02b6b833
02400413
00045403
03000193
0001a203
01224663
0045e463
00850263
01564693
00c8e5b3
00d87463
006256b3
03400493
0084a023
0092d0b3
00d187b3
00c00693
01269023
00c00093
0120a023
02740733
01041633
02c00913
01390023
00c5f413
34002573
fe43a313
04e84613
03000993
00098783
0058a0b3
0140f233
01c00893
01189023
00629463
ffb7e513
00f5f633
014539b3
004921b3
00e5c833
340020f3
00d1c863
01000713
00074783
340994f3
03b80313
00c6b1b3
0044e663
00410693
00d7a533
4089da33
03009733
ff376613
013112b3
00a0a1b3
01d64a13
02b26693
033733b3
410288b3
00800113
00810023
031673b3
03c78993
01231433
01497113
04a1c193
03400293
0002a903
03c42093
34039173
00b61263
04a24813
00422133
40f083b3
00aa2233
01358213
02351333
008110b3
0084f093
0041e463
0018c3b3
00c6b1b3
40815933
007189b3
01193533
ff388213
34002773
00c00693
00069683
fe548493
02400693
00e68023
fef68113
40c6d933
340027f3
00b39263
0113d463
34002173
0051c293
4137d333
06113813
014a09b3
01c00593
00e59023
0132c263
fe382993
00c00713
00070983
34002473
03674513
403853b3
fe677693
34009473
0096f113
340028f3
02466a33
34021273
00400713
00074983
40e907b3
0287c733
34019273
0539fa13
0122c1b3
00b908b3
0109a093
00c938b3
00d5d933
0175f293
34099673
00630233
34002573
00c666b3
34002173
00400593
0125a023
fe237393
409658b3
40988633
03000193
00019883
00b823b3
002909b3
00582733
04a3e813
00000993
00298023
003251b3
003321b3
00464263
00798633
00c54463
0024e863
00400493
00048503
02d23433
fee14993
00a9c133
34002873
0128a933
01b80813
4113d133
02ca6813
0118d3b3
02400893
00f89023
00599733
01400893
0008d503
0505b793
02d14433
03c00293
00728023
0221a593
03400793
00079603
00391263
02800713
00572023
ff46e093
00d8f263
01c00a13
000a4803
34002673
0027aa13
0044f263
03344733
00d090b3
00c00893
0008d303
340517f3
4082d8b3
00400493
00f4a023
01400613
00062583
022202b3
0112d463
01324263
41325233
fff67793
00400393
00e3a023
00e6b433
005a35b3
340899f3
0342e333
340719f3
01400213
00720023
02000393
0003d603
01441263
00b6b9b3
0087e463
0187b593
014686b3
0117e633
00682533
0452a993
00128263
05b82993
06b2b113
01074863
00912233
00800613
00862023
05e0e593
34039173
05a5c613
0491c313
00fa61b3
07853213
00266133
00b7f533
0262f9b3
00566263
00f87663
fe286413
01070663
340027f3
00a74913
02800813
00081383
001925b3
04b40813
0357e393
027134b3
00141463
0087a8b3
0312b933
34011473
34002273
01125263
0133b493
00614193
0450f313
001851b3
340021f3
00000793
0007c283
0511fa13
01000a13
000a4483
340020f3
34002a73
4109d933
004539b3
04e9c493
00a2a393
0106e933
40c8d5b3
fe18a993
340025f3
ff530a13
00220633
34002973
05216313
00f71263
04f52713
0286f833
001199b3
03400393
0043a023
00f8d6b3
00ca26b3
41090933
011475b3
01fa3993
00800093
00d09023
00a41a33
02000313
00932023
05827393
05c6a513
023577b3
03518713
00927663
00e2a3b3
002653b3
00b200b3
01b68713
0028d463
fe638393
00da05b3
01243833
404808b3
02c00293
00028783
02e102b3
00960663
05e1f293
027211b3
41360433
0064a993
01294263
04497413
00429463
34019173
02927793
0060b3b3
00400713
00e71023
03800893
00e89023
00e106b3
03000093
00808023
ff83f213
00786463
ff242813
fe178993
40f707b3
00650193
0069a0b3
00d6d333
340023f3
01750913
40458833
00999463
00908833
40d8d0b3
0584f213
ff822513
03800a13
000a1403
0061b2b3
4094d133
00f133b3
00325663
03000593
0065a023
00a175b3
4034d7b3
00a1f663
02c769b3
40730133
00638993
0079d0b3
0127a533
01c00593
00658023
00ba5733
01000193
00c18023
04b13993
04358713
340393f3
0421a413
001108b3
00c2a513
340595f3
406608b3
0535ea13
03118733
03692293
03400193
00018483
0083e263
00b75633
03800a13
007a0023
0248e2b3
01c00413
00c41023
02e98433
03b8e793
0521e393
04c68a13
0577c913
021685b3
00000113
00014903
40e15333
031796b3
0499aa13
003679b3
001303b3
009326b3
07e7b093
00523533
02000493
0004c103
0137d9b3
04850293
00678263
fef0c213
0119a0b3
006197b3
011587b3
01800213
00021203
01d08693
05212313
03400693
00a6a023
01137663
34002273
34049673
05777913
fea9a093
00954263
340027f3
005188b3
02c00313
01230023
0097ca33
00e5e3b3
04d12793
05f72193
0073ca63
00800493
0004c383
03000493
00a4a023
02346a33
00b73133
34021873
00b2c133
03132693
01c00993
01298023
00a9e633
04d6c513
02920633
02e2f3b3
01643113
0378ca13
34049873
4080d233
04f4f593
01015463
0377c613
02b71233
04498093
40728933
0506c993
04a4a213
02136513
00397133
01134333
34002673
001237b3
01f33293
0099f833
0110c4b3
02b6a913
006a1863
04b76193
02000293
00c2a023
00c00093
0000a383
00b29863
00800613
00064603
00d7c263
01000513
00f51023
40998533
00367133
00f1b733
0143b233
03d1f293
340024f3
0141c133
fe214993
0446c613
01498733
00187493
01000913
00591023
0088c463
4069d4b3
01400313
00032603
009824b3
00c6f7b3
fe960393
022166b3
006961b3
02d46813
001668b3
340023f3
340211f3
340293f3
00e60333
0090d433
02c00793
00078603
01c70413
03000713
00074603
34002473
02a87a33
00000513
00352023
004915b3
01000213
01421023
0328c4b3
0076f533
03a10893
02947493
046a7113
0035c433
00310263
0081e263
fee10813
02c00413
00842023
0400c493
03b50893
410281b3
02000913
00092683
34002773
0032c233
016a2993
00b9e233
02e9ea33
03c00613
00b60023
03400a13
000a0a03
03439133
00f672b3
0225ca13
fe747393
00259233
0102a333
340819f3
0090b2b3
021434b3
00e96863
340516f3
01400793
0007aa03
340020f3
009270b3
0062a993
02233733
01399333
00a692b3
34011773
00178833
01196263
0084c333
34061273
05c6b593
006160b3
00b1d4b3
401a03b3
0016c663
00b31263
04672713
412250b3
340022f3
40d45933
0643b413
0025c133
02c6d3b3
00b61263
04b5f993
40e486b3
fe462893
40f85133
01c00913
00090703
00516a13
02620833
0021e0b3
00c0da33
03400893
00e8a023
0161f493
00257a13
340025f3
00225333
00c00293
0002a503
0052e0b3
00a76633
0412a913
ff064093
0121ea33
0050a393
00c775b3
06013a13
02000693
00468023
ff024593
01429463
009196b3
34051973
01737413
fed14893
00000593
0085a023
340198f3
00946263
04a3b213
340493f3
408905b3
02c00893
00788023
00c00693
0006c803
00b80833
340818f3
404959b3
02800893
0008c983
00f20533
00052193
0221f733
00b911b3
013143b3
00497433
03136a33
00d1d133
00175833
01075263
02d5f133
03c00913
00092683
feaa6693
00c47463
00552933
02c6f6b3
00242733
40c1d7b3
01391263
0119c133
04373693
340299f3
01218933
fe347893
0330d4b3
0215c833
0278c513
02c00a13
00da0023
003a4263
02d27933
fff7a293
04468913
00d49663
0017d263
40f8d433
00d336b3
01640293
02c00913
00c91023
01000993
0009d903
02b368b3
00b93993
00800893
0008c483
01400213
01121023
03129333
0010c463
0242e1b3
00358693
0227c113
05c5a493
00a421b3
00148263
00456863
34002173
03800693
00c68023
01d0c093
03aa2a13
00000413
00044583
0062e933
05f8a713
00821463
00386463
34069a73
01000293
0032a023
03b7a293
02a3a733
0225a8b3
02800293
00129023
05e68713
0229d9b3
01c8b793
01c00893
0008a503
00437333
02ca4a33
02000493
0044a023
02400493
00b48023
02000113
00e10023
00f71663
0055b913
40d7d433
00a1fa33
02d97213
00796893
0183c313
0270c6b3
02c723b3
02687593
03159133
04e4f193
04793113
02a262b3
00f7f333
fe68f793
340191f3
03000193
00d19023
0391b393
01c0e813
02c127b3
02b8a593
0227a193
01d16913
02e13613
03000093
0000a503
00e68263
031512b3
408306b3
02d3b713
033a0233
0270b5b3
00da16b3
004555b3
00c00693
0006a683
03800513
00f51023
05e97693
010624b3
01788493
03000993
0009c983
02c17333
00d65133
03800193
0001d203
fee28913
340029f3
340192f3
ff5a0913
04b44793
05153293
0118ba33
030a56b3
00b330b3
ff60f893
02c697b3
02244633
0060d133
01d46093
00a97933
05e76513
00d092b3
03164333
00468463
0108e933
00789263
03a1e993
01317263
34069673
0559c413
01f2e693
001a3533
06f23593
00c7e3b3
00467263
00549263
01800413
01442023
40615233
025394b3
00318933
01553093
00f8b5b3
003764b3
0374a713
4012d6b3
0100d463
00a64113
00a66263
03b66393
01c00713
00074383
02d1ba13
0088f393
feb2a993
008a5263
00e864b3
00297733
00d871b3
02d891b3
0033b933
00767a33
0070c463
00641833
411a58b3
0060a693
0070f9b3
02e0e2b3
0021f833
006201b3
03400213
00e22023
04783713
04a54493
00d17863
01800993
0009d383
02c26433
340026f3
34002773
02c00793
00a79023
0083e093
01c1a513
0052f263
01c00a13
007a1023
01330263
00f22433
0337ca13
02400413
01442023
00400413
00040983
01000893
00b89023
00fa62b3
ff70c393
03000693
00069503
00000293
00328023
02000693
00069383
0263c433
fe924113
03800193
00419023
01800513
00051883
00a90263
00b89263
00f4c513
03a8b893
00c00a13
012a2023
0128c463
02563613
0384e713
00615233
00d67663
004689b3
03a50613
40925533
34002973
34002473
0097e463
00e331b3
40680a33
05f3f693
022301b3
0131b233
01800793
00079383
00925263
4052d533
01c00813
00081783
408480b3
01219a33
00b0f613
02559533
00400293
00d2a023
00f3ea33
01c2e513
0233c8b3
03587593
02b91733
00878463
01044993
028a31b3
00313793
00b97263
34002a73
02a1d0b3
34002573
03400793
00d78023
0117c463
02168393
01328463
0019a1b3
ff887993
340092f3
01800713
00075503
05b16393
06b73613
02724633
0267c613
01381733
04f1a293
34081873
00f09833
0418a293
02f60193
00a6f0b3
01f80913
fe51a213
34051a73
02400713
00e72023
34009873
00182933
0135f463
41498733
05b0b193
340693f3
414a50b3
02d62213
00ba7263
01425433
01395263
021a64b3
02000393
00039583
0061a6b3
00194263
00526293
02716333
00c5b133
00828533
03800913
00092903
4093d8b3
00779833
04593213
0620b193
00a8c1b3
ffb67693
06f63393
029a2693
003681b3
34002973
40b956b3
34002973
00b77663
00000513
00050483
01400793
00078083
00e60263
340024f3
00c16263
ff30f993
412359b3
0108b633
00148133
340029f3
0020e133
34002273
008762b3
00e6a5b3
00ca6663
007967b3
0464f313
0090b793
0028c633
03c00593
0005d583
04e7a793
00f636b3
0062e463
340296f3
010946b3
01146263
40ca5733
04e13713
005a2913
03d9ca13
03b8c813
02400a13
000a2403
008737b3
03800093
0000d883
01000393
01339023
0705b493
0114f263
fe20f113
0067e263
02e36233
00d36433
003a28b3
00a11a33
feb1a993
0173b113
02d8e913
02b6a4b3
03400913
00092183
03800213
00d21023
0320e733
03a86913
0313b833
ff830813
0120ca33
02c86933
40d1d4b3
011400b3
024359b3
05787113
00880433
0045a5b3
01c00813
00084783
02675a33
0376a513
01c42493
03f74613
0269b6b3
0219d8b3
03800393
00b3a023
00817a33
010882b3
00e2f263
02c00793
00578023
05172113
032a27b3
02800913
00091883
0139a9b3
ffe94313
00e350b3
011787b3
00f94463
fe848913
00400a13
001a0023
00e47463
02e5da33
01000713
00c70023
0399b493
340022f3
34021273
00800893
00089183
00f24463
34021773
02000793
00078183
340694f3
ff54f893
34002a73
03852093
001a0333
fe394793
012612b3
00651463
0092a933
00800893
0008d783
004939b3
00c35463
34069773
05ca0693
051a3713
00e16a33
00b6f133
00a748b3
00b4b2b3
40a7d233
0110c7b3
02486333
02400613
00761023
ffc24613
02000713
01171023
0027f333
00a3b5b3
02a3b2b3
018a7193
02946633
02000693
00a6a023
0146d0b3
01151663
01988413
00590263
00f7e663
00a16463
02d68693
00b47263
02c00213
01220023
003926b3
fea57493
00800813
00080483
00aa1433
03400693
0006a583
00483213
00765133
05d33893
4126d933
02c00513
00052703
02c160b3
04e5f593
01000493
0004a503
0279c293
01416333
00521463
001643b3
00f85833
0110e263
411982b3
340113f3
00445233
00c00613
00a61023
0229b4b3
00b6e663
0284e5b3
0024d7b3
014a36b3
03800493
00049903
00400313
00031183
34039773
00a364b3
00d9e9b3
03b0f313
fe45a693
03372313
02400613
01461023
0145b933
0064a0b3
00800093
0000a783
340023f3
00a67463
00b95433
02a2d133
00f47863
02400193
00018103
03026833
40c806b3
008533b3
00d1f463
0112f533
fe2a7193
008a2813
fe062113
02b70433
00a4a133
340022f3
002863b3
0574e093
340020f3
011249b3
02612213
0120f693
029a10b3
00000493
00f48023
00e934b3
00b4c933
fe43c693
02470093
008739b3
013324b3
00f37663
02800893
00088183
00c00393
0003d603
413786b3
02647633
00f51733
001a3933
40b55533
02c64893
02428333
0318c4b3
00400493
0114a023
00d6d463
04313113
01280293
04f73293
00298833
00e2c263
0012b393
01400813
00081783
340296f3
02a16133
340197f3
00870333
001599b3
012937b3
0107e0b3
02b7b613
40375a33
0061d6b3
34002573
00a6b813
021148b3
00449263
0073c333
0031c463
00ea5633
0096f663
0162b513
ff69f293
0035c633
34002973
02400a13
000a4683
00679133
029a4313
fe517193
340020f3
fe80c893
03400793
0007c383
00e0b433
00785863
005a3733
01000313
00a32023
001547b3
00a88333
fe95a293
03667713
340024f3
0018f733
00c00293
00028a03
00c8b433
01430663
00400793
00479023
004322b3
00400513
00054383
0048f263
0081e633
0255b913
002298b3
00d0e933
030320b3
02ba5533
03000493
00049603
00456663
01294933
008768b3
00a3f1b3
01c00313
00035783
03000713
00072603
00f654b3
340022f3
409a02b3
01346313
404554b3
00286433
04884093
02b679b3
00767463
0317c0b3
06ca3a13
0104c0b3
01000593
0005d783
34089973
340021f3
0032a133
04317413
0138c263
01400413
00042083
02400093
0010a023
fe856493
0113f7b3
02c647b3
02619933
00749263
00b86633
031900b3
0091aa33
34089a73
00e54263
340027f3
0044c663
01400093
01308023
01236333
407202b3
0280a733
ff94c193
40950533
0067d463
0126c463
4030d833
00000493
0004d983
00130663
34051773
00638263
00400813
00e80023
032964b3
03b4e293
00d7f4b3
40458533
00f60a13
007858b3
01800393
00c3a023
025463b3
024930b3
01478863
340111f3
03c00613
00761023
034345b3
01b58493
00246663
00400a13
000a1203
00f2e463
feb67593
00e24663
02b39133
0122a8b3
ff237813
340118f3
02400513
00052083
00800893
0028a023
00f563b3
02d20433
02c18393
001405b3
014684b3
ff538293
0515a993
0123c663
03000993
00c99023
02b4e5b3
05563113
340916f3
00c3e813
002258b3
00758663
0286d1b3
340026f3
340023f3
02a66233
01240533
00c472b3
00a86533
033934b3
03800993
00f99023
01358913
01800993
0049a023
02799233
0012b433
03b4c593
02172533
02640393
00890663
03400513
00055783
0113f433
34002873
0220b433
02800993
00b98023
03000513
01250023
01155263
ff89c113
0124a3b3
00c00593
0005a483
01d86413
01277663
40598133
00b6c463
00893133
02400093
00008183
00527263
41350633
01153633
03268513
02e6b1b3
0073a633
026196b3
00a0d863
00814533
03000913
00992023
01367433
0302a9b3
00c7f5b3
0277c693
002415b3
003805b3
ff20e113
0131d7b3
340021f3
00800993
0069a023
026447b3
0011e863
02800993
00099283
03622593
02000a13
003a0023
00858463
02467113
0190e093
ff576293
00a5b333
02c00513
00050383
00454263
0208f393
02520393
00c8b793
fe896593
40638433
034622b3
0044f333
402489b3
340022f3
00f629b3
0056d1b3
40178533
00a1d663
03c00413
00042303
01287463
0446a993
00000113
00111023
02708393
01d7b293
00800793
00078503
0117b233
0149b633
01800493
0004d383
0063b393
340410f3
02583213
04f22393
340117f3
0068f833
03000393
00a39023
05b6ba13
00d24633
0277a713
003a61b3
0012aa33
01368333
340a16f3
40b28333
00f99663
01686413
011a4263
00b3e263
02000113
00910023
04d53193
01456133
02455933
00f16263
02b8a4b3
01532093
007407b3
01d30893
03752713
02e40733
01c00413
00540023
fe70a693
05a8a593
340112f3
02f27a33
00e711b3
0134e2b3
0094f133
0098d433
02e6e833
0041f913
34002773
02000413
00942023
00e3c663
05644893
340997f3
01282113
fec9a913
34071273
0118c463
340293f3
02400613
00861023
00f405b3
414783b3
013921b3
02000193
0001c683
04c1c913
01210263
00281263
0235c233
024839b3
00147263
405802b3
021280b3
0014f5b3
408a5633
005368b3
01263a33
04654213
01000213
00c21023
406283b3
0124e193
02076293
40b4d7b3
011803b3
0018e133
00b8e463
014210b3
04057813
02c42713
00d84733
40645133
00000193
0081a023
0333b233
050a0093
03247513
0080d633
0100e263
01426263
03f10293
02624433
01080233
00c89463
01328833
40a58733
00520593
0468f293
00000313
00030803
01c2f913
012a67b3
05176293
02073793
00448393
0479b513
0503f393
00409463
0300f333
40e782b3
40208333
00000893
0038a023
340498f3
0699b513
02400393
00038403
fea1c493
34002773
0091c3b3
021087b3
003944b3
02800693
00569023
00746263
05387493
ff31f693
02000793
01378023
02400293
00f29023
01147263
04690793
00ba7663
40865233
340990f3
40530333
0336a933
fe69a993
0795b293
00400413
00841023
01e34513
340024f3
0224f5b3
0053f093
00b3f6b3
40430133
0025e433
0342f833
00231663
02000493
0004c303
0094c3b3
0054d1b3
03c00993
00f99023
02d67533
0021f463
01028433
0015f263
006959b3
0119e1b3
00944933
012372b3
01f7e713
34002473
00b58833
0061b5b3
03596313
00c812b3
00d125b3
401481b3
00c00313
01130023
05313193
00400a13
000a5183
0009f493
0068c463
011594b3
fe756713
03400193
0001d903
00452833
00a0a4b3
00d54463
0030d663
410a54b3
04d60513
03000813
00781023
413688b3
00b55263
01074733
34049573
02788733
0144b713
03400213
01020023
01400213
00020503
00126933
034a6333
00c59833
04d7f593
03c00313
00030483
40d586b3
00d26333
02400913
00391023
00e313b3
02d23993
00785663
02e858b3
03c9b293
340025f3
05d38693
0138c263
02e0a1b3
00000093
00c08023
ff934993
01297733
01030263
41188433
40350233
00493333
01ca3613
03434133
34071473
00b1da33
340029f3
0111c263
ff992413
34002973
0278d8b3
01400493
0094a023
02b6a433
4042d733
02800593
00158023
40408433
0124e7b3
02c00613
00065983
00b1c933
01800093
0000d983
06c43213
03e72513
0056d663
03400413
00041583
03400913
00091383
014448b3
fef88693
34079873
0028c793
00b8ba13
ff717413
412682b3
0228c613
fed5c513
034625b3
40548633
01450263
410250b3
fe718693
03263a33
01000813
00080883
03643513
03000313
00035483
03000113
00f10023
02800513
00052683
00796463
0122c413
00588233
012879b3
03163813
01474663
0303f593
005103b3
016a7693
ffda7713
00954833
011321b3
06e13913
0241c593
00400113
01012023
0031f263
feb3c313
00243533
033758b3
03800193
00318023
05d8b513
00929263
02d12433
00208533
02000393
01239023
00d70863
340027f3
03800393
00038783
05787493
01c00393
0003c803
0331f913
02d96893
00697663
01249463
012431b3
0091d7b3
340024f3
0029d263
007a44b3
00379263
03d97893
00d7b0b3
00495133
ff076893
0068a833
02830833
fe118a13
01237263
00400193
0001a703
0031e833
ff126193
01400393
01039023
00a47663
02800093
0000a083
00956663
00140263
00356933
01758493
ff038a13
fe150093
34002873
03e58413
025695b3
00f766b3
008236b3
00000a13
000a5683
04953893
ff348113
00a17533
0250c793
0585f713
002279b3
01495833
00964693
0020f7b3
02470a13
012857b3
340999f3
00800393
0073a023
0101b3b3
01636293
0099d0b3
0235b7b3
012700b3
01800313
00730023
0055d933
0344ca33
00367463
05a60993
0063d733
02c00713
00270023
00000913
00092503
03400293
0002a483
02400313
00e30023
028654b3
409655b3
04a72793
34002373
00349933
405409b3
008395b3
02c00713
00075483
05d34693
04a4a193
340023f3
00800493
00a4a023
00c00613
00c61023
00c139b3
01022233
00ea6263
01162933
34002373
02b9ea33
0126e463
00e09633
02316533
00800593
0005d703
03000513
01252023
412808b3
0120b593
002699b3
00800313
00034303
03634a13
00400993
00e99023
00946933
00c00113
01312023
03a9ba13
34002a73
41048733
411300b3
0263f733
0052d463
ff99aa13
0117f8b3
00534233
03554993
01229333
00c8c733
007696b3
00f646b3
34002a73
009375b3
00151333
006187b3
340023f3
00f91863
02c00613
00060083
05964393
03b9a893
03000913
00094a03
008675b3
0051f263
01327133
0059d2b3
004680b3
340494f3
0178b213
02000193
00218023
40f90833
033622b3
00620433
34049573
00456893
0079b7b3
012896b3
02d1da33
03400913
00095303
00ea0463
fff08a13
01822493
ff917193
02e6c513
00499663
0011c463
fee1e793
34071373
012a6933
01c60613
00568493
34002a73
021829b3
0699b413
03400893
00088a03
03463433
003483b3
ff90f213
02d0f3b3
00d740b3
0108b433
00f40233
0313c533
340022f3
0217c1b3
011980b3
01400413
00341023
0080c9b3
01400293
00e29023
340026f3
4010d5b3
ff99fa13
00d09433
00000413
00940023
34021a73
fe720293
01430263
00825463
008903b3
002379b3
0133d3b3
ffb30113
00c00993
00098983
34002173
0030a3b3
03000293
00029383
411653b3
ffa6e813
003199b3
340718f3
03408a33
00800913
00092583
04843393
02c00393
0123a023
03440093
40a903b3
40140533
00851233
feb22193
01167313
00e85263
0109f733
010565b3
03000893
0008c503
024939b3
0148f233
00d8a633
ff822193
ffa76313
014232b3
02400313
00034a03
404759b3
40e6d633
002772b3
41295533
0710b893
ffd3e913
027a7693
40e506b3
03033313
01474663
00080513
00f57193
01033233
feb74813
02253213
0102e9b3
00ca4933
01196463
fe496a13
00e54613
0103ba33
0126d933
0025c263
02b74413
01416633
00c00693
00069083
00d29733
01110333
40c559b3
0136e813
fed08593
00b8f6b3
0287f433
00800393
0003a483
02c4a2b3
01400613
00b61023
03800793
00579023
00e28463
06c5b493
02f82733
04392213
0265f1b3
02000593
00759023
340519f3
0287c533
0435a193
00193433
02430933
0133e263
05054493
00a8a233
00549a33
03564393
0045d1b3
00000393
00739023
00881263
03d32193
02400493
0004d703
02033313
00b48663
07d6b893
00825263
0320b733
00f4b9b3
03800413
01241023
ff647793
00800913
00094183
02800713
00072303
00949333
0365b293
0217c413
0032a6b3
02a4e533
ffc72a13
00d6f8b3
01547493
0238b933
0146f713
02000113
00511023
02498513
01c00313
00032183
00c00713
00075883
00c00413
00045283
0082ea33
01377663
00e13a13
34002573
40e556b3
00567833
0330b933
04a18093
03077633
03483533
00387263
405a02b3
34002973
00b99263
ff177913
0142f833
00777663
00d61263
048a2a13
02ea7393
03258093
00c74533
0028e663
02400613
00065683
4125d433
0106a0b3
340020f3
00c5e993
00655263
01000a13
013a1023
0096e463
34031873
00750a33
02b503b3
05410293
013440b3
0055a913
01000093
0000c203
01065933
01000813
00082503
ffd64313
01542593
0032b933
0087b233
04b4b113
fe812293
00c482b3
01b22493
001335b3
012946b3
03997093
00d96463
00c6c993
0284c1b3
05864313
00a34733
0313c413
0018a7b3
024686b3
04d43813
034549b3
033607b3
02534913
02800893
00089783
feb3c993
00762793
014194b3
340025f3
00684663
0325c213
04c5c113
01028663
00c85433
02113493
00d34433
40238433
40520833
012710b3
00ba73b3
005592b3
40a3d133
02800913
01392023
00d74463
01912393
033802b3
0152b393
34002373
013476b3
05b92493
00817263
01339663
0138e663
01231833
02d14513
0129b633
05812593
0155a493
02c5c5b3
00a138b3
02000913
00094403
00400913
00d90023
00531663
00400313
00032183
01400593
00559023
00400713
00172023
00a8c333
02000593
00b58023
00ea6413
02519333
4107da33
02000293
00828023
00c00193
00318023
00981333
409688b3
feaa4193
00b0d463
0092d733
34051773
0208e113
0125d533
031a2913
00c2b133
014a2733
00b0ca13
03400893
00088603
01892493
01065533
0086f6b3
0513f793
01000213
00021783
02f2f833
340119f3
0136f7b3
01124133
340029f3
03800093
00309023
00238533
34019773
0096ba33
02923713
0231b733
003669b3
04d7a893
03000693
0086a023
00800413
00e41023
40198433
03780493
00631463
025a6433
00c91a33
027790b3
01792793
03000693
0006da03
00b86293
40b80833
00146633
03095533
01f3a693
01000213
01222023
00d71433
034806b3
401984b3
00398a33
401952b3
0127e463
0132ba33
0065e233
01092713
02b883b3
02800113
00012503
00400593
00059a03
02fa4293
00f233b3
02c478b3
02888533
00a640b3
00d49833
0142ba33
00644663
34071273
40315133
00b2c663
0017f633
04742a13
00c5f263
01213833
0265c493
00000093
0000c503
0124f263
05e32993
00b70463
02894933
4143d6b3
feb2e993
00d641b3
01288713
340510f3
04e2a413
00b19933
01c00793
0007c583
00a907b3
402759b3
0403f193
41140a33
02a34993
0067c733
005a18b3
34002773
feda4293
405285b3
0014a3b3
34019173
0144d463
00e18663
02000713
00171023
0106d463
025120b3
03a2c813
009834b3
03400993
00399023
0266b713
02000793
00179023
006442b3
40a982b3
40e106b3
007a0733
00676193
ff470593
00447463
0266d833
00800213
01020023
01217233
4113d5b3
0085f413
fe50c613
00166133
00400213
00422023
00c9b833
00d1e313
03000113
00015103
00800913
00f90023
01400a13
000a5283
fee2f893
04c87513
02c80213
0084d3b3
00490233
0015c463
340024f3
00400a13
004a2023
0372c113
02c96333
34002573
340021f3
03c9c993
00c6a0b3
02796133
ff578593
00718433
0098d1b3
0125c7b3
01384263
009a0933
340020f3
007628b3
34009573
00c99263
00334133
0077f813
0066c663
00c00693
00c6a023
00d24263
04f9f713
03400993
00b99023
01188863
0559f513
03800893
00088783
02584313
030485b3
05468113
00689463
00221833
02b506b3
00000093
0000c583
0127f133
01c00193
0071a023
00196833
34002373
34081973
00d6e463
01f26613
0156c613
00f86233
012201b3
02d247b3
00c32233
00238693
0045d833
fe37c393
00d762b3
03400913
00092083
00b9c0b3
01000813
00682023
00f6f663
fe14e593
01445733
00033513
00e9a733
340025f3
00411463
012a62b3
34002173
ffb3f113
ff58c793
00a14863
00000713
00075983
340029f3
34002873
02e20a33
023133b3
00b1e933
03000593
0105a023
02a6d833
00852793
007976b3
00f90863
34091673
02400993
00099083
4142d233
04a9f093
00d5e663
340025f3
01256463
00f5b3b3
02f9a613
02392413
340693f3
008405b3
05e56413
034460b3
02262213
05566593
00e1b3b3
01800793
00079183
06f83893
0301b0b3
00400713
00075203
00e14863
02c00393
00739023
027335b3
ffda6893
40e75833
00d90913
04d26093
03144933
41110633
02800393
0043a023
02400813
00082103
00b9e463
00386263
00000893
0008a583
340213f3
01c00a13
006a1023
01357793
00b8f1b3
00b7c533
02474113
04993213
01387863
01000593
00058a03
021a20b3
01c00393
00038a03
007198b3
40f809b3
0074c263
050a2493
01457463
0430a493
026136b3
ffd5c513
ff432193
0137c6b3
ff15c693
011669b3
03800613
00061283
00a2b433
01468513
016a3a13
03000713
00071503
00129263
03f8a613
02400213
00024683
025283b3
01048233
0126e263
41428833
00c78863
01000893
00f88023
013146b3
01000093
01409023
34071273
01800313
00035703
02e607b3
00e52433
0038c463
340028f3
04550393
00f2c463
003838b3
00182133
004a0133
00748133
02800813
00080783
00400513
00052683
0067e733
00540213
00596263
00927463
0349b8b3
01027613
00515833
00618263
01359a33
0024a233
00d9b133
00341663
404a51b3
0084e733
04532613
00844463
01067263
0526e213
01418a33
03f4b993
0202a893
0201c913
ffe30913
0067a2b3
03c00213
00021303
00b2f463
00c48463
023817b3
ffb1a393
01000693
00968023
012649b3
06d53113
01156433
00c68333
00b25463
03f9e193
00d0b433
026708b3
407401b3
0012d733
01314933
00362933
01329663
05d5f913
34002a73
05072613
34002373
00f39663
03400393
0003d283
34002773
00f96263
340710f3
fe41e093
34002973
03800513
00750023
00627793
030a28b3
03667713
00c2c2b3
34021273
00a76933
0128e433
0252d133
0140b633
01366933
05a66493
0066c833
007127b3
41185133
01800093
0000c083
00000693
00869023
05a27913
00ca0663
0100d433
0319f133
0065f633
34061973
fe652413
34002973
0335b533
00625463
0101e833
0055f263
41178a33
0205f313
fef24693
05656093
0148c833
02616993
01c00813
00080103
00754a33
34071a73
00c2d663
4093d6b3
0130f463
00a158b3
414806b3
00e94663
00f4e813
00d923b3
0300c133
03c9b593
00ea1633
012339b3
4036d6b3
ff23c293
0141f333
011592b3
00800393
0003a083
00b798b3
00ea3a33
02b38613
34071573
4092d733
340022f3
0087e863
00800213
00e20023
00727463
02d44193
00b09263
02196333
0226a913
01465263
02400793
0127a023
fea76493
00b5c9b3
01c00593
00559023
02a70233
01024333
4033d3b3
025871b3
0277b2b3
00a856b3
02400693
0006d783
021167b3
00326833
00e21933
03653813
00120463
00156233
00800613
00061303
0188e213
01000813
00084883
03000293
00729023
0108d463
00e0c463
02776433
34002273
004297b3
01374893
00c00293
00229023
03712913
00c30663
00800813
00f82023
40a90433
026216b3
00e80593
00a9f663
0079f863
0088f263
03400313
00f32023
02f9e933
004a45b3
0021e393
01800813
01180023
0421f913
02092513
00a359b3
02f08533
00e7a533
009352b3
34091873
003745b3
02400993
0009a783
02751333
01400a13
006a2023
04924193
021327b3
032624b3
028855b3
41380833
01770893
0396f393
02c00713
00470023
0300a533
003362b3
00c2e4b3
05c67793
00626463
006149b3
34002173
03400713
00172023
340596f3
40828433
34091273
fe57c613
fed68413
340028f3
02400a13
010a1023
0067b333
02c18193
06163813
001884b3
00187263
02e65433
03400693
00b68023
0144c463
0066a5b3
002325b3
00d62233
00757093
fea9e393
01c00293
00428023
03400313
01130023
0099ea63
00400193
00019703
00c00713
00070183
00f96463
4051d833
410202b3
00931463
00b8d263
01273433
01424263
02b2b2b3
003a0463
013937b3
03e5ba13
033337b3
ff690613
03400713
00c71023
00800093
00209023
00b75a33
05f13813
01c9b313
00311333
034333b3
fe91f593
01000593
00d58023
ff237693
027a70b3
ff21aa13
02692333
00800793
00078283
0026d233
02e56313
340818f3
01122133
005413b3
4013d633
00b9f233
00c5a933
0333c3b3
0053c263
40d102b3
02c00313
00c30023
fe91c713
0077c4b3
41130733
00784533
0124f6b3
0082b333
013288b3
02400913
00392023
02426633
05c33193
007105b3
340214f3
0268b813
02c2f5b3
340029f3
01344133
0085a6b3
05257213
033922b3
01400293
00228023
01256263
01061663
00e8b3b3
02a22493
00e79663
01431463
34002473
fff16713
34041973
00910493
02000113
00011383
40c70133
005230b3
02547a33
01317663
ff472393
00372613
05317693
fe396313
40e485b3
00820863
0041ea33
02800713
00f70023
fe25c813
00e76133
01f88113
04672393
006a5133
0397b893
00996813
0085b8b3
340029f3
02b872b3
0026d2b3
fe187193
ffd12093
01166663
02412193
01358813
0039d6b3
00000813
00084503
00d47613
00b93333
00297863
01800493
0004d303
0051f663
010699b3
340028f3
02863213
01c00213
01020023
00780693
0043f5b3
02000513
01352023
01489663
0014b6b3
340695f3
0075d7b3
00e88663
02c37433
34002673
00a1c2b3
ffc9a593
406a5233
00b40863
00000213
00020683
005609b3
00c00293
0002a883
0101e9b3
04a1f313
0112f933
010796b3
340025f3
0143e263
04a4b613
00e24313
02a14213
00a12133
fe0a4393
05b9a393
00a60263
00870913
00179233
02b54693
00e92993
00b86313
00e50263
ffa20113
340023f3
007a4863
00b8d263
00400813
00181023
00a39663
402a01b3
340a1173
ff094413
0082f333
40e6d2b3
0250a4b3
01447233
01000493
00e49023
02400293
00f28023
01400193
00019983
0059f7b3
0090d6b3
04810893
0049f213
02800893
00489023
02d4c433
00487863
01800993
00c99023
00a99663
0013c233
00184663
02400313
00035a03
02800713
01170023
01e56913
00f550b3
340025f3
0042b5b3
0063c663
0011ea13
00e9c193
02043093
00785833
01c00513
00d50023
01000493
00048103
0063d2b3
34002773
00366133
02514713
03800893
00589023
0210c433
01156533
34002473
0212e593
40c6d933
fee87893
02b521b3
04d6e693
00000913
01192023
03400793
0007d903
340a1a73
0591c493
01f62093
40f209b3
340614f3
fe296713
03c00813
00085503
0093da33
0026d933
00b47463
40978833
03800313
00831023
01000a13
00ca1023
07d9ba13
0042e263
00d81a33
0062a1b3
00633313
012874b3
01764693
00000793
0007c403
00d1c3b3
0022c263
05d64193
01400213
00020103
03698293
00e1e263
01065733
00790993
055a7a13
00657613
00a795b3
40398833
01800313
01232023
fe15c593
00a8d133
0075f463
00a15863
34099a73
00000613
01360023
05e4e813
02e2f5b3
03400993
00099883
41175133
01198493
01c00913
00094403
03000713
00a70023
001864b3
401857b3
ff456513
00626663
00972333
340312f3
005a5833
01400813
00080483
34051673
03683113
02c00593
01158023
02753333
fe236613
03c42693
01d14613
0379aa13
00a37663
0282e133
03094913
00c0c463
34079273
340027f3
00f11333
34002573
0147da33
03400913
00091583
01477233
40808333
ff66e893
00320733
02f4d9b3
01077633
ff642913
002a7463
02e2e893
ffd7f393
01000513
01350023
fe476113
01420263
006a5263
04d44113
fe09c193
02000193
00e1a023
0063a0b3
006631b3
00a99533
34002a73
04154193
00b729b3
05413093
014a73b3
0112aa33
00226933
0129f463
0430e193
0040a1b3
00f97133
02187233
02800993
00c98023
03400193
00618023
01400813
00085183
00b33293
02000793
00079803
019a7093
40d45933
00576533
340a1673
0013f833
011348b3
027123b3
01369463
00209263
00e97863
00400193
00b18023
340022f3
00642633
00c737b3
02827793
03277693
00f28933
034946b3
05d08513
04267413
40580333
01c00193
00918023
02234233
00b58463
02f3f413
0127b733
02f9a893
0279a233
340023f3
01000693
0006a603
00d60463
01f74593
02780733
02c00393
00039a03
0237d5b3
0264e913
00d7a3b3
0198ca13
00422913
0128d6b3
411082b3
02c00593
01458023
011857b3
00800093
0000c203
41228133
02826133
0044d263
01800813
00085283
02000293
00029283
ffe9a493
05014193
033224b3
001116b3
00ba64b3
03400313
00034083
0118e863
02400793
00179023
fff34293
00775463
01828293
340024f3
0267ba13
01199833
0069c263
40d8d233
ff258193
002365b3
fea50193
00e63533
34002473
02c00213
00021303
05018993
0116c9b3
0125d263
00472433
009131b3
340026f3
024303b3
00400313
00030783
340025f3
0060f4b3
fe246313
0121c733
00517333
34049573
0105c2b3
00000593
0065a023
01414663
340914f3
00694393
0039c8b3
40e7d333
02782893
014a03b3
00c672b3
00689663
0144e263
340593f3
024934b3
01c00193
00318023
01364863
00800993
01099023
007934b3
00f62613
0292e3b3
03b4e513
01c00613
00260023
01293313
03800213
00025103
0360a613
00f649b3
40688533
004a7613
34059373
00108663
40d454b3
fffa4713
03f68093
03f3a813
00f36533
02800393
0003d103
02b529b3
00a9a8b3
07e6b413
00b4a3b3
01291833
02194093
00e4e833
05f4b613
031a0933
34002673
00144263
fef32093
03684713
0061d933
03316a33
0109d0b3
05847413
01400813
00082403
00545463
34061273
02ba56b3
414782b3
01415663
03000693
0016a023
03b86813
00800613
01061023
004927b3
00c00913
00094803
05a94293
00972993
00400a13
000a1703
03634993
feb28593
03c4b393
40fa0833
0277fa13
0093b233
00e5d8b3
00000093
00a08023
00888533
01f37113
00e28263
05b26893
00f43133
340023f3
340023f3
00953733
00000593
00059803
01e4ba13
01800813
00080403
0122f263
00e7e733
051a6913
00a2b133
fec27113
01c00213
00d20023
feb1e313
0048c733
0125f433
00c00793
0007d403
00492833
034a54b3
00171263
fea9e113
02372933
05232813
02400713
01371023
0286c093
0211e3b3
0509a413
01360263
41375533
0093d9b3
0244c393
01000393
0003d783
02000593
00858023
05d92493
340a15f3
02400793
00e78023
40c65833
02800593
0145a023
0145e233
0113fa33
02b896b3
022418b3
40f0d833
340897f3
0056e8b3
01a97613
0242e113
01400513
00150023
ff64e693
02000813
00081783
0118e663
02800213
00024703
0322c233
00376463
0012e133
00c7e263
01800513
00b51023
00856593
02000493
00048383
04590493
0490a413
00b97463
01436533
02f98933
02538593
05366893
00430933
0044a833
05a30a13
04120893
03323313
034935b3
00f597b3
02c538b3
00000513
00055703
00800113
00014a03
02f64933
009400b3
ff25c613
02000893
00389023
0349d5b3
00710813
01684213
00856a33
00a9e663
02e2f813
0140fa33
02c80333
02000393
0003c983
008705b3
00c8d6b3
008579b3
00296263
0057b513
00278863
02000913
00392023
01151a33
340021f3
007a4633
0094e333
00339463
025802b3
01000413
01042023
01262493
0149e433
fec58513
014269b3
34002573
340023f3
03800a13
014a0023
05997413
40c95a33
0305f8b3
01c93793
04d64093
05c3c593
01c00693
00069383
0149d663
03800913
00692023
40b800b3
010305b3
02c00413
00042a03
009563b3
03000093
0000a183
00e40263
00b1b913
340025f3
02c701b3
40350a33
01400093
00208023
00916263
04727a13
00450933
01d87513
0597b613
0438e993
00e86263
34002173
04723113
ff46c993
02894533
03148633
02800593
00058103
0457c793
00e6e433
00d9c5b3
05e54293
01c00593
00a59023
012292b3
012684b3
01285463
00b681b3
01254513
01000893
00e88023
340027f3
012a4463
34099373
02800693
0026a023
ff61a313
00000413
00044083
fe660893
07073313
01d2b793
02a7e2b3
340195f3
00c3b933
01c17a13
02000413
01341023
00da05b3
34059173
0180c213
00f1e1b3
011a09b3
fe280993
03962813
04f0c993
022205b3
00a14263
40478533
004456b3
0124c8b3
01000513
00b51023
0073ba33
0037d263
40768433
001465b3
41450433
0074c263
403080b3
00322133
01a2c213
01465433
00c00493
0004c683
00360313
03427833
410500b3
00b52833
00074913
00324263
0111b133
02a285b3
02800713
00171023
03d44913
03800813
00280023
34002273
008a3633
0522a213
340493f3
340028f3
0138d233
00b961b3
0256c713
00227263
04a30393
00f9d663
ff768713
34069673
00548933
0088c813
05832613
01c00813
01181023
00d3f263
0258a213
0231e193
340510f3
009700b3
00b17263
00996263
ffd5c293
01420663
02883333
02928713
0032b893
008295b3
00a5ca33
00400513
00050403
0115d263
03778813
02800913
00090503
0126e4b3
026828b3
01800793
00878023
40c606b3
00637663
02441433
34002473
03400a13
000a0603
00b465b3
34002973
0141a2b3
0324d3b3
02c00813
00084903
01d2e193
00291663
0017b813
03182433
0449e413
0077b233
00f10463
340116f3
02000593
01058023
014412b3
00792593
405383b3
4089d333
03800693
00569023
01d80713
03443293
02194833
00a0e263
02438333
0034f633
011319b3
03800893
00b89023
ff44e793
0721b393
011a6463
41028933
00e82593
00f4e463
02e24233
058a4093
00825733
408785b3
340026f3
03e0a493
0076b0b3
02c3b313
02e42833
00458663
00c00293
00728023
00954663
00868263
34002873
40ca55b3
05757393
00c94463
05857313
03000113
00014083
00110333
022a54b3
00800113
00010683
00148263
00764693
00395463
02776393
00e55463
0115c463
010627b3
409a07b3
34002473
00400713
01371023
00800393
0043a023
00a6f433
01738493
34029973
00660263
001797b3
340395f3
02800193
0001ca03
00441463
01269863
027904b3
02400313
00732023
01a93513
01787393
02818493
00c7b213
01000513
00054703
03400093
0000d703
03400413
00041583
02c00193
0021a023
0010d633
0028d663
04c6e593
00560693
05e78a13
4138d3b3
00c00193
00f18023
0036f593
00d9ba33
00634333
00467463
02c0a7b3
00738463
fe968413
02b56333
4140d833
008817b3
0115e463
00e2f263
404588b3
00c0d433
02800313
00631023
00000113
00015283
340910f3
34002673
41375333
03000093
00a0a023
013893b3
013429b3
014257b3
00b239b3
02a8e633
00d6c3b3
01067933
0460b313
01070433
02800913
00095a03
340021f3
01c00713
00070983
05133893
40515a33
00427863
02a7c433
03400813
00085383
00800413
00d42023
03787693
006a2533
01800413
00540023
0079f263
00852a33
00fa5863
0109c513
03000993
0009d483
340110f3
0089f263
00aa7433
03400893
01189023
04544093
00e64263
00669463
0132b6b3
00e855b3
00a722b3
03672313
0253b133
00373733
00000213
00021383
013190b3
0327e633
03677413
02ba12b3
0087b8b3
00e558b3
02400793
0007c083
002084b3
00676463
00438863
07163813
00400593
00b5a023
0057a093
02400613
00061883
401a52b3
340027f3
012455b3
02c00093
00e0a023
34002a73
00157663
03d14293
0130c8b3
00241463
00f6f433
00c00a13
000a1303
0144c933
023384b3
00800513
00055183
01281863
01000893
00688023
014722b3
02a6d633
01e56993
00d0a633
03b60a13
03542593
0289c833
01156263
0128ba33
009236b3
fe38e993
00800613
00762023
01436463
00734263
0033d933
41170a33
40220733
03627993
0103c233
40a50833
02c00813
00082783
00c12993
05323113
00868463
03252133
02981433
03400513
00055503
007811b3
028108b3
038a4313
02ea3693
00a484b3
00e5c9b3
068a3093
401453b3
02d0ca13
03387693
01287663
0329e533
0317b833
00800593
0005a083
02a3a4b3
01b16493
03000713
00a70023
02c00513
00055a03
407280b3
00221263
0259c533
340020f3
04743693
34021973
031458b3
00c00293
0002c903
0128f713
02b448b3
340912f3
03767593
04812213
00e5f663
01000793
00079a03
0296a5b3
0157c593
02d41433
001125b3
011598b3
340020f3
01400293
0102a023
0029f7b3
fec7e093
0120e333
03400593
00558023
34039573
02b29533
001662b3
00266263
03e8f193
00486233
0235c993
02a3a2b3
00370113
02400693
01469023
00b67463
0258a9b3
00b674b3
01265833
00950333
00800313
00e31023
00980263
340911f3
01400813
00081083
00b67663
0133d4b3
00346263
06b73893
02400093
00009603
0117d863
01000093
00008083
00e9e533
02000313
00035603
03183733
00c52333
02146613
01492733
41018533
013424b3
02b0a733
0225c193
00c77433
02741233
0095a633
00948813
0599a993
ff04c193
006a76b3
340490f3
00f1c233
01b0e713
01000a13
000a2803
03000493
00e49023
00257263
0233f313
023a6633
412652b3
00189a33
001a0263
02a8a9b3
05d3f693
03800693
0006c083
00377263
00d25833
01800213
00620023
027a0233
014819b3
404586b3
40235633
fe36c893
06a73793
01680913
02369633
02400893
00089683
00d79463
0071f633
40b55233
0034b8b3
fea6e813
02843293
01290933
00ba7263
00d9a633
0285a0b3
402807b3
00251263
00e1c5b3
340025f3
02e08413
05e12913
0089a3b3
0615b593
0132f463
00650093
0014b0b3
0071a893
00770863
02400893
0138a023
00a20833
00aa20b3
001909b3
03693913
01184a33
0215d0b3
00b26463
04f6a593
03827793
03c1e513
fec8f913
41075733
00f89863
0143e633
00000613
00060483
0032a5b3
02689a33
01358463
0244e1b3
00455263
01800393
0003a803
02b548b3
00f123b3
00a80333
0053e433
0065ea13
01738893
0246e333
00f37463
03f82a13
0248a633
34002673
0343b2b3
002a17b3
02b14713
34002973
0118b733
0279b513
05454313
0102e663
feb12413
00167463
00794433
02c00793
0017a023
04d77293
02400593
0005c403
030a00b3
340116f3
ff710893
05a7e513
00217263
02a537b3
340023f3
00b25133
04173613
340612f3
0469c893
02588513
054a0593
04b84113
02e8d833
02718513
fe246293
34049273
01800513
00050383
00c24263
01880413
02000a13
000a0403
03000113
00012283
04c74813
07e43913
02a26793
01800493
00048603
00c00213
00022a03
41068533
029928b3
34011373
40b387b3
05166093
0138b513
4040d333
00c00393
00539023
00d0b7b3
03400493
00f4a023
0085e233
34002a73
02c00093
00008583
025929b3
00434133
025298b3
011710b3
0012a213
03011933
00a56663
00e47263
0010e4b3
401408b3
02c0e133
017a2393
022526b3
ff06e193
05143793
340410f3
00e742b3
02d7c233
ff968313
340023f3
fe16a793
02e83713
02a13133
0037c263
ff828a13
02b5a093
0106d2b3
0414f513
04c9e393
01800513
01251023
34002373
40755833
01000293
0002a483
03f8e813
0057e663
0069b533
0055b533
01c08313
0217e433
00a47663
0504b693
00356813
010404b3
01028313
0155c193
00f17913
00e5e663
4135d233
02d465b3
02e2d533
00000213
00621023
00b62133
003932b3
01250263
00d8f7b3
02c26a13
008369b3
00353433
ff352413
00b6e3b3
02800513
00651023
02417893
01c7b913
00800093
0140a023
00800993
0009aa03
02c00293
00e2a023
00e8a3b3
027571b3
340a1673
02448513
03800993
0059a023
00221663
00d6f463
340028f3
02ba0793
fe194493
01400093
0000c803
00285463
0019e3b3
05593693
00b49a33
0123ca13
00c24313
402904b3
340021f3
fef64493
00800693
00969023
021972b3
00d4a7b3
00186463
00145633
34009a73
00d5ca13
00c31533
02626393
0265b093
0131c913
03e96793
02800393
00f38023
002383b3
05770813
02234633
4098d1b3
00800213
00020783
00400693
00869023
0449e393
00a8e463
00956a33
02400593
00759023
03800593
00a58023
007773b3
05e8b913
40768333
03a6e213
00647533
04716313
403385b3
34031273
03031833
008621b3
01094933
0215b333
04a42193
02f8b833
03800713
00c72023
00876593
401a5a33
05f4ea13
02e9f0b3
02400a13
000a2483
03800513
00350023
0192b093
0049e433
00b87133
0245f133
01472a33
00b78133
34071573
fe7a2613
02a54133
fe947913
0308c333
407287b3
00774533
03f26a13
03800393
01039023
032096b3
34089273
03000993
00399023
34002a73
00000813
00081303
00f4fa13
fef86313
00e832b3
40a85933
03b36293
0220e133
00c8a1b3
413888b3
403154b3
007895b3
40b959b3
fea2f313
00b1a833
ff68e693
340214f3
00c4f133
40175733
03800593
00059403
001777b3
03c90813
03000893
00f8a023
013977b3
407688b3
03400813
00084783
340029f3
00f73733
02f9b133
02161533
03888513
0541a313
04268693
04340593
01436533
06c53413
00400813
00882023
00946433
006980b3
00b2e463
0027f463
0116d7b3
340597f3
03133933
00a2e433
03456813
340021f3
00226133
0754b213
40c28433
05a2e093
01090633
00121333
05b7f293
0623b393
005246b3
04d17793
0133f513
0035f263
00241663
003958b3
00160633
03000793
0007d603
04b2e513
011444b3
0095b633
ff347893
00138463
0055b5b3
fe354213
00675463
05d27613
03400913
00095383
0334b893
02d525b3
00598863
01c00493
0004a203
00a0d263
40e257b3
00886263
03e70813
fec1e413
033876b3
05c44213
01344463
ff47e613
02f667b3
00639463
034593b3
40e783b3
0071b633
007621b3
01453433
00c00093
0000d783
0289c2b3
34099973
00d92593
0066f513
00387593
01141133
03000093
0000c183
002228b3
0120c263
340023f3
00a65133
00f441b3
012146b3
04d7e693
34002173
002996b3
0153a813
01c00613
00064903
0033f433
025984b3
0262c733
40d5d2b3
01694613
01465433
340025f3
0430a593
04c12513
02c00213
00025303
01c00613
00b61023
02400213
01221023
03b3e593
01134593
00800493
0004a883
01472933
00ca5833
00246833
03400813
00080103
01800693
00d68023
4022d533
00f51263
02d459b3
03800813
00082903
fe020313
01c00213
00025403
007167b3
340795f3
0056c263
05834893
01319463
0076a833
01800193
0001d083
340a15f3
00e788b3
00c462b3
00986463
05410213
0238b193
01c00793
0007c903
02158533
00e6d4b3
03400313
00731023
340411f3
03d7b413
ff05e213
00699863
02800593
00559023
01475233
03000713
00072303
04293113
00228893
0054a833
00146263
01185663
00788263
0091c193
01e74913
00400113
00015503
414355b3
00384233
34031273
01214663
00a63413
00996663
02c00a13
005a0023
00064713
340026f3
00a324b3
00f9f133
03a6e513
fe342a13
01400613
00062103
ff15f913
04388813
009222b3
340028f3
fe868393
4120d133
003246b3
00f39463
0343c433
0384b293
008a06b3
00264463
006514b3
00c29233
05a17213
00b4aa13
340021f3
0123d3b3
02c96633
007718b3
02714713
ffb74193
40e5d4b3
01010833
07393713
0042e4b3
ff43c913
0111a2b3
340213f3
ff144513
0056ca63
02800493
00849023
03000213
00025603
02e96233
02a08613
004260b3
07563093
01128a33
34002473
00a175b3
012094b3
02000913
00094403
014250b3
02627113
00636633
03b5c593
0336d3b3
00345463
006743b3
01083313
0538f813
00e86663
002935b3
0092e733
ff42c113
04184a13
01400613
00660023
340097f3
40e15a33
01083533
0113b933
0061d463
41490733
01040713
34061273
4130d0b3
0144e0b3
014213b3
01c00313
00031903
03b5e993
0045c593
02400a13
000a5503
0247f5b3
01b70593
0117e133
00d540b3
02c00113
01112023
01800213
00020383
00400093
01208023
0016c263
00b1f0b3
00400493
01449023
009139b3
0060d533
0057d263
00939933
0326f733
0167c993
02840433
0038c463
00ca38b3
ffa3a793
410180b3
0015a413
008255b3
02000413
01241023
02c00213
00d22023
01364463
02e90093
00c00913
00692023
01476933
030413b3
01c00813
01382023
033134b3
02c809b3
0096a133
00400093
0000c903
00c00893
0008d183
00814463
34002673
01b98313
00400893
0008d283
02913533
009722b3
004598b3
00220863
00000893
00689023
00a61133
01d98193
00a615b3
ff48c693
340997f3
34079a73
011a79b3
025770b3
02a3b2b3
340021f3
03800493
0004c703
34069473
0127c263
00486913
00f19933
03d58513
011644b3
40f58533
34002573
34002273
00228663
002177b3
0025d263
00618233
00983733
02c00593
0005d603
00c00593
00058383
340028f3
006717b3
00f7c463
02218a33
02a3a733
40c08733
fe137a13
00923a33
03131a33
00f749b3
0355c913
02000293
00c28023
00e883b3
40b583b3
02337a33
0276b213
02400913
00192023
34002373
0474f893
00326663
00908263
fe79c193
00d68263
05d3b813
02937913
0234c4b3
00160233
05f36293
01000993
00a99023
012290b3
04230993
02963233
01800293
01028023
01800693
01169023
409308b3
00b4f263
010887b3
02330813
00400313
00030783
004775b3
007526b3
00e520b3
4086d0b3
fea7f813
02288a13
06783413
00800a13
000a4303
410459b3
03013793
ff240393
004357b3
01075663
02742413
0492b713
01000493
00a48023
03a47193
00635a33
02f79133
34002373
02e8f6b3
401a53b3
01324463
ff1a2293
04c57213
00a56263
05f62793
02c00893
00089783
00851133
00e49933
05e46593
00c00913
00c92023
03718793
00b58433
40d109b3
0259e813
40360933
340714f3
00800193
00019783
00b99663
02731433
03258a13
02c34533
00165663
02400713
00074683
00c28263
05354113
fec37793
00a44263
002567b3
04152793
34019773
02000393
0003c603
02886633
0108f263
02c938b3
01c00413
00040103
34071273
340025f3
00c00813
00081583
02f23333
00876463
00aa09b3
00d632b3
00890233
06483613
02f208b3
00400693
01069023
34011973
00124533
fe336613
4118d133
01800613
01360023
0101e663
02c00093
0000d903
0020d333
01c30113
00c9e463
00836463
028a3893
00533a33
03487313
34009873
00e2e663
01822513
40a580b3
40aa57b3
0483b393
00f40733
03800713
00672023
4040da33
04727293
34002673
fe654613
02b67a13
00f08263
02f16233
01450193
03687613
34002273
0403e193
00c6b933
01f63813
408151b3
0136e9b3
05088193
001429b3
00276633
0131fa33
fee9c313
0119e933
401352b3
00400a13
011a0023
03000813
00082083
00511663
0074c7b3
030596b3
00f3d5b3
03000713
00770023
03156613
01034733
05654493
34041a73
00857263
01283a33
00b597b3
00e08333
02508333
00800313
00131023
011494b3
01f4ca13
01800913
00c91023
340393f3
00556463
40490533
04c77413
02293a33
01292793
ff570993
0128d6b3
0149c233
03000893
00488023
00b76233
03374713
0082f113
05a10313
00341933
00e7a4b3
00400313
00035903
06b53713
006593b3
032633b3
0076a633
ff867493
03800193
00718023
0068c7b3
002352b3
01000793
0007a803
02800693
0006a283
ff41c493
0537b293
02e8f913
0119c5b3
0232c8b3
02800093
0000a503
34079a73
0109e263
00572a33
01336833
01a9e293
05963713
02b50a33
004a7333
40f75233
ff578093
00c3f663
01c00393
0003a503
00537663
0595e793
01b63a13
340510f3
00400813
00085783
007a6993
00e36463
04453093
05977593
00635a33
340896f3
00619663
00b1a4b3
05b3c593
003661b3
04c5e193
0149b333
011790b3
07433193
00f7e5b3
00391133
02400593
00059983
01913113
00490663
02584393
fe622793
022954b3
02800593
00058603
03a1a213
03400213
00022783
02f9e333
02800713
00070403
40e20533
00d869b3
00b75263
008144b3
008113b3
01673593
0230f833
00e92133
411308b3
03000093
0000a583
340022f3
340020f3
005a6463
01197263
00b10863
ff738393
03c00913
00091883
0058a0b3
00d656b3
02c00693
00068283
00a1b533
0094e263
00d6a4b3
01000a13
00aa0023
03000693
0016a023
0614b293
032373b3
01800513
00250023
021913b3
00400813
01282023
00b62513
00f74333
0106c6b3
02282333
02a483b3
04286793
00d44313
0111b3b3
02324313
03335a33
340028f3
03000813
00e80023
02800893
00a88023
340214f3
05e93893
34002973
02727333
340024f3
00745863
03400513
00451023
00226833
02800213
00622023
0047a9b3
01c00393
0003c703
feb68493
01128663
408659b3
01ea0413
0100c663
0117c133
0043e333
02c956b3
0032a233
01280133
02e2c413
03570793
00000513
01052023
0110e663
0046b433
00e22433
01800513
00051283
00400993
00999023
340027f3
01022193
340710f3
0082a7b3
00b499b3
01c64493
03400293
00b28023
0131f263
34002373
00e08833
fe40e313
0248e533
03461733
00f9c533
00d56663
01974413
009959b3
001824b3
00d34463
02b48133
027533b3
ff33f093
03000613
00062483
04c6c713
02e3b433
01145263
00d7c893
00c00a13
011a0023
00a85463
011493b3
340094f3
0031d733
00990633
34099473
ff742193
00e58263
01000613
00260023
01493833
00aa59b3
00c2f263
340210f3
0433c793
34039373
0062b233
340022f3
00b70463
4132d433
02b56213
0139e263
02563093
00e56533
340028f3
41468533
04180213
0128e8b3
04486193
03000793
00879023
01800a13
000a4283
0053a913
02ea3313
02237193
40a8d533
40a6d1b3
02436193
0047b133
0437e493
03083533
02c00313
00034203
03400513
00052883
01000693
00969023
00a30463
07413713
02b4ba33
0109f093
032860b3
00d4d663
00e48933
40d3d533
0077e463
013083b3
340024f3
03000513
00852023
0077f663
ffb84513
00119333
007295b3
03410713
0433e313
00756633
023709b3
0120a533
01670693
0097f263
04da7213
00987933
404606b3
0030c263
340897f3
01478393
40f0d2b3
40545a33
00d965b3
0121b833
01308393
01d0e693
0137f833
340025f3
00490863
01800813
00085903
01025533
00f95733
ff95e293
fff14513
34091473
02e1d2b3
00f876b3
0037f4b3
00e9e533
34099473
01168663
01276463
00b3d463
00d36463
00b695b3
01876893
01c00713
00075303
00400593
0095a023
01417813
07d2b913
01443233
00400213
00024983
ffc62313
02000893
0008d883
01415863
05e92393
03c00413
00b42023
00336463
02d49133
02567513
0079f9b3
03966493
00816263
03e9f693
00b18933
340024f3
0356a513
01241463
04283393
ffb84493
0139d263
00400713
00670023
00c96463
40e08433
0114b433
00e296b3
003746b3
00539863
00800613
00065483
02b0b933
03400413
00041383
00190633
41495a33
00e772b3
02c00713
00075483
01800a13
014a0023
03400313
00031783
00775933
340a1773
02400493
0004a503
00000413
00045183
01800493
0004c703
40a30233
04120413
0422b993
0226e713
0140a633
0114b1b3
0056b733
00881663
0381b493
03a82093
03800493
0004d403
04b56613
00000413
00042883
fe7a7613
00f81233
01a5e093
34002673
41235333
034244b3
02400113
01212023
030096b3
00e6e393
03110833
0063f3b3
02b271b3
04986113
03400093
00a09023
05a3c313
00f60663
00885663
407786b3
007342b3
01000393
00c3a023
0094e663
00463533
0336ba13
340026f3
408781b3
03000613
00062703
0409c513
4028d833
02000413
00542023
06e13813
fee38293
00b737b3
02000093
0040a023
40578a33
00e29933
009315b3
0014b593
03000293
0042a023
00231463
00c915b3
0104f393
001784b3
004403b3
01867a13
00a716b3
00aa33b3
01400213
00921023
00800813
00081503
02800193
0001a703
0056b933
00c657b3
01922913
02c00813
00085103
00800a13
006a1023
02c5c933
ff577a13
00400813
00084203
02f893b3
40315133
0240b933
0171f993
34002873
00354a63
00c00913
00095783
03800113
00012283
01290533
01318093
01068533
0571c393
34089373
01082633
00b37263
40f550b3
02a6b8b3
029093b3
02800693
0006a583
0225f933
026608b3
0038f863
02c84513
02400293
0092a023
047a3513
00169263
01400a13
00fa2023
0043f3b3
00ca2633
01480263
00d8b1b3
0464b493
00b80413
ffa6e293
ffd1f913
01400613
00a60023
04ba3113
01392793
01c00213
00022303
4126d4b3
00325533
00d670b3
0036d933
013704b3
00470663
0034b833
34002673
00766733
010302b3
34002673
02613a13
0304a813
02620913
00d8a733
02ba0393
02c00593
00a5a023
413483b3
006a58b3
00f9f733
00a9c263
03000913
00092103
0112a7b3
0110e463
0090e6b3
fed52793
0466aa13
04098313
02000093
00d09023
00800793
0007a183
02f4f293
01c00493
0004d083
00468993
00c28093
00589263
00364933
00f9e593
0249c2b3
00000513
01052023
00888463
05c2b993
0738b993
01277263
00e43533
05b42593
01169133
00f67263
00c978b3
00836533
03d77113
00a174b3
34002773
00676463
ff14e493
00e14263
34031773
0059b533
01000213
00020203
02800413
01241023
00896663
34002a73
feda7313
40f90a33
01c00893
0008d483
00f34263
00863733
0490a193
00434a33
02386133
010584b3
05987493
0317f613
011668b3
05a98893
03264393
0072a733
0557a193
0341ea13
0052d233
fe26c693
00d4a613
fe142793
00aa1a33
03279733
00120463
007805b3
00e527b3
01456663
03400393
00b3a023
01800813
00180023
01075663
013361b3
34002173
340297f3
340022f3
006697b3
00338633
40808833
fef4e593
0252c613
03476313
01630913
340023f3
02474413
0065e3b3
00c3d433
006a37b3
05486313
fe784713
00f28463
0013b993
40c109b3
340024f3
00369463
01753293
00c4d663
005546b3
013166b3
34061a73
0338d233
40a554b3
0074a7b3
ff96e293
03800513
00055303
340027f3
014153b3
00c3c663
00e20433
031726b3
02f688b3
03800813
01280023
0249b8b3
00c16613
03400793
0007a103
003502b3
fe13f613
0142b613
009273b3
03e7e713
4022d733
0224e833
06e2b313
01e23513
413959b3
01478463
00d8c6b3
00da5263
fe554093
00497a13
0106d663
0122b0b3
00c5c413
07c13493
006151b3
0329a233
00129463
02d84593
4056d8b3
02e1c713
05327313
fed2f693
03800893
00d89023
01400193
0001d403
0338e8b3
0138ea33
03877793
00953313
00400a13
00fa0023
00c22633
05852413
0578c113
00411663
01000813
00080703
02400693
0006a683
02d951b3
340713f3
0046b7b3
0097f463
0070d263
00b81733
02400893
00b88023
34002973
010754b3
00400493
00f4a023
00ca2833
34002573
fee70993
00791533
00545263
007232b3
00575463
00f46a33
00b378b3
00ea1263
0032e333
01e9e613
00400413
00041183
03d86193
02c00493
0004d203
02c10293
340025f3
00c3ea33
34002473
34002a73
02c00313
00b32023
02000113
00010603
012640b3
0549fa13
03027933
4076d133
40445233
00927633
340029f3
01000593
00558023
00b9d263
04c1c093
00d1e6b3
02800613
00065683
0071c933
02172533
00289463
00a6c8b3
0330e513
0303b813
05c87393
05c14393
05293113
0323c333
408805b3
0139f463
340023f3
02e77793
01120533
00a9d9b3
00e69333
0107f433
00f68833
00000693
00e68023
003287b3
00973a33
00488a13
02000913
01391023
40e45333
0110d3b3
00400593
0045a023
40d558b3
00e57263
fe68e213
021205b3
01763193
02861733
ff47f713
00800193
00818023
02000793
00879023
00c5c313
41140533
05c5c893
0255a633
03878313
02330133
340022f3
02000613
00065083
0068d4b3
00966263
0028c463
340025f3
41030633
00711233
01000713
00075183
00411a33
01c00513
00054503
02000193
00019403
fe85c713
01094333
00d77663
04c4e293
00645663
04090113
007220b3
01924793
0025b693
006698b3
00a931b3
030a5a33
0089b193
feb1fa13
002089b3
0041e193
0128c663
02d782b3
ff754113
00c3e293
fe630593
40c48a33
ff342193
02467333
05d38693
ffa9f993
03800313
00031103
340518f3
023229b3
02800213
00025703
01269233
02573a13
34081673
01400a13
000a4783
01000193
00018583
340a1773
00738263
00ca0463
340022f3
06d33893
340028f3
00f85533
fe974493
02400813
00181023
01132333
40288233
40c806b3
340a18f3
00e68833
00f34a33
ff34e193
34002773
00337463
016a0713
34029573
02800113
00611023
00e084b3
00400513
00054083
0109f5b3
340023f3
00800293
00829023
fef68213
013799b3
00496263
0060a533
03400813
00084703
02800593
00d5a023
00b2f663
0542f493
ff772913
04184893
0149a2b3
02000313
00c31023
402605b3
40620433
02473a13
00fa0263
00f47393
01f4a913
002535b3
0068c193
01e9c413
01377463
00e79263
00ca4263
00173893
0124f593
06343693
00d825b3
02a1b1b3
00920a33
00f767b3
01a8a913
0313e2b3
00b18833
03800513
00051383
fed22a13
340913f3
03f10193
004501b3
0085e263
340894f3
011a13b3
07b1b213
02131133
34002273
340025f3
010773b3
02d939b3
01093813
009a7263
03400493
00048183
00c53433
02400413
00041883
004206b3
fe188893
340029f3
03472733
0267a993
00400513
00550023
03000413
00641023
02000713
00075983
34002373
011612b3
002289b3
03800a13
000a0283
0083b833
01800793
0027a023
00256233
00759863
02800413
00044a03
01064833
003882b3
00725263
011332b3
00168233
0119c5b3
05e87713
0069d463
01159463
00e85133
006888b3
00d34a63
02c00a13
00da0023
00c00413
00a42023
02d20693
06c43913
0062f513
0131d8b3
40f95733
01c00693
00069083
03400613
00060983
0341f933
01800093
0000d503
0057a7b3
01400593
00e5a023
fe860a13
00549263
0252e813
340027f3
03c8b293
01b8b713
340026f3
00a149b3
00ba2333
feb9c913
00295263
03000293
0002d983
00b23133
04d96613
03400213
00122023
00848193
0330b513
033892b3
40965433
ffb96913
01000393
0003d603
01379263
00a27663
01024463
340020f3
00a9a2b3
340a1873
340022f3
00f769b3
0059ea33
022861b3
0268b2b3
00d16663
01c00393
0003d303
00f70263
34002573
02400393
0113a023
fe398493
00784263
024148b3
02400093
0000d403
00a525b3
00d16833
0023c463
34091773
34089973
00194463
00d6fa33
0417f193
00c00413
00642023
005446b3
02a50393
40d958b3
0318aa13
00a0f333
4090d133
01800313
00b32023
0027f0b3
00868263
34009973
34002473
0776b293
40e65533
00d47833
00d8e133
01252813
00000993
0099a023
0094c663
00836463
02153133
03636793
0143d263
340596f3
00f9e733
00956463
01da0513
0048c663
0394f613
00f1d633
03b16093
07a23593
02000493
01448023
00ba1863
03000713
00172023
00836263
00d5c1b3
00400393
00938023
02400493
01249023
032961b3
00a8d833
0096f733
026903b3
00121663
0117f263
01469a33
00d84633
4043d233
03800193
0061a023
00510113
01000313
00b31023
07523293
02d6e213
0371e513
01800393
00b3a023
028083b3
340027f3
009a15b3
0066c463
0138a5b3
0102c663
0436a913
0170c293
00b93633
003763b3
404553b3
40d156b3
03b2a913
0206e913
40c1d9b3
01291263
00e68633
02162a33
fef54993
0056e663
02821433
0306e7b3
0276c233
02c00113
00412023
02fa47b3
00a2f6b3
010561b3
0090ba33
0148d1b3
00b3c733
4121d5b3
00c770b3
0456f293
0143ca63
02400313
00132023
00c00513
00351023
00748663
004155b3
05c22293
02000913
01291023
0137e133
01447863
01000393
0003a783
01389263
05098493
03000393
01439023
00b84433
03000313
00832023
034369b3
34002673
fef14793
40b0da33
02217513
03000813
00281023
403285b3
40a156b3
02169433
031557b3
34002973
0233e593
03c93393
0221fa33
34002373
00800313
00732023
02a85633
04126193
02000893
0008a803
0210aa33
02000293
00328023
340117f3
0185c393
340026f3
40880333
03e8c493
014369b3
00d178b3
34051a73
016a0293
01068293
340495f3
04a26813
02a2e533
00685a33
00000713
00072183
03000913
00091283
0218b233
0576f513
34039373
034863b3
03b0c093
03400613
00161023
00f80333
05c80913
01400793
0007a483
01800993
0009a603
fe88e993
02293233
0013d263
04183193
00480313
4108d633
408a05b3
0127e663
03f26213
002889b3
04e3c813
05150193
033196b3
009972b3
001473b3
005830b3
00d85333
01470513
01132533
00f1a4b3
0486a393
0119d263
fe94f093
03800693
0126a023
02084393
00400393
00038583
021396b3
02400313
00531023
0090a5b3
01000093
00009083
02c00313
00031983
03233a33
002653b3
340299f3
009219b3
006239b3
00118263
00a6f293
0026a5b3
fee47613
00f0b793
025692b3
00b61263
01800593
00058283
04b24293
40798433
00400093
00009103
02593133
00400193
0051a023
00400913
01390023
03c00113
00912023
340022f3
34079473
03226833
02e82513
00236593
00e88893
03031633
05b88513
02c00613
00b60023
0131c733
05990893
00874663
00680933
02449733
02597133
340020f3
02800913
00091983
025306b3
00439263
0014e463
0585c393
00147a33
34031273
00d14463
03c4f093
340815f3
03157213
0124b1b3
34002573
00c9b233
00a98433
07543693
0056f263
03366833
02496133
00ba5a63
01000393
00039783
02800393
00c38023
01f4b513
02e5e3b3
03111233
03400413
00044183
0018f4b3
05337513
02400513
00b52023
00c00813
00c82023
0108a8b3
fff90793
00190733
01800513
00050683
0073aa33
ff58e093
00000313
00030403
01c2e093
0327e0b3
00c00913
01191023
40b7d333
009583b3
00b1b3b3
02b57a33
0030b213
0312d0b3
0430aa13
00299663
00800413
00042903
00e85263
01f27113
00c66463
0395c413
02779333
02800493
0004a983
00b28233
012965b3
02c260b3
05247393
04e7b293
01000913
01390023
34002673
00b1ba13
03000413
00740023
01498663
0138d5b3
008a0463
0348e3b3
012296b3
0214f513
03432a13
40d68433
028094b3
0289b613
00400193
0001a583
03000413
00040603
00800093
00408023
40d30833
02a42693
02342a33
01000093
00408023
033586b3
028473b3
01800613
00262023
00e3c0b3
03800713
00074103
02498433
010a7463
01132833
340023f3
01c00993
0009a403
026a3193
004580b3
340190f3
00a436b3
012324b3
00691463
00227433
02e84213
03000993
0139a023
002334b3
00400993
0109a023
0040da33
0468a713
02a276b3
013190b3
02800393
00a39023
05a7e893
00000713
00370023
00469263
00400513
00f51023
40d685b3
07f33113
00995463
0465b593
00421663
03c00913
00090883
05118313
02800413
00041383
00578263
011620b3
02a61933
03877393
03800293
00029683
0212a7b3
00c00993
0009a103
340916f3
409259b3
00d55863
02e9c9b3
00400893
0008d883
00364463
00488263
fe260613
40e78433
34051973
02d5a1b3
340027f3
02400093
00b09023
01c00793
0007a703
00b58793
023161b3
01a2fa13
0267d0b3
02800713
00075183
04224913
04b22493
0045ba33
41270833
00c00213
01320023
0307c0b3
00400913
00090483
02217933
0167e413
0155c993
00b1a0b3
05d33693
340021f3
008a0263
0092c2b3
02800793
0007d583
00f685b3
40760733
010094b3
02799933
00b2e6b3
ffb54a13
010676b3
00f84663
401459b3
0301c733
340023f3
0092c5b3
03f44293
0035c3b3
00800993
00099683
ff636613
34002873
ff696513
03682713
02e6d4b3
0111d863
03000313
00035883
0520a813
0127e8b3
00e5e863
02223833
00800a13
000a5a03
4048d1b3
00a654b3
011248b3
037a2793
00e895b3
00e38233
01e46513
413988b3
fea47a13
4086d8b3
02800193
0001a503
00678133
0312e9b3
0094e533
0288f9b3
001a36b3
02787093
413406b3
0619b113
0333f133
00c00513
00051383
001189b3
00e872b3
011a3833
fff8e513
01425463
00595263
ff894493
03000293
00029483
00000613
00e62023
340025f3
01331633
04e30913
00da32b3
0106e463
00d811b3
340895f3
0135f833
0134d633
ff896293
00720213
003a09b3
029879b3
03512893
0089e113
026536b3
01800913
00892023
02e889b3
fed0a693
03800693
01369023
02e254b3
02400993
00498023
40c1d5b3
fe9a2793
0108b233
0043e863
02400593
00059283
ff79ea13
0296d333
34091973
fed46613
01122833
00f18463
03818993
03567213
0030e263
014679b3
002324b3
00846933
34002773
0051a5b3
02000993
0059a023
34002573
00868463
03b64513
0118c5b3
012184b3
0340c6b3
0402a813
02400193
00018083
34002a73
01160463
0116e533
02926913
00e947b3
00800193
00a19023
00000993
00099203
00750263
00a309b3
02800993
00f98023
014920b3
02400413
00042383
00800593
0005ca03
005795b3
01800793
0027a023
00800613
00161023
00850263
0143f333
02800093
00908023
07b6b513
00d65663
0035c933
00517133
007715b3
00e7c733
40228233
001883b3
002742b3
01800993
0009d903
01400893
0008d383
0303a113
029246b3
023a5533
00800993
00e98023
340a1173
fe986993
007745b3
00993433
00000293
00028903
0133b1b3
02c00313
00030a03
0307da33
00f47663
00146433
0248c633
406554b3
02219133
03800513
00052883
00857463
0126e4b3
00f7c463
0406a093
0080e7b3
00747633
00f5f593
0252e633
02000693
0006d103
01363093
40570233
02f11333
0509c693
34002173
00e13833
012950b3
013685b3
340027f3
00185263
030832b3
0107c533
03800393
00c38023
00b225b3
34002773
0146ea33
01800213
00220023
00511663
4047d1b3
0276a893
00699133
0165a613
05d9f213
0142d263
34002573
00f2ea33
00800693
01069023
fe868913
027475b3
05460493
00637a33
0085c3b3
00f33a33
34099873
34002573
0318b113
0474c213
01c00213
00022703
0122a0b3
00b8f733
00324233
411a05b3
00459133
02b08313
00c165b3
0081f833
01477833
40d7d333
01294463
01094863
340023f3
02000593
00f58023
02800793
0007d503
40ea5133
0638ba13
02d98a13
02654733
004378b3
00b956b3
412a09b3
34051673
34002873
0296f1b3
018a2613
ffa7c193
fe918693
00446233
0029b0b3
01400a13
000a0303
340a1a73
02ca0833
00e2f7b3
4018d933
340115f3
02010993
0136f833
00293633
01000793
0127a023
01000793
0007ca03
0090a8b3
03400493
00449023
04a90413
00e538b3
03800813
00d82023
01400493
0004c403
030128b3
00199463
01467463
0041f7b3
ff83a893
40c60333
00c00593
0005a503
40d18a33
340029f3
011692b3
00c0f333
00b65333
0104b133
340027f3
03800713
00071803
01400993
00099403
0148c463
0515b913
03025533
02c00093
00009183
0260b233
00400513
00052a03
0013d833
03400693
00069503
005120b3
34031473
01c00413
00842023
34002373
00c4c8b3
00ea5833
02960593
02800993
00098883
03584293
00771463
02311433
340029f3
0126c263
40850133
0142d7b3
02d7e713
03000793
0007a983
00c75463
012a52b3
0087a533
340024f3
0134c733
02b50233
03000393
0083a023
03b9e693
00f986b3
0143c333
00e281b3
03000193
00319023
00359263
00738263
02b2a293
02ca21b3
02c137b3
4101d0b3
feb17693
0034f433
0166a893
fee3f813
00176463
0233d133
02800693
0006a383
01400713
00075a03
0360b693
01000793
0007a183
ff594213
02000213
00020503
34002773
340093f3
0081b1b3
04f83213
0211c0b3
004446b3
34002173
034600b3
00c5d533
01c53493
0210e093
00880133
00e268b3
05f18a13
0035d463
fe822213
fe12f993
03446713
00529333
41408633
03228193
01f0b613
34021273
0530b813
0120b333
fe662213
02c2f4b3
402289b3
ff427513
34002673
00f609b3
0078e263
02800793
01178023
03046613
340022f3
05948193
00a612b3
006a68b3
01400613
00064603
00913633
00c348b3
00c00513
00e51023
34002173
0380c493
00f2a6b3
00400513
00050303
03173533
00a50463
03461433
00000113
00a12023
04d26493
03000513
00251023
00954333
34091573
01400613
00060703
340027f3
00626313
00c00413
00042083
340718f3
ff56e793
03000113
00810023
00d088b3
00a64793
00f44a33
01e46413
00a278b3
01112633
00860263
022859b3
01130633
0496b693
0144c463
04167113
00d0a633
00d172b3
0593b113
05d30193
0112c263
00195533
00f54713
0108d263
411187b3
00a9b333
00e95833
03d8f413
ff6a2413
34002173
0136c263
04a57293
fe136713
0102b9b3
4071da33
340396f3
00b6c233
0328b293
00e194b3
02943533
41048533
03400413
00040983
0346c513
021698b3
04d6e193
04a6f813
01013333
00c00893
00089803
02400393
00b38023
009215b3
00800893
00088283
01177613
03a36693
02d23793
34002273
02f65133
00517533
05434993
01400693
00969023
00c4c133
06d8b813
0132ba33
00000813
00082483
05664913
01800a13
011a2023
006320b3
40855a33
04c8c293
34061273
34069673
fef78413
00339333
00400813
00380023
0138a3b3
01000893
0008d603
0085b733
34051573
fe18a393
01400313
01232023
40f10533
00da19b3
01c00613
00064303
03326333
03400113
00010a03
34081173
0041a333
34039773
023796b3
40a751b3
00d68633
0067c263
05887793
02000413
00044383
00108593
04f93313
0014d6b3
00a8e933
0654b293
ff754113
013877b3
00e1d6b3
00400593
00058a03
00d74333
007811b3
02c00213
00c22023
05442193
340027f3
fef37193
01481663
340198f3
003343b3
fea12313
00f0f713
40ca5833
ffba6593
0036c493
00812513
fed1c193
340193f3
00363533
03713193
03400313
00035303
02c00393
0003da03
0094e663
00377463
340514f3
02317733
01464633
03000593
01158023
ff647893
01247433
007984b3
402585b3
005590b3
01199663
05446793
008a56b3
01487633
34002973
01242913
0115d833
02800313
00632023
407102b3
01066533
04037793
00a6b513
00d55133
0105c463
02fa45b3
00891833
01d4a093
02d5b333
01c00593
00058383
02839333
01000113
00012983
00062113
0192a393
051a2693
0128a633
01400513
00851023
009514b3
005210b3
05897993
340912f3
03400213
00025103
402a59b3
00958263
ffb68893
0322e333
05164a13
010274b3
03066913
06893593
00776933
02c00313
01132023
0022c1b3
340310f3
34061973
feb8f293
34002273
34059673
0016f633
00c00213
00021a03
34071873
031a6a13
01138333
4103d933
003482b3
01467663
02028993
02e1a893
02a600b3
00c84193
01000293
00428023
02740333
0279e513
02000113
00712023
02154933
03000893
00088183
40ba0a33
00776233
01c00a13
013a0023
028a04b3
340024f3
012a1663
340896f3
05e2e093
00950a13
02400313
00032583
04958813
022341b3
062a3113
01a12413
0709b293
00409463
4142d633
0318e7b3
00396833
34021673
0028f133
00800113
00a10023
02400113
01411023
340024f3
0095e2b3
0351f713
fe15f793
05b2a513
01800693
0006a903
34049873
01800413
00940023
00ca55b3
01918693
0281c813
034870b3
00800913
00591023
01427333
00a9f463
00b51a33
0063d633
00659263
01a0f993
00b970b3
02788293
01a78893
02f867b3
03273593
03626913
02400493
00049303
00c00093
00509023
00a7f263
01120233
05b1a613
00432813
340990f3
002492b3
010a0433
0103e193
0047c493
02417733
0315b933
02000913
00290023
02d0e1b3
00c00093
00c0a023
004552b3
02233833
00800513
00055503
01067663
00510263
ffa4c213
05a8b193
340028f3
0504b613
00631663
023862b3
0305e433
00687263
02800493
00c4a023
ff447393
01208263
40d90833
0794ba13
00511263
01800613
00c60023
4066d2b3
40e805b3
03800293
00028783
00329333
00d2a233
01045733
40d08833
01270663
340994f3
340319f3
412558b3
0065b1b3
40b90633
0072c263
340190f3
031201b3
40b15833
007284b3
07723713
010174b3
0265a333
01d92513
34069973
03400913
01391023
0319e913
02400413
00b42023
0256a6b3
00000113
00010283
00991263
00827463
340593f3
02c00413
00741023
340918f3
03400293
00f28023
fe33e793
032a4293
03716393
03383993
030767b3
0086b733
001864b3
01385263
00511933
0059a7b3
008a18b3
032443b3
02c00913
00b91023
ff56c593
00b09533
03268733
0057c463
413855b3
03059433
03400593
00058403
ff59a493
00b24863
03000613
00460023
4010d933
00800793
00478023
01340733
04432913
01172533
0358e513
fe577713
02800313
00f32023
00f58713
0075c663
02126113
02313633
01c00613
00060483
340023f3
34002473
00a6e893
02996233
07f73393
02c00493
00048983
0142e263
00c31633
006967b3
00c09433
00c72533
fe468a13
02150833
401756b3
01800513
00050683
00309263
4082d133
340027f3
00e98463
0147d263
011970b3
fe89f413
0028d263
01400313
00532023
340024f3
00c5d463
406a57b3
01181463
003a1133
00b3e833
0379f293
00418233
06763793
fe97a213
01800313
00330023
00b3d463
00c73433
34002473
340118f3
ff072693
03400713
00670023
ff738713
03353493
03400193
0001c083
027928b3
0362b693
ff720913
0255a633
006182b3
007a79b3
0212c513
01400293
00c2a023
340027f3
01082093
410181b3
030836b3
0231c793
00864263
0099d263
40b408b3
00000593
00059283
01195133
340027f3
0140b3b3
40225333
0052e3b3
02400493
00049a03
01b34993
04c2e513
0265b633
406609b3
05192293
014358b3
01000393
00338023
00b264b3
032511b3
01000913
00092303
00a787b3
00132613
0216b093
00400693
00069803
012a37b3
00f9f333
00f9a433
010446b3
00294263
028215b3
02800313
00031103
0092f793
34002273
00c00093
00d09023
340293f3
0022c393
340023f3
34002273
01318263
0345a9b3
01e5a713
00841263
41230633
02b439b3
0016f293
00138693
340024f3
00424263
340024f3
0127f263
40895833
005a40b3
00d54463
00f7a1b3
0540f813
00a1f4b3
40498233
01e7f293
00c3a693
04b5aa13
00a34263
00262233
01117513
00a37663
00410463
00f96463
40f0d0b3
408550b3
02715233
0239f633
03800493
00b49023
405203b3
0031a5b3
ffd48993
03400213
00622023
01070463
fe647493
0153e993
05c24513
34019a73
0070f333
00f49263
00843433
0530a613
00c00093
00009303
40b281b3
0017e263
02e139b3
03f9a813
012773b3
033a54b3
022997b3
007458b3
0041e533
00c2e9b3
013982b3
0320b793
02a8a1b3
02e2d233
01c00613
00065703
340693f3
0109e663
00c00113
00014483
340411f3
06a93513
011516b3
02243633
02631933
014575b3
03400393
01238023
340025f3
340717f3
0139b2b3
005a08b3
01209263
04b83213
01542a13
013203b3
00f74263
340020f3
ffc46193
4129d2b3
05622493
00149a33
0459b493
340496f3
00318863
02000413
00042283
02a3d3b3
01494a33
00c34663
0256e6b3
013782b3
00f51863
03800413
00040a03
0311a813
05e12413
0142b433
00000813
00d82023
00620263
02d3b333
fea58893
413158b3
00a37463
34019373
0019c6b3
00432533
34041773
00b84233
00638613
01c00713
01371023
02800213
00024383
00f1c263
02000993
01198023
00550263
00231263
0032c263
340029f3
340a1573
34002a73
0177f293
00798233
02f444b3
40f950b3
404350b3
00b35463
03a78913
0066b2b3
02433333
02c98733
0276f833
00998263
0127e6b3
0083d6b3
40d8d133
02b56793
002916b3
03294333
0043b433
00c00213
00821023
02a69933
00400593
01358023
02115233
03000613
00062283
4093d6b3
00800613
00060a03
03000193
0031a023
fe126213
01378a13
03132833
ffaa4213
03c00113
00010603
03b1a213
0020a493
0110d7b3
034835b3
02e30593
008665b3
03c54813
02a78113
001269b3
4056d9b3
02d4b4b3
0438a113
03f3f593
0260e433
0138b9b3
00388133
02f975b3
0031b833
00886533
00295463
01335133
01482113
0255a093
07863a13
340021f3
0142e1b3
0270e713
0129b3b3
00177633
00400293
01229023
02a558b3
05da6893
00e786b3
0138a1b3
05a12893
02997513
01131463
00918613
404907b3
010210b3
ff38f813
0106c6b3
00d7e263
4141d7b3
40f78233
007904b3
0247a493
01a54093
013134b3
02f8c833
0319e533
0034c933
00870263
01396533
006826b3
00594663
0066a5b3
01a23413
07a63713
03467733
02127233
03d64813
00f29663
013735b3
0124a493
00a379b3
02c7e113
00b90a33
04c76313
03326213
00b1d1b3
00c5f263
03e34613
02d4a613
00a08463
340899f3
001162b3
ff367913
0318a8b3
00e3f263
001537b3
40c98733
02d0b333
00a6d263
00c00413
00040183
02c00113
00010603
027950b3
00d945b3
02800613
01360023
013a7263
00c00a13
00fa0023
340026f3
04f42513
03000a13
000a4383
00471463
01287263
4013d9b3
07c63413
00e446b3
00137663
0108b933
02f97a33
0212c693
ff67e213
00e27813
0065c533
01c00493
0094a023
00400513
00750023
40d9d233
028488b3
0127b8b3
00c190b3
02d4f433
40a4da33
03154933
010253b3
024a6a13
00531a33
05694813
0011b5b3
0135a313
00825263
010a78b3
00c5e433
03400793
00278023
01768293
03800193
00d18023
0197f813
408754b3
34002273
fe552913
340392f3
003541b3
0113b313
02f54133
00410633
0127d263
34002973
00400a13
005a2023
03c00413
00041803
0562f113
031230b3
0090d233
fe00c193
34011573
34059973
03c00293
00e28023
02c00893
00689023
00653633
00316693
00400913
00094403
012582b3
4013d633
011706b3
340a11f3
0424b713
007147b3
04b5f113
0330e913
011146b3
01d60893
00d2d463
01169463
01117533
40f20733
00000913
00f91023
03800893
00088503
0055b4b3
0134c863
03da4893
02000393
00539023
005317b3
0298a9b3
00b27833
340021f3
00167663
00746713
05a7e993
00b2f263
03000693
0006a103
01800213
00e20023
03800593
0135a023
0128e463
001849b3
04632313
340616f3
00ea0293
0088d933
02400513
00750023
00446613
04392693
00c21333
0201a413
03800793
0007c403
01067663
04098413
02718093
04330713
0358a293
01400793
01379023
00c4f263
00a3f1b3
028338b3
05924593
014433b3
02109833
05b2b993
409284b3
01d3c093
02400113
01411023
02116333
34002773
02826133
0066d3b3
02800193
00319023
0091a1b3
0105e333
00f5f263
0535e613
07473593
03400893
0098a023
01279a33
05e4fa13
00d0f8b3
413204b3
03000793
0087a023
00851333
01000993
01498023
008893b3
ff67a693
02400313
00034103
00400693
00069603
00284863
02800413
00741023
0344a733
01486263
0240e593
411687b3
0069a1b3
04343a13
026a7893
00368133
ff92c493
01400713
00074103
40e7d1b3
00c30833
41340433
014966b3
00584463
40b58333
02400593
0125a023
01400793
00478023
02191733
01016463
006238b3
00fa7613
03c00613
00062983
02c00693
0036a023
05326493
00800793
0067a023
00d2f9b3
340214f3
03000213
00024483
00d88463
007118b3
0128ca33
0071c663
02796193
02e22593
02400593
0005a083
05e10913
00794263
0551e793
00324263
00e7d333
007569b3
02f6d3b3
02a2c7b3
00479733
00d33633
0018b633
02550193
012444b3
01479a33
00679663
fe05c913
4081d2b3
0053c663
01400093
00a08023
0108b533
340025f3
00622933
004975b3
0043e8b3
066a3613
008146b3
0041e0b3
34051673
00c120b3
00b4e893
0033f533
05d12613
00f991b3
4055d8b3
002a6263
005518b3
014950b3
0565e493
340027f3
01800613
00060803
01335233
03161733
00e2c1b3
03000793
01078023
0045f633
03a5f193
00e497b3
03f64a13
02c10633
fe13a613
41368933
00c380b3
00e38263
00c66933
00e709b3
00d97a33
01c00893
0008a203
0011c933
ff05f593
00e321b3
01000613
00960023
00c70693
00c261b3
00a764b3
00f351b3
004a2533
01d4f713
012a6263
002851b3
02e6b8b3
0101a1b3
0031f333
0272fa33
03400313
00035703
02800193
01019023
0047a233
ff2a4993
01b1a113
00383693
00581433
409754b3
01c00a13
004a0023
0213a693
00b6f8b3
02146533
0313e413
340691f3
0147e413
04b5b293
04553393
340210f3
04872113
fe186313
02b637b3
00688a33
ff79e793
00400893
00388023
34031373
02272933
00409463
00126633
40d20933
02000593
00d59023
34091573
0096a833
0133d663
022383b3
40e955b3
fe866913
0275b413
01227633
00290463
340799f3
012116b3
003563b3
0144b5b3
03800113
00811023
00d78663
00c5d1b3
41415533
4048d7b3
00d6f733
0130c4b3
00208463
ffb7c513
fe37c113
012438b3
003a76b3
02000793
0007a283
340028f3
34002473
0104c133
0401b493
00c14663
0097d263
340024f3
00c2d3b3
340516f3
00b3c193
34019673
00564533
fed4a713
05e12593
340029f3
007997b3
007220b3
00d2c8b3
ff084413
0118d833
02aa7793
ffa60413
007899b3
40138133
021589b3
34009773
03576993
00e8e463
00d1a093
006306b3
03472133
00b98463
031832b3
0562b293
340029f3
0109a1b3
00748463
00449663
00621263
0080d933
00e6a7b3
01000393
0003a903
04f33893
00c088b3
05347093
ff176393
ffe6a613
00f23933
0093a7b3
01170933
00792713
01131733
03928713
0111b3b3
00c00813
00080103
026620b3
007131b3
02400113
00a12023
0181a993
001222b3
03a53193
00c81833
033786b3
01d68113
34002273
00544663
01400093
00009603
00d807b3
34021173
4071d9b3
0126e263
00416863
006a35b3
01400513
00050883
01c42793
340027f3
02d29333
340110f3
00d68733
40b2d3b3
001a3213
0210d2b3
ff4a4113
03f0e193
00000813
00082483
02f71a33
001083b3
01268633
34002173
033426b3
04fa3813
ff53e393
02e42193
34021673
00a77733
00a9f633
05860713
34002673
fe65f493
0054aa33
ffa2c913
00d448b3
01e0a513
00800113
00510023
0079a333
fee4e093
0036c263
01228233
fe617113
00c00213
00720023
01000113
01411023
01c00813
00781023
00b33233
02c76893
01000393
00f38023
0040e533
02073113
00c3e0b3
00423913
03d5f813
00d56913
34089973
00800713
00074103
05f4e893
001998b3
0058d2b3
01400893
0018a023
02400413
00041083
002824b3
340024f3
07d6b113
0037c6b3
0139f233
012714b3
0031b093
40388833
00344633
0217c533
007975b3
0265ea33
00c74533
010128b3
01485263
01c00813
01182023
0023e233
0273d8b3
00f15733
04546293
001632b3
01072493
0121b0b3
00800593
00158023
03088333
00354663
00000613
00061503
ffca0793
00b5e533
03400313
01432023
01397463
02d6c633
0246a533
02c00293
01128023
02000813
00080183
03400893
0008c403
00a88933
01395663
00800513
00054683
40545433
ff60c813
01800413
00d42023
00a2f833
01354263
031371b3
0059e263
00f0d263
ffa76513
0118d263
02b274b3
40895333
0030d5b3
00510a33
033923b3
02000693
0006d783
004882b3
05060193
01495633
019a4793
34002473
0403f893
340023f3
340612f3
01c00513
00f52023
00f272b3
0240b733
02800913
00092883
34002473
00a6d263
03000413
00041a03
00494133
02a27593
01267233
01224833
0086d633
0044b2b3
340025f3
02669133
03000393
0033a023
01428633
01488833
00117233
0289aa33
04810313
00800393
00038983
00077613
00536463
00a523b3
00000893
0008da03
34041873
01164613
00000893
00989023
34002273
03800a13
009a1023
402503b3
01892713
0069f3b3
0313b813
00819663
02523633
00723a33
00b44633
005171b3
0315f413
406a5a33
fe078493
004887b3
4062d933
34002773
03000913
00b92023
03479233
00a1a5b3
034482b3
340615f3
fee72413
00800893
0008d283
01800793
0007a403
0048c333
008355b3
ff00a793
00c00713
00074583
feb70913
40d8d4b3
00e28a33
0076c4b3
40c08433
340025f3
0090c2b3
00667a33
340025f3
340027f3
00c2c933
003224b3
0261c633
01800993
0009a883
02400393
00438023
00ba1463
04d80193
00f76533
00d22293
0334d633
ffa2f093
02f9d0b3
006920b3
02f69133
411a55b3
00650613
34031173
033a2333
0299e913
02443993
05d48713
0014c263
01400693
0016a023
02876413
003912b3
00d1f463
02943733
00156263
01276663
0104f463
00d7a533
00981533
40165833
00328463
01353893
03000313
00030883
04a90613
0529b413
05a5e093
0125a9b3
02b94693
00400a13
000a2083
40d58333
0555b993
01800293
01028023
340898f3
00d4e663
02000913
00095103
00f4f733
0250d633
0241e933
fe26f913
01800513
00051983
00000613
00061703
00c1f433
00c00a13
000a0083
00696a63
03400993
00099103
02800413
00042103
030366b3
ff718a13
02d26833
34002373
011754b3
0022c263
01234733
01400313
00030803
fec87113
0293b913
340993f3
02800693
00f68023
00000693
0006a203
ff596913
0125b8b3
0368b813
40830833
40445933
00e517b3
07223893
00a17863
0165c493
02000513
00650023
00400393
00038883
02d3a4b3
01000113
01012023
03584293
021789b3
03998413
00a8c263
340021f3
0079e263
00808113
022222b3
ffb0e193
00b316b3
06323493
02400893
00188023
01c92793
00b6e263
01800893
00188023
02c082b3
02f42713
ff29a493
0234d733
0356b293
03800213
00420023
0137f4b3
012427b3
0111da33
00449663
01800293
01228023
0015f693
02c00293
0002d283
007164b3
00b50263
fea94393
340515f3
05c46993
0063a213
026544b3
0270b093
03400313
00032103
03d2c913
fef14893
34002473
0030f463
001918b3
01400413
00340023
ffb20893
00e8a613
00426833
00b60263
008a72b3
02783393
02400213
00025583
01f98613
0245e1b3
00596863
02400213
00024383
004853b3
028639b3
0114f463
026a55b3
005583b3
00888813
04c48713
340495f3
04b3c693
fee94213
40c78933
00f3d233
00a6ea33
00e86533
004869b3
40d18733
00b0e3b3
00e71633
034a46b3
0043f463
ff22a913
0114f463
004109b3
00400393
0003d103
00b2c833
fef5a593
0100c263
01071863
0238a333
01c00393
01239023
03277193
02b91733
340695f3
00c00793
00a78023
02356333
00000113
00014103
00f4c8b3
00c00893
0008c103
00448863
02000513
00652023
00610663
01000193
01318023
03a1f793
00495463
0060ba33
0098d733
340197f3
fe710393
00c3c3b3
0047a333
02188413
01258263
006856b3
02116633
01c00713
01070023
0611b293
00649263
0370c493
05873413
03400793
00079603
00223533
0090a233
00d892b3
00c46663
340022f3
40f8d933
00b2d633
00b25833
00b0f133
0131d633
012647b3
04b5ca13
02884733
fe108093
340a1373
00656463
012983b3
0337a8b3
0480e313
00a8e663
0328a0b3
ffc14493
0101f713
01287663
00e84463
02350913
02400213
00025183
34089173
00728433
340029f3
40845333
03e3b213
00070293
00d90663
fe076113
0371f793
340115f3
026861b3
0144e463
00f3c233
03c00313
00035703
409582b3
011911b3
00546263
0014f463
0020d8b3
01c00193
0001d883
0249d733
01367633
01400393
0003a303
053a7313
05733813
03800593
0145a023
00b58463
0242b6b3
00c00413
00045483
00e4d863
413352b3
01800513
00b52023
04a1b713
032487b3
34031773
00914663
01c00613
01360023
02e1f913
0250e513
01800893
00089483
007570b3
0100d433
fff12893
0123f863
00c00313
00e31023
ff23f793
0109b5b3
ff820793
00e20833
00285863
00b1d263
02c00413
00041083
011807b3
02330413
03c94913
00863533
0122b6b3
0067b733
4012d533
00477463
0082c463
34002873
40e38533
ff916293
ff792613
00080413
340117f3
01800a13
000a1383
01c00613
00065203
0074a493
0372c713
0022e663
340992f3
0134c613
0081c2b3
34071773
0115c463
40b7d633
40c10633
03800813
00d81023
03000313
00035403
00800693
0006d783
4038d133
03800913
00592023
40b30633
04f47a13
00b99333
0015d263
34019a73
02892333
0078d6b3
00800593
0005c103
0272e393
03c00693
0006c183
340021f3
0101d263
01269663
00b56633
0034f533
40f7d633
00c00113
00e11023
037a6313
4128d5b3
00245463
00b6c663
02423893
00c6f633
0054f333
02287433
00425233
4056d133
03318433
402300b3
412681b3
0087e663
340699f3
02268a13
02c885b3
0360b493
34002573
00800293
0002d583
00400493
0004d203
00400713
00072403
00b8e663
41420433
00a80733
02348333
01400193
00018103
412754b3
01179463
00428263
053a6513
00a3c463
02779633
00d0f833
00e4d663
00400593
0005aa03
40e0d233
00d3b0b3
009427b3
340415f3
01339263
0045c133
0100f933
00c00813
00a81023
00a81933
34081273
40fa08b3
0042f833
0093e2b3
00000213
00921023
34059173
0097e2b3
00114633
01000213
01122023
05767393
34002a73
40480333
03842313
01c00713
00072983
40715133
414458b3
00000293
00b28023
414886b3
00e38733
0141e133
01800193
0001a983
03a73193
406a58b3
34002673
05c26793
34002273
340025f3
05c98413
004561b3
340a1873
0115d533
01283913
04377493
03400513
00051983
002421b3
00d39133
0264e513
009a19b3
00494263
02c00193
00019983
00f1e463
04b0a593
00e931b3
05c78513
00856663
ff564813
00728493
00fa2533
00e150b3
02800713
00075103
00658833
340026f3
02b2a133
02c20233
00f768b3
00b47263
00468333
0119e263
03151233
34002673
01051463
00f5f463
fe087613
00426263
403684b3
03400313
00930023
01800413
00c41023
010173b3
02735333
04952313
00438263
003781b3
40f956b3
00e866b3
34002373
02268093
340020f3
008081b3
00000313
01130023
02898933
01b34293
01494233
00649263
006162b3
02000993
0009a883
00f9c433
02c00313
01431023
027665b3
feb18393
0144c9b3
01400713
00074203
009a5333
0324e793
02660093
00000813
00882023
41295733
0047e263
02717333
031a1633
ff044793
fe87a993
00258263
01c00613
00d61023
03400113
00012703
340710f3
00814993
004344b3
01000713
00971023
027885b3
ff168193
03800713
00a70023
00469263
00e46493
0092d133
01031663
00a94863
0043c133
03800a13
003a0023
00289533
024335b3
00f7c263
03800693
00969023
00c8c263
0265c093
fe332413
02800793
0007c703
0038f413
0053c333
00f2d233
05a4b113
407209b3
00c00793
0007c803
0215e5b3
0387c613
fe864793
07183193
00a3e663
0052b3b3
01223533
00708133
40d254b3
0561f893
00a98463
00f96463
0072f263
01800493
00c4a023
0016ba33
0226e993
0012a793
04967493
00c71433
340023f3
0166b093
02d4c233
01087433
00b33813
02494413
0608b093
012433b3
40e983b3
340816f3
013a5263
ffb22793
ff620993
00400593
0055a023
01059633
02c281b3
03800093
0000a803
03000793
01079023
01748613
0099a133
00a6e263
02c356b3
340023f3
01c0f613
0066b593
004629b3
0087a533
02d80433
0347aa33
00746663
001108b3
00357663
411557b3
40425533
0010e833
01160493
0132c913
40830a33
04064113
34002173
00b826b3
ff08a713
00e84233
02817913
00e33293
02000913
00892023
00c24863
02800413
00040183
00608993
00e39263
340021f3
0055e5b3
002718b3
043a7a13
00000a13
002a2023
34039173
34041773
02e643b3
34061873
02000713
00571023
03b74793
02000213
01120023
02c00713
00075803
04934793
01b8c413
00e91863
03c00393
00439023
0022d5b3
04763593
02c879b3
00d84633
04f73393
01882593
00400213
00722023
02400793
00e78023
ffe66613
00764933
00277a33
03d46413
00b47263
01430263
00e8e263
0111b533
00f0f533
00d0e933
02c00813
00081203
fe32f793
ff594693
0147c463
fe83e513
02846613
34002773
03000893
00088483
0053d8b3
00e1c7b3
00c4e263
34039273
01051663
02146813
01171733
fe33c393
014463b3
ff727793
fe06f393
0237f433
010309b3
021090b3
02e6d9b3
340021f3
00822913
0592b993
024914b3
00394a33
026929b3
0107aa33
00b20263
0124e463
00c13133
0593b193
0056d9b3
00870533
40435133
40d750b3
00961663
05947313
00979263
41018633
02a2b913
00448613
0092e593
00778663
00628463
0219f9b3
00e25463
00e4e733
02348933
00c51633
00c4d263
03000a13
00ea1023
340998f3
02368933
0030a2b3
0295a7b3
0050ca33
0041a113
0086c263
006802b3
fec47993
0035c463
0315d3b3
00b5e0b3
01800893
01089023
01352413
4021d933
340192f3
00638463
4103d6b3
03392493
ffa28693
0219c213
01922693
01464263
34002873
02f59633
0038f463
07543a13
00800413
00141023
01c00893
0008a403
00e99663
009809b3
00577933
01111a63
01000613
00064603
03400093
0000d383
02c46213
fe27e713
01b60193
00c52313
0087c263
013390b3
06523213
407251b3
00b50633
01034263
02262113
01360693
0480b213
00562a33
05c40993
00ba4a33
00f7e833
03000493
00048403
00e4b3b3
02c0e7b3
034730b3
06a43493
04d26613
0125e633
0068f3b3
0321c4b3
03400593
00359023
340029f3
02aa3593
340799f3
340029f3
01000993
0069a023
0136a993
412909b3
01000113
01111023
01c1c993
023a0233
00b4c0b3
03400593
0005c283
000a4393
00730463
fe50e313
402986b3
340218f3
00c6c263
34002273
fef4a913
021772b3
007164b3
0139a733
00964533
00f495b3
01984613
00d1d463
0246c733
04ea0393
00485463
34071473
03e70213
02608333
0091a9b3
0029d9b3
340022f3
01291663
00962a33
340596f3
07e23613
402481b3
40e28933
05f77213
001a6113
01400093
00409023
0407e113
0066e2b3
00b8c8b3
03800613
00861023
0129f263
00ca4933
01460433
01369233
033a40b3
00811263
0073d833
4029d9b3
00400093
0000c083
03000493
00049783
009569b3
00c557b3
02c00813
00085983
00c81933
0140d7b3
013899b3
013767b3
02000793
0007c583
02732413
00930333
34061a73
0301c433
01800393
00038583
0297e133
0017d633
00c00313
00732023
0114c333
0074c233
010416b3
0012e2b3
02c830b3
00e65933
06a2b593
00327293
04e2e193
ff737293
340715f3
34061a73
032526b3
ffa1c393
0120e5b3
0109e2b3
00800593
0005c403
34099773
00395263
00a87733
02118a33
01800513
00052983
fe374513
00d90433
02f42393
00d88663
4078d6b3
0161f493
01000493
0004a883
ff717113
02400093
00009883
00c00813
00180023
00c00213
00022183
0143c263
0144c433
0146aa33
0106e233
0122c9b3
340914f3
00c60863
01159a33
00c00513
00050383
004a1663
02a180b3
05b9b693
01800593
0005a283
0041b4b3
0111d133
01120433
008a7433
0016c463
0725b693
01400693
01469023
00264833
40e60133
002516b3
02c00813
00e80023
02e4e2b3
0133a333
01128113
00642493
34089273
00e1f933
03800113
00410023
00537793
00556133
34002473
00160a33
01800613
00260023
34002973
011581b3
fe16a713
00400693
0056a023
40a6d5b3
02d316b3
00311463
008485b3
02866633
40250433
031a3233
00a34463
04c22293
0346f493
02587733
05158a13
fee7a893
0543e793
0106e463
04f5b613
40d909b3
00e667b3
0141f1b3
009331b3
01800113
00010403
06443793
00e5c2b3
02400393
00838023
03400293
00e2a023
411805b3
0018d463
00569333
0131f413
00060793
031772b3
00c00393
0003c403
02d808b3
ffe5c613
4013d4b3
05b8a213
0047e263
034163b3
01108533
fe950693
00400093
0000a503
00b8e663
00800513
00751023
04b73513
340692f3
fe89e893
00c00613
00f61023
02e72513
03083733
02b4f5b3
009a2213
02b213b3
0072d663
0086d263
0345f8b3
fe19f193
00f7e263
0269f213
027174b3
006693b3
02595333
40448133
029811b3
0086c263
02d0c4b3
02e0d933
340a17f3
34002973
0380b913
00400413
00941023
0010e463
01180893
0384c513
340591f3
05b57113
40660833
00799233
fe998213
00855333
403506b3
34002273
00e913b3
014138b3
34029373
01079663
03800293
00c29023
04d9c513
02c25233
02000893
00c8a023
00585463
00e7f263
013683b3
40d105b3
00800993
00d99023
03784513
02487533
401685b3
00800393
01139023
0041c463
340a1873
fe3a2193
34021a73
0225a113
01d2a693
00c24533
02720713
01e28993
340719f3
009a6913
01466863
00f90663
01400213
00022883
34061873
40e80333
02734213
0130c463
0225c0b3
02266233
03340933
02400713
00072703
00987663
001504b3
02f15433
34041773
00a727b3
0018d263
0016e863
0158c793
00000893
00089a03
00e3d7b3
4035d2b3
00754663
0055e333
00e90463
013934b3
0121c4b3
0542f193
41125233
340295f3
0334f3b3
0035e463
40f105b3
01c00593
00c58023
4088d9b3
0042a0b3
027937b3
340021f3
340418f3
0089f8b3
0016e263
ff768713
340023f3
00c44463
00b58263
00927313
00400893
01188023
029480b3
028415b3
003a1263
07f4b113
0229a333
0093d9b3
02f7f413
01116263
ffc10913
03800893
00f89023
0014c6b3
ff34f613
009130b3
0094a093
00d37433
037a0113
00b097b3
01c00793
0007a403
00800693
0136a023
00488463
01098813
00540733
34009473
01800113
00210023
0749ba13
ff31c893
0051f263
03800393
0003d703
02800913
01492023
340395f3
00364263
02400593
0005c603
01400993
00098503
03c82993
00f7c8b3
0582e293
00000a13
012a1023
0055d463
05692613
010507b3
032990b3
ffd64213
01400793
00379023
00a76133
0318a233
00e21733
00c00113
01310023
0361e993
34002873
01272833
340416f3
01f72213
007959b3
004106b3
fe15e293
0036b933
03400413
00045583
02467833
01000213
00621023
02000493
00048503
00477933
40b68233
fea9e713
403300b3
02691133
ff68c513
34009a73
00b64533
02a70933
00a46093
05584793
00400193
0111a023
02800993
00d9a023
00c2a633
340021f3
340029f3
01447333
00ba1a33
00f14663
04e0e113
00936133
403256b3
00400713
00075503
340026f3
40948433
00e216b3
34002573
0272d4b3
00b56393
012941b3
010613b3
02f57993
340023f3
00400413
00f42023
0491f513
40e5d1b3
02000513
00054503
00400313
00034683
01c00613
00061103
03a4b393
01389263
00f4c713
0656b193
0362f393
01246a33
0079e1b3
04713193
0100d8b3
00d7f833
0130c0b3
00400393
01038023
03400413
00542023
05147913
01400613
00064383
02000893
0008c883
0091b833
0065d133
02000293
0032a023
0072c863
02800113
00e10023
00e90813
0528c193
02800a13
000a0883
00400713
00074183
00780263
0056e233
00d21233
05d34993
00229633
011190b3
401656b3
01441463
01437463
0246a6b3
02b177b3
fff6c193
340515f3
0067f233
34002173
340418f3
4026d233
03144933
ff71e293
03410933
340026f3
0056e663
011491b3
0005a913
40270933
00764463
02e60533
401a05b3
00526513
ff010893
01400313
00035503
00b47733
00c18133
00400693
00c6a023
0131ca63
03800813
00882023
02000193
00018803
ff776a13
02400293
00028183
34002373
004493b3
05c78293
02a896b3
05d2b713
03400313
00031703
02e91633
340714f3
01250433
00597693
ff688613
00775463
057a7813
01c00513
00051983
0016e233
005578b3
ff06e513
40d40433
fe167693
0096f5b3
01c00493
0064a023
03800313
00431023
40838133
00d09663
03351333
410952b3
40d95733
00ba35b3
0287e433
ff08f913
01000693
0036a023
0318c233
00d7e133
0046e263
01045833
00419663
00647663
002527b3
03056a13
00e5a713
0013f0b3
0132d663
00f79463
01280263
0133f1b3
03000113
00015303
006989b3
00b637b3
0701b213
0570f913
00c970b3
01d42393
00b20663
4146d2b3
00e2b933
0128e813
01400113
01312023
00b87893
02292693
0029c263
01f0fa13
025107b3
0045f9b3
41145a33
0139f633
0095e933
40a80933
004a53b3
02a98133
340020f3
007516b3
01000513
00052783
03473433
00d091b3
0223b193
03400913
01390023
0087f263
0027f9b3
00e2f8b3
04253513
01000813
00e81023
00ca7263
0235c693
00a734b3
00234813
00c37463
00d13333
0255c2b3
00f368b3
00c00293
00028403
0110c3b3
0023e863
340311f3
01400613
00060583
340211f3
34002173
00d49463
0036c463
01063933
006122b3
00b8b333
ff79a993
0125d463
031452b3
feb80913
03f92593
0105f4b3
01000993
0009d803
01c00a13
000a5183
00a473b3
01b2f713
04a4e813
0121d8b3
0370b593
0088c633
011688b3
406782b3
02161733
007a6463
fe29f813
03800793
00079503
02842813
025a4693
03a4b413
00f2c333
00d714b3
01000893
0008d383
005298b3
05b5a693
0306f933
010198b3
01c00a13
00fa0023
00f77463
340029f3
00000293
00429023
0088ca33
00e14993
34041673
03400613
00065283
34002773
012936b3
01c00713
01072023
0502e913
00b64733
03400193
0001a603
024712b3
0072c313
00c8ea13
011a1463
00d98293
00998233
00fa5433
010083b3
340023f3
028653b3
02c0e633
003809b3
0244c6b3
0275f6b3
34002a73
34002973
00973433
40e757b3
009698b3
34002673
05242613
00b6d6b3
0017b8b3
40765233
0102f3b3
00427663
07613893
013991b3
34002373
00a23a33
025a0913
006516b3
00d2d833
01400993
0139a023
0046e263
340993f3
0041d263
00d654b3
00575663
00e33413
05d88793
0064d3b3
00674a33
00400613
00065503
00f78263
0108c7b3
340028f3
00456893
01c88213
0191c993
01455463
00746463
34002573
03000313
01332023
01c9b413
0286a2b3
ffd14493
00380663
03c73593
0235c913
0115b8b3
00860833
0665b293
00e312b3
00b3ca33
340610f3
00399463
40a909b3
02c00813
00080183
014327b3
00e9b433
01020463
05222793
014204b3
40d154b3
00498463
0040c263
02da18b3
402180b3
03b10793
0399e693
00c00693
0126a023
00400113
00410023
4084d633
340392f3
0069f6b3
34041673
00a9f9b3
0044a133
01636393
009185b3
40b950b3
065a3893
403a04b3
01098663
02860533
34002a73
02400413
00044603
00c5d9b3
0101d8b3
02497313
40e98733
00400413
00f41023
04d90513
34041473
0278a433
01f5f993
03000493
00849023
00e245b3
0086b5b3
02a391b3
02b500b3
01443713
fe542693
ffb78513
00698263
34002773
ff030393
02000393
0003a083
02e8e1b3
00b4c733
02663993
00220463
00b71533
02f527b3
02890433
032891b3
0273aa33
03800313
00731023
0311b513
05362913
00b091b3
340494f3
00f50463
00164a33
003531b3
0131e1b3
00c00813
00781023
feb48593
340020f3
00c6c633
01499263
40fa55b3
00000493
01149023
fed27513
fe01f213
04036313
0205b993
406505b3
02c5f4b3
0117f663
01c00293
0002c603
0144c3b3
02c77093
0464c913
030556b3
001738b3
0499c793
34002a73
340021f3
025082b3
00b36463
340024f3
ff13f293
03750a13
03394233
00ba0133
011256b3
408a5733
34002273
05f2e813
014703b3
02482533
04556093
00222713
412552b3
00ca71b3
40d2d3b3
01b1e693
007115b3
0078c663
0056c433
ff98c513
0482b093
0187c093
006138b3
03552413
004761b3
04c42113
0289d3b3
00a89263
04d72993
00d96463
025a49b3
01148593
00a64933
02322933
03800393
00d38023
4087d633
409780b3
0764b893
40e5d833
ff548393
00c6c2b3
00644463
02d6f6b3
34039573
02400793
00078083
02b1f133
0040e663
0101a633
02a51733
402983b3
4119d6b3
ffe57a13
02c00193
0021a023
00d70463
032a24b3
0704b813
033701b3
0029e9b3
0486fa13
01319463
024118b3
0252f7b3
fe45a793
00656793
02c00613
01161023
0538f213
0414c113
00759663
340029f3
028a4a33
00709463
00e7f263
407384b3
00836833
006a58b3
02a768b3
013253b3
047a3093
02747333
0070f263
01038613
00d5b233
00800313
00430023
340511f3
02800093
00d0a023
feb4fa13
02800713
00471023
00e46113
0313f713
0142e533
00c00813
00085583
00c429b3
00962533
03000493
00048083
01400793
0047a023
00276633
0290c133
03e67193
026280b3
02b5f8b3
02800493
0004a383
0070f863
00800993
00099a03
02753233
34002573
06a4b213
00722a33
0131d863
01800713
01171023
34091573
00c08463
02c48a33
026425b3
007555b3
0243f733
34002873
02639133
02e1b6b3
00400713
00072a03
01172733
40375933
03000613
01461023
00a1b433
340028f3
01800393
00038983
0491e893
03070833
00800493
00049703
0091b0b3
01d37993
00ba77b3
02000093
0120a023
00f41463
05b1e793
00000213
00821023
01279663
34059a73
0286a893
02661133
03000593
01459023
005501b3
00f3f863
02c00913
00a92023
34002273
025270b3
00768463
0108d463
404852b3
00736633
01400413
00044403
05b53713
00a24a33
01c00993
0119a023
009449b3
0088d333
ffa7f613
00c59263
02000813
00e82023
0096d263
ffa57913
0076f913
03800913
00b91023
00c744b3
00e470b3
00a6e2b3
02800393
00038303
00400593
01458023
028172b3
0497b613
01400113
00014583
4108d133
0258f9b3
00f4f493
01159263
014111b3
00b526b3
0098f663
00257663
03a54113
0286e493
340a17f3
0259ca13
00828833
0040c993
0020d663
01ca6713
40855233
00608263
05e8f493
00f84733
410309b3
0594a813
0122fa33
05c80993
0508a213
00c00593
0125a023
0111f9b3
00d0e713
340a19f3
00d35233
00e68333
00c706b3
06643193
00615263
00814233
0041d463
01379933
01800713
00074103
00c5d463
340519f3
0133b633
04d92893
340218f3
0040d263
05e68693
02764213
01220093
02f4ea13
0082d0b3
00c592b3
fed60293
01400813
00084783
00000693
00569023
fef56413
01433633
00185463
340029f3
005a5263
00265663
34021173
01148263
00127633
02400913
00092883
01400893
00088083
01283093
03800893
01489023
00fa2333
02b95933
02283513
01000793
0037a023
03b4f993
0300b3b3
0092f633
00aa5333
340890f3
05243193
013107b3
02a8c233
0110f893
011563b3
0084e3b3
4061d9b3
fff5c913
00d27463
03e83513
02a353b3
03369333
01000513
00055703
0070a4b3
34002673
03000693
01168023
00427663
00d8e433
fee2a093
01298713
0084f193
00400593
00259023
00400393
00338023
00c00613
00060a03
031a18b3
00361233
0085d533
02c4b413
03400713
00075083
41040433
01c38413
0149ca33
0167a813
00971633
00d87093
0325b193
01e47793
01310913
04433893
41020333
340195f3
00800213
00021803
02d66933
04817793
0125e463
40c55933
00569463
01267133
0340d933
0210b8b3
01000793
00c7a023
01218533
0073c393
02c00813
00080903
00e1b733
02c92433
01467263
0146c3b3
0046d663
011a6133
00aa7263
02a3e413
03800693
0006a103
01e7b413
00f475b3
340993f3
013261b3
001188b3
ffc88593
06383713
0118d6b3
0244a3b3
00876263
34011a73
00800293
00028a03
010190b3
00963633
01c00413
00040103
014646b3
03400913
00192023
00348a33
00400913
01191023
01399463
04c98413
03400313
00031183
02547233
02c00293
00d2a023
00930663
04736693
01276263
010737b3
00400093
0020a023
0073c663
01036333
02214633
031930b3
00c256b3
00836533
05d0e193
02400993
0009c183
05777513
4140d733
013343b3
0081c4b3
02c00093
00009a03
340519f3
02800593
00058283
fe09e493
40d1d7b3
05a70313
01e7a613
0033d133
010121b3
01460733
02400693
0116a023
03000713
00470023
00451333
0017f793
0050c7b3
ff9a2593
340028f3
01136333
01097a33
008761b3
fe8a0993
340029f3
00d4b933
340099f3
00355263
02170533
00309263
00d4a2b3
00000593
0005a983
40185733
00c957b3
01287393
340025f3
01000213
00020103
01f38513
02c57113
01161933
0305b8b3
03667993
00b0d663
34019573
4050d833
01c00213
01422023
03b54393
00288333
00d2d663
340023f3
00c76193
01346263
00c00893
0008c283
00229463
00b94663
00f2c633
40b483b3
03c37193
00b7f863
340027f3
01000693
00c6a023
02273793
00c57263
01400a13
00ca1023
02717833
ff590393
41080833
4041d6b3
013664b3
340025f3
03418933
41175333
04772913
00389263
00135733
05140293
ff567813
00f5f463
ff66f313
04560293
40e7d9b3
07483393
0085e463
024634b3
01391463
04624593
022447b3
40c1d2b3
02638693
02b777b3
079a3113
40b5d2b3
00c8f263
02f7b393
030a52b3
05d3a313
003670b3
01800613
00064383
03800893
00088103
012401b3
feb30993
02e83a33
01460663
03b97793
fe380413
00800913
00095083
01400613
00b60023
006367b3
00229463
00151233
0286e493
01080263
02b39733
00321263
0091b113
0089a113
03933293
05c54313
340023f3
004a5a33
ff222113
00942493
fef92613
0212a733
0141a7b3
02a87093
03d76813
34099373
051a6593
00c00793
01078023
05a8f413
03400993
0049a023
00885663
00c868b3
ffc32713
00c00113
00015883
03330833
00e0e2b3
0020c313
0248b533
04123393
02e3a493
010453b3
00c3d233
0060b333
fec17613
03000693
0076a023
022960b3
007958b3
03648113
00b4d733
0104ba33
0222c9b3
02fa4793
01143493
031701b3
0032f663
0061d263
0584f393
0104e5b3
0066f693
00ca7463
02b69333
ff852413
00b696b3
01177a13
00778533
01078263
03d60193
00000893
0078a023
048a2893
01344913
fe70a793
0057c4b3
01d87313
0482a293
0046a633
0018e813
01267263
411804b3
00c38663
00e46a33
fe926693
00899233
0063c663
340218f3
40c750b3
04c37113
0484c693
02c00493
00048583
02923713
00800413
00c42023
02e1b1b3
0028d463
00a4c1b3
00878433
05f4c393
02b206b3
01464663
024328b3
07913093
02800313
00034483
ff224413
40b101b3
00a525b3
00c00113
00010a03
008779b3
00e172b3
00b2f663
00400593
0145a023
003a7463
340021f3
02539933
0052a0b3
00979663
0263c833
00b68663
01400513
00151023
010134b3
ff646113
004a71b3
0290f5b3
feea6593
012911b3
02598093
00d3f833
00000293
0002c283
02a984b3
34002573
00e43533
40f80433
01000093
01009023
00c4c833
02400293
00b28023
01c00913
00192023
340027f3
02470433
0310a613
03800893
00089483
0470e813
03f90313
02230533
00e71663
0070d2b3
02a4b0b3
4049d633
01c00993
00098783
41390233
ff890613
0482f213
02733413
00220693
0008a693
05117693
04820393
0100c733
02800693
0056a023
00f75533
0266d3b3
01400393
00b3a023
340490f3
00400393
0003a983
0082a3b3
00878633
0127b333
014198b3
019a3593
00467133
410752b3
0039c6b3
03377a13
02c00513
00052703
07333293
01154663
0223b193
34099473
028a24b3
02d712b3
0026d7b3
01000513
00351023
03590913
00554263
02830a33
030438b3
00e4c693
34039173
fe88a113
02d5b233
00ea1833
0193e213
00126463
03362413
405806b3
01400393
0003d883
0217a133
02f5c2b3
01800513
00852023
02800813
00081803
0117f233
0229b4b3
05f90513
0331c333
00c61263
03400293
00b29023
00e7f263
03c00593
00058103
408901b3
0057e933
fec28313
0304a1b3
02d5c733
01370533
0020a433
34079173
00000893
0008c583
001a7263
00e7b8b3
340024f3
00555833
00b6c263
00414933
0299f093
004141b3
03040593
0264a9b3
0275b293
0419ca13
00528233
403900b3
ff556413
00000a13
000a2103
02a8a233
03800893
00988023
01586793
00ca4613
03d08293
01c00293
0002a583
0144b633
02e57a33
ffa2c413
ff58f593
01331463
00c64333
02516833
02f89a33
03000793
0007a103
02395133
012939b3
01419663
fff22913
01114263
00f6c7b3
0547f693
008970b3
34002973
00894133
00d450b3
03800993
0009c083
02000813
01482023
00215263
02114933
0091f3b3
03400493
0004d803
0267a5b3
01c00893
00089883
00e4d833
02186a33
03800513
00051083
04650713
00b94533
01c00493
00049783
03260793
00450913
00400593
00758023
02928793
01050263
0121d633
340024f3
04473213
01000813
00080083
02f72533
406906b3
010575b3
40748833
03800693
0006c383
03400393
0003d303
340022f3
408254b3
00c00413
00242023
01c98713
00a34263
07ca3113
01800913
00090203
0126f193
00166263
00548a33
02800493
0004c403
02400913
00094803
00c00913
00090083
01167713
00c2c833
02e48893
00400213
00022103
03400813
00082603
0264a713
34011173
ff392513
028943b3
0115e433
01497233
00c915b3
4013d0b3
340025f3
00e27663
02c00213
00020803
012267b3
03800713
00071603
00800813
00085783
008357b3
00c7a1b3
34002473
02c9c393
01191233
0321c933
01000793
00078283
0043c3b3
0273e813
01800493
00948023
007799b3
00853433
02409433
0066e733
40725633
02400413
00040983
00c00a13
000a1883
340021f3
4134d333
01198733
01458263
00842833
405584b3
01400393
00039803
34002573
02a9e6b3
01062a33
03400913
00092503
01b9e593
02b841b3
02320693
0016b913
00800813
00082083
05816713
00c00893
00088683
00598a33
00820463
00530433
0037f263
0288c833
00b5d2b3
0174c693
02800613
00062803
340028f3
04646693
fff77693
40d606b3
40c400b3
04353213
413485b3
07c73a13
01e47193
03a3b613
00817663
01c00593
00059583
00b27433
40b586b3
0307b6b3
00143733
01450833
03823693
409203b3
00da72b3
00e49463
340693f3
0133d733
0316d4b3
03212213
00c12333
0206a993
01d30613
340813f3
0251c613
00258293
00a44133
fe344993
02044593
ff648913
00785263
0040b7b3
02000513
00951023
00497133
00344433
00a4e463
0127e263
00b51463
34002373
0292b1b3
340023f3
012a60b3
414250b3
fe53f213
40165633
00a97333
00b68913
00c35233
340a12f3
0058b133
41368a33
031a3333
01f9b913
0324aa33
01400313
00132023
00c61863
002236b3
01400393
0003d883
00651663
009319b3
402683b3
01400393
00c38023
009955b3
01a18613
0071d233
01d40313
0471e893
0115b5b3
05b12393
0121f263
0023f3b3
340022f3
04a56413
02800213
00821023
01800593
01359023
01408633
01076463
03258093
005198b3
340023f3
003a5263
03880313
00000413
00341023
0111d433
01a43213
00400993
0009a083
03a2a713
40c455b3
40c950b3
00b8f863
03c00613
00062303
032085b3
00c00593
00058183
01e2e193
01420663
02d42133
04434a13
04f58913
01177663
0102e3b3
00597663
40428a33
02d9d333
03800213
00025803
fe954a13
006a54b3
00a47893
00a43933
0030f263
0029d263
02400513
00152023
02b39933
00770593
01400113
01211023
00536463
ffb17213
00b452b3
00c00a13
000a0303
01a24993
00408263
01258263
34002573
03898993
00d67133
02f494b3
00890663
03800413
00042983
0018c663
fed20313
02252633
02d8e9b3
01aa3793
002a52b3
00f58433
013844b3
340024f3
00712633
05b4a093
00b980b3
0083a8b3
00946263
02533493
340310f3
0124a933
00b0f463
00f7d633
00c1a913
03400513
00e52023
05a42313
00aa4463
02f0e233
0108d4b3
0280c4b3
40ba56b3
34061973
02b68513
02400a13
000a4903
41058733
01a6ea13
011a4433
028282b3
03000213
00021703
03000713
00071083
02000713
00f72023
40135a33
00000893
00488023
012a0263
0346b4b3
00000313
00230023
05c88693
0328d4b3
01294663
00b7c933
00c734b3
01400913
00090a03
00b34263
03400213
00025583
02042693
0697b593
0338a333
01051463
0039d263
021a62b3
00c984b3
00567663
02d85833
04010913
007a6263
0325a533
404950b3
01c00413
00042a03
01800a13
000a5103
340024f3
01800093
00c0a023
02b599b3
00467833
00555a33
0149c263
01400393
00a39023
40c10533
0230a8b3
00a60663
01186133
408a0433
00b76933
04898593
00f1ea33
0003b093
00151733
0016f663
00691463
011241b3
01400393
0003a983
40c6d6b3
00c41663
00285733
34002673
40d087b3
00272513
008961b3
340793f3
033980b3
00898663
03e73393
0017a5b3
006252b3
00b60263
02249833
01000313
00031803
02400813
00081583
03c00293
0002a383
00d511b3
340914f3
34002173
00400293
00028a03
00938193
340590f3
0188a093
ff530493
014a4733
05956913
0007c093
04d2f513
fef34993
02990233
00153a33
00716263
03247313
03038233
340290f3
413707b3
02c00413
00040303
34002873
02800813
00b81023
00830833
340024f3
01913593
01431933
01441863
02000413
00841023
013a63b3
03000093
0070a023
00241263
00b48633
0344b713
02000613
00160023
00c3d263
340411f3
025569b3
02f9a3b3
04ea0413
00f3b6b3
03800893
00c88023
340028f3
013871b3
0413aa13
02216933
0270e393
01446463
05366213
001a7633
0536c613
00f9b1b3
03331933
00319263
340022f3
00977263
01c00a13
000a1903
00e78263
01000713
00071803
ffe2f713
01000613
01160023
02c00093
00009903
01410533
02466833
0026c663
34002273
05d8b193
013649b3
0055c263
001a05b3
00c81533
0263a8b3
00e106b3
010767b3
01425263
00400713
00170023
05996893
00d38733
34031573
02800913
00c91023
340024f3
0217fa13
01388633
01036733
00984263
00967093
402805b3
40d5d7b3
03c00713
00074183
058a4693
408180b3
407a0533
03513393
fe0a0313
07e43093
0594b393
fe158a13
049a0713
0076c663
40f60233
00c33933
00174263
feb27993
01400813
00e81023
0298f793
02d8e4b3
ff626313
03800193
00519023
00400493
0024a023
340029f3
03271233
00f3d733
40a286b3
009a7293
05686993
00e168b3
013849b3
00250513
0584b593
41395833
02b4a713
02e1f093
0564e893
41440133
05f70713
01800593
00059303
00820463
0257c633
0257a113
0042d463
00c8f263
030551b3
00f1e1b3
01e54293
34002a73
0146a233
03000493
00c49023
34029973
01400993
0009d583
02d5c293
011a3333
02800713
00872023
34002773
00d72113
0069d3b3
0297a6b3
0235d733
00800593
0005a383
03000513
00052583
01b92513
00b980b3
05382a13
03b52893
0084c333
01000213
00021103
41020333
00711133
01800713
00074803
fec2a393
00f084b3
00465433
0078d633
00768833
fea47993
014927b3
34029273
0038d8b3
01c00793
0007d403
0257f293
0073d233
34002873
0127d463
340021f3
0313e513
03800313
00034103
03142613
05984193
01c24313
ff876693
00769663
02352533
01617293
03191433
0324a533
01000513
01152023
03000393
00739023
00f71833
03610713
340025f3
0055c133
0107e263
02b7b533
04c7f193
00f8f313
00e47263
34051673
34002773
01133233
34002973
010838b3
02c00713
01370023
02372513
026a6333
022665b3
00c30713
00c94a63
02800513
00054183
03000113
00110023
006a1733
0181c713
02a41833
00556433
03000613
00f61023
008a0833
0016e463
00286463
00638663
00d97263
fe05c613
340022f3
40d981b3
0040c8b3
00038613
0005a613
0542b193
03844093
00894433
00b71463
00d274b3
fe87c213
04c94a13
34002973
00756863
02c61133
01400093
01108023
04794113
02000593
0005c083
00a23933
03000193
00018283
01115533
4014d4b3
4021d533
02767633
00148463
01480133
00989a33
0040d4b3
0048e663
00800313
00035203
02000093
01309023
0408c293
01c00993
00098603
02400893
0028a023
008402b3
00639933
00454333
0034d463
02f238b3
03800793
00678023
00b619b3
001615b3
00b34863
00000893
00a88023
34049873
ffe94513
01218133
00a398b3
00985233
00822333
00000713
00072783
023492b3
340024f3
030180b3
04b92113
03000293
00429023
02000413
00040783
00d2e263
41418333
02c2f893
4060da33
0316e313
006157b3
02327693
00446a33
01394933
0107a333
0137f263
02c00513
01351023
024883b3
012309b3
01c00713
00070303
01e46a13
34002573
03800493
00a49023
01b9c813
02e42993
00b1f663
004761b3
00a4c4b3
0702b313
03b96313
0053e263
0096a533
03075933
feb30a13
06a0b593
0378f413
02193893
0114a1b3
00f56263
00185663
00e2f533
0037a933
ffd57a13
009a51b3
012899b3
01466463
0008a793
02400313
00730023
0023e263
02335533
0270e393
02c00613
00061103
009457b3
ff42c713
34029473
0404c713
01122233
00000a13
000a2083
0044f463
00e40433
00123093
01e8b893
02a70193
00291863
0134f7b3
02400a13
00fa2023
00546213
00c0e793
00330333
0181b313
03613913
00800513
00052583
0184e393
00c00293
00928023
02400613
01161023
ffb96513
01400613
00065683
0534f593
026166b3
024a49b3
411189b3
02588293
012a0263
00918263
02736233
01800513
00451023
01000613
00065583
04b60493
00b36633
00f0a2b3
00e0e0b3
00e7e263
02761a33
00954263
07f0b913
00170863
00441733
02400a13
000a1403
02762813
00484293
41225a33
02800393
00c3a023
031284b3
0594b513
0045c663
00f867b3
00a36463
40d482b3
00a89263
02e16933
00f15663
02c00893
00089503
01000193
00418023
05f68913
02948813
00f8e433
40a58733
07e8b093
0054e3b3
00c00213
00022683
40d55433
40f5d9b3
00d65263
0055a333
03478933
fe33f813
03646613
00400813
00e80023
0078e9b3
00e834b3
02400813
00880023
00e6f863
340296f3
02000993
0009c683
079a3213
00418263
01384513
34002273
4016da33
0478b793
03000513
01050023
02800113
00010503
02c00293
00829023
00d10293
01800513
00e51023
0053a1b3
0330d5b3
40b8d9b3
00a6c8b3
00d3c693
01157713
00400a13
000a0703
00e74133
0218e333
0020ba33
03400193
00b19023
00c00413
00044603
00d339b3
0109da33
03ba0893
34081473
340026f3
00e13533
00730663
0042f263
40b5d5b3
03d56993
00d36263
00471633
0261aa13
0051e633
fe010313
006693b3
00626663
02800513
00052a03
03800493
0004c883
02194293
03e7ba13
340025f3
00aa13b3
0084e833
00d481b3
031711b3
00f11263
001820b3
02c00713
00070283
00f76463
05620513
0224e833
403a55b3
04d5c613
0146d233
410854b3
0112d4b3
01088a33
00a3c433
00f67633
05c9c593
00432833
022806b3
02626993
01385733
03000593
0005a983
013a0333
01131833
00f86533
02b23793
0130e263
40e85533
03800693
00069083
05057693
0139b913
0322f1b3
023623b3
0063b333
00b178b3
02992533
00a0c633
00b2d263
340915f3
00400593
0005a083
05e32793
00a7ca33
4013d133
0368a593
0068d463
0126b433
0028d433
0217f733
03000613
00261023
0134d463
00864263
00e9c263
40e458b3
0034e833
0010f463
0161a193
02e1b193
00251433
0235e333
01187263
01c00993
0149a023
00a58633
02f11633
0099c913
00984833
0582f793
ffe3e813
02d0f733
4081d833
4122d2b3
04e7c813
4017d433
00da3793
340025f3
34002a73
34002473
0044d463
4107d933
00c190b3
00620863
01000713
00572023
00d4e993
01368993
0321a4b3
ffb80893
01000113
00311023
00c0e4b3
004281b3
00000313
00034083
34059373
04483613
34002273
05f66813
04a3c613
34002473
05f2a393
02c00213
00121023
403889b3
00566863
02f951b3
02800293
00028603
ff016513
03f38913
02e1da33
042a2913
009424b3
00691863
007728b3
01000093
0000a903
02338793
0556b413
00268433
01800113
00f12023
0572f193
01000913
00592023
ffe6e213
003904b3
010a6313
03000a13
000a4883
01167663
03400893
00e88023
00d14a33
01390893
0269c213
0239f293
01400393
0003d403
00a762b3
003374b3
01187463
340111f3
02268213
40ba06b3
0595b393
0245b393
ff074713
0216e633
340190f3
01267263
00f2a633
00c00713
00074283
04286613
0117f263
00e20633
00154393
03400913
01190023
02723593
01c30613
04a48413
0099b633
00093213
00c95263
0257b713
02000393
00038203
40828433
0256a0b3
01266293
02e97833
04d8e413
ff03c093
01258463
0131d263
00a9d333
001737b3
41498133
05757893
00427613
0088c2b3
02800393
01438023
340a1473
026932b3
0298e493
02c7d6b3
01000793
00e78023
01400613
00065703
0572b813
fe34f693
01f54393
02d3c2b3
4075d833
028122b3
01320813
02780433
01c00893
00088883
00c1ba33
00527263
02690a33
03b1c493
01000993
00f99023
0353e713
fff50693
02800793
0007d703
03000113
00014283
031618b3
009550b3
340694f3
410280b3
02e38133
00616263
00964663
0090ea13
02923733
00b47933
00b5c663
03800613
00061703
00b540b3
00c0e263
40b98733
00c49663
34071773
04787993
00548533
02a2f233
34002673
02f2f433
0093e133
00322433
014978b3
340024f3
0038f263
00b9c663
02c00313
00932023
40f25633
0534b793
34002873
02d16893
03400713
00e71023
00ea4463
027a59b3
00b223b3
340027f3
03000913
00e92023
02b672b3
0254e6b3
04b3c313
00d79263
05377893
02400213
01221023
0696b093
0283e713
34002673
02643393
fe79f913
00ea2393
01400193
0001d083
00a5f463
0093a633
00357263
03800613
00064983
02800293
0002a203
00252133
01800613
01360023
0539f613
00e56213
340023f3
034645b3
0090e833
01000793
00979023
0122c633
412355b3
01078263
02c00493
00a49023
033799b3
0110ca33
0582a313
340496f3
01318833
0329e113
03373933
00541263
00b9e463
02561833
02c00193
0001a783
01062533
03800093
00609023
02c00113
00015603
00614663
00658463
0036e7b3
00515463
00f96513
02560533
0089d663
04f32193
0497e093
00a84333
0095c733
008112b3
03277813
00593993
00800713
00070883
003885b3
00096193
fe797893
006633b3
02a43313
ffc4f113
00d68433
0137a333
0396e393
04936413
41128633
00fa7533
00d88663
00548463
0138e263
04230213
02f80493
02737333
01b1a613
01ba7393
fef6f693
003465b3
0096e263
00288663
05666093
34019273
00d87263
00800393
0003d083
00968663
ffc42593
054a2313
00f685b3
00800593
00058183
340210f3
013846b3
006221b3
01412733
0463e413
00ba0263
01c00213
01420023
01400893
00089303
02b38693
02000993
00099783
02c2d3b3
01370263
40c905b3
0040b333
04032193
01b57193
004357b3
01a0c913
0042f0b3
0045e663
02c233b3
03098693
01197533
02800993
00c9a023
05b5b493
00d88233
340023f3
00a1e393
340494f3
0476fa13
006a0463
0115d833
40b7d7b3
02400a13
000a0403
00117533
00b31233
03d5c913
01113433
340020f3
00240133
01c00913
00b92023
02b491b3
413185b3
003096b3
01c00213
00d20023
01973713
00b9d0b3
03318113
02a86213
00462213
00c00713
00470023
ff82e613
02e57a13
340028f3
0348c593
02056113
03b0b793
ff176193
02247593
00b241b3
00835533
00559933
033716b3
00a89433
00287a33
04b87693
40b508b3
0136a8b3
00738433
0448f313
00a958b3
0086f433
ff324313
01151133
0257a313
03400a13
005a0023
00800113
00014303
04e30393
01c88213
0092f463
05586993
006355b3
02a763b3
34081a73
00d9e413
00819463
00e29663
00f982b3
34002773
00a20463
011547b3
03d8e213
04c46693
340194f3
40d401b3
ff377413
02400113
01112023
0048b733
01c00413
00040483
0079d5b3
02a11833
00579133
00390513
04a4a893
0148e463
00d88263
01485463
0047c263
00c00193
0001c403
00a32733
340026f3
0315e093
03116413
02d4b233
01326413
0020e8b3
34002173
01c5e593
00251733
03400213
00021a03
ff890593
04273193
00442733
026709b3
0074e0b3
00277133
0044f233
0101e3b3
01181533
34091373
0038b533
410384b3
00c9e263
01183733
0248a133
0031f263
00a16463
007182b3
0360a813
02d425b3
03072633
00a69263
00e85133
0082a2b3
00296a33
01199463
03160a33
03400313
00030603
05273313
0080c133
0451a493
0113d6b3
00367263
01464863
01060113
00000693
0006a903
00352233
01113a33
01400093
0100a023
05d16513
00000193
00f18023
00800313
01332023
05c90093
00d2d0b3
05a3f413
fe262a13
02000213
00025a03
34091173
01437463
00e254b3
00d9d663
ff698613
04a44513
01000a13
000a4483
0031e263
0147f263
04483393
05d7c213
05aa2513
34002673
00719463
00144833
00813793
40d1d1b3
0039c233
01c00613
00060283
0104c733
02d453b3
0555ea13
ffe5e513
34002273
01118263
01390863
02818193
01800293
0002c303
0346f633
00d7e5b3
014083b3
02c2f433
0121b133
340712f3
ffe77293
04332813
ff250713
0132b193
00800293
00029883
0224b233
01000093
00008783
fff56813
41365633
402653b3
05370593
00e0f8b3
0072e633
340a10f3
00e90533
01039633
0116f9b3
00898433
05f4f993
00640213
01000213
00420023
340312f3
40d585b3
00d29433
00594833
0109a933
340313f3
0291f633
02675233
34089773
05628613
340293f3
02c00593
00c58023
03800713
00071083
01e26613
34061473
03800913
00092183
00141233
02000613
00961023
41395233
00c24633
0131b6b3
0123f733
04b3a613
01a4e913
04a94393
03400893
00089703
00b135b3
0104c193
00757463
00c53433
00e79a33
0361b693
411282b3
0532b093
0186b713
01d3a193
ffc40313
02000393
00038983
34002373
01f14413
01c00213
00b20023
40815433
0260c3b3
340912f3
01440263
00f74a33
ff258413
0180c393
00e9c0b3
03170593
02000213
00622023
0046ca13
00118833
00579633
02d9d8b3
01000613
01461023
012490b3
0104b813
40940233
00f71663
02800413
00044683
02c00893
0008d603
05983993
00b8c433
00a95133
02400793
00f78023
02a7f893
01b9c913
4050d8b3
41065733
02c00a13
00ca1023
03800913
00092503
340027f3
029969b3
34002573
0236b313
05b6e813
02139533
01800593
0005a503
340292f3
01513993
340098f3
340a1373
34002173
024758b3
01322693
003795b3
032a21b3
0155b393
02800313
01030023
01d20093
05783793
0108c463
0124c663
00800813
00082983
00400093
0000a983
01437933
ff674093
0015e263
ff644293
01497793
0365c893
00d9e263
02000493
0004d083
413457b3
02f687b3
01c00293
0012a023
02392833
0086b733
0045f2b3
0010e663
34002173
340025f3
02994993
fe878513
40f551b3
05d12993
014104b3
02b8b613
02000413
00041203
00b59463
0075c263
00742633
00800193
00018883
03400813
00084703
0025a5b3
00c80533
0125c1b3
03400293
00828023
00b31263
02000a13
001a1023
00a9b933
41058733
34002673
0022a933
40b6d833
05974193
00400993
00a98023
340026f3
41150233
00400393
0003c803
02fa1533
340911f3
00952533
0148e263
00e84333
00e21263
07513213
00000293
0012a023
340891f3
02c00793
00378023
027a7293
00c5d2b3
015a7293
ff514493
ff438593
05552193
03429733
00800293
00028503
010a3513
01166593
fe25a613
00b3d833
04e76993
00c00093
0000d283
340025f3
030810b3
004659b3
0395c913
023724b3
fed8f213
00e43393
ff830593
0107f693
032893b3
02d646b3
032a6233
0454e393
340597f3
0225e593
01145a33
01367933
01440463
07d6b913
02328933
031963b3
0087f093
02800213
00021a03
34081773
34002a73
04127613
03483a33
00f66263
03683213
02c57133
00c0b8b3
010a0263
00575663
00915263
04d6f413
00221663
02e63733
34002273
feb72793
01327093
00498263
03498393
0140f7b3
00d8e733
00220693
003515b3
0015c463
01c53813
02c778b3
00c6e5b3
00f52933
0070a3b3
02195733
00551263
00d926b3
00486263
032832b3
0424a493
fe48e893
00617433
00f95263
4083d2b3
00e48663
00d2f663
02a58533
34029273
34079473
02d46213
00c00193
00019403
0111d7b3
00988593
05788193
00895463
02e0a913
00359263
00368633
00e245b3
00c00093
00209023
34091973
00b27263
00400293
01429023
00400393
00c38023
02e93793
0087e233
03000093
00909023
40c288b3
001247b3
00494433
0135e5b3
00690413
002188b3
00525633
0097d1b3
00400093
0000c103
00f45333
011573b3
00d59133
03758393
00400993
0129a023
02800113
00015983
02c00393
00039483
ffc70913
04c3a093
40f15633
021552b3
0080c633
0393b913
0230c5b3
0039c4b3
04fa2213
0063c263
0059f3b3
0186e213
01800513
00055103
40b652b3
ffe4e493
ff222513
0079f663
00d82093
fe3a2093
00000313
00930023
03000393
0003c083
03800993
00198023
00c50933
03400413
00045103
340097f3
4056d8b3
0410c313
02400993
0119a023
00239663
03400093
00208023
05c8a693
027a2993
04223293
34039973
00985263
00e271b3
05c30793
0112b913
02800913
00095a03
0240b313
00c32333
34019573
0464b413
01261263
05444093
013a3433
03400a13
007a0023
00d2c4b3
05083993
01430913
01409463
00d4f433
021a13b3
02c00213
00d20023
002157b3
001691b3
00e849b3
fef9e193
ff538493
02768613
0096c533
04410a13
00aa3533
409a50b3
00800313
00034103
05c9f313
03800293
00e28023
0383e893
01000113
00015783
05236793
06313a13
05e5f893
40f28933
03800593
0135a023
00c733b3
002825b3
00444663
0116e663
003253b3
01492593
408a06b3
fe472793
fe88c113
00a64263
02c00493
00648023
0092f463
00614263
00559463
014525b3
02d7d4b3
02b301b3
02000093
00909023
ff316093
021328b3
00c192b3
00c00593
00059603
340298f3
00c7d933
00541263
34002873
fe63f813
0397c313
00000713
00074683
01000313
00030183
34021873
fe518913
03800713
00d72023
01128263
0221e9b3
02da2a33
ffe1a113
00c36263
00f9c6b3
00c92193
03000a13
000a5303
04c28213
03400593
00b5a023
010686b3
07b33193
00800713
00c71023
340020f3
40f880b3
00f57463
00b77263
03800913
01290023
022103b3
012155b3
012249b3
04484093
0057d263
02048613
012672b3
0196b293
00d0c233
00c28193
00800793
0007c603
00108463
0237e693
006641b3
01c00413
00d40023
fe52c813
00b964b3
01247263
02824393
0444c193
00f80813
02e9f193
014139b3
00750463
340024f3
0020c233
01149933
00617093
01454133
ffd3a393
0256f313
0280a6b3
03800393
0033a023
02672693
010828b3
01f38813
00a41863
02ca1633
02400a13
000a0983
00560263
02b58993
00400793
00278023
40b2da33
02d241b3
013287b3
340614f3
00c20933
00f64993
01000793
0007c903
0105a533
00e2ea33
03400393
00038103
01242493
00b909b3
02800693
00069903
02e804b3
01299663
01800493
0004c383
00975a33
00e9d533
01616113
0470c813
011465b3
0016e333
02800493
00048683
40388533
010a63b3
00158533
05b92193
07c4b393
00000813
00a80023
34002373
00c261b3
00000193
01319023
0129e263
0112b7b3
4029d3b3
0035a393
02364733
00d46933
00f590b3
340219f3
02e168b3
009381b3
01031663
04828a13
ffca7113
06a7b393
0085d533
34002673
00c3f263
03800113
00011603
02c00a13
000a1103
02b425b3
00384793
02f1e893
0511a513
00535263
0121a2b3
ffd48693
00770263
00520463
033804b3
41388733
0075e913
01209463
02b2f993
012a6893
00828433
03000913
00b91023
0279f1b3
02fa39b3
00634263
34002973
03800913
00095883
0014b1b3
0170aa13
03209433
02c00113
01411023
01800913
00095483
02b2f113
01000093
0000a783
003559b3
04453793
00a501b3
00000893
00b8a023
00800513
01252023
01068263
00877a33
0129c663
04a93513
0354c713
02d4d1b3
340210f3
003508b3
02a78593
01c4a893
40f5d4b3
03800093
0000c583
00f31263
01379533
03000893
00089983
03c16893
03400813
00082983
01400893
00188023
0144d433
07e9b713
00c738b3
340615f3
0012c733
01400913
01090023
40d582b3
05980593
02c00193
00419023
00e99133
00199133
031652b3
0093da33
00469133
029760b3
02800193
0001d883
02800913
00a90023
0295f633
01257263
0286c433
00a49463
0029d633
01c00893
00d89023
fe4a4613
013792b3
02218433
0329e5b3
014444b3
ffb6f713
00d1c263
0112b5b3
04e28413
fe85a413
034466b3
40a38a33
013997b3
00000393
00a38023
00f9d463
340399f3
00400593
00058303
03800913
00291023
01330863
02400893
0008c883
04c16293
031a3233
03893513
02800113
00015203
00b64533
00567263
ffa18293
01e97913
02336633
032766b3
00c69463
0030c263
02c00793
00078303
00400913
00c90023
02850833
0086f613
0114ea33
0043b133
340890f3
00400213
00025283
02e1e513
ffa46293
00478533
00400713
00f71023
40680433
00610933
34002773
0463fa13
01000a13
000a2603
00114263
00545263
03400793
0007d103
0259f233
0366f493
00a46533
00f0e333
02b55633
410a55b3
03637893
fed92813
01800313
00032503
008986b3
0520a413
340914f3
404309b3
02000413
00040303
033265b3
00a6b5b3
fe610413
00c00693
00a6a023
34002873
008691b3
0144d9b3
fe848293
02f678b3
00400293
00528023
02410393
00737263
02400193
00019503
00f3a1b3
02e40733
02c862b3
ff154513
02800213
00020083
340518f3
02c00813
00081283
00487933
02357433
00800893
00789023
02a1fa13
02f875b3
fee3c413
00b6e633
05b2e493
0013d263
34002673
00e74263
0110e463
fe230893
03444313
02d77533
003570b3
02ca4233
00686233
01000713
00571023
00e73433
fe26c213
013a47b3
00da0663
01800693
00269023
01800993
0139a023
340026f3
07e53213
014425b3
40d3d9b3
03c3c913
00d695b3
00c00793
00978023
0519ea13
02a39433
00429233
00c51633
00a7e133
0018b833
00400893
0008d583
00a1f333
ffd24393
02b3c3b3
405188b3
00b0a533
00964463
0075e733
02c00613
00060303
00b0d663
03400893
00089383
02f237b3
00d7f3b3
ffd3f293
0055c863
02c00393
0003c403
00678313
00c97413
340515f3
033384b3
01400313
00034583
41025733
028a2993
01934913
01000413
00041103
004a73b3
001583b3
0492e313
01414613
04a22913
00534463
005369b3
04842413
013528b3
00c15233
00b3d3b3
008908b3
00419263
002558b3
023470b3
fe07f193
02d579b3
00e2f663
022668b3
05648a13
00c55663
fe824593
0227a8b3
00c78633
34039473
02d5d5b3
01030263
0068b733
00496133
02e32733
012946b3
00387663
0256ca33
40ba54b3
34002973
03800913
00095103
00635133
02c00813
00084083
00d09463
01475833
03000193
00019483
04896593
04d88793
002312b3
0050c263
40895633
01d0c813
00e58233
0022aa33
0117a993
00413a33
03000793
0117a023
34099773
0103e463
0155f313
ff066913
00c73613
00f85633
34089473
04067913
02f1f833
00400213
00020883
00928333
0092b8b3
0035a133
4144d433
fec4e113
001597b3
010551b3
40c38533
00f69333
340619f3
051a0793
00d736b3
0093e913
02d890b3
0701b993
01800313
00035583
00e88433
003954b3
014552b3
34061673
04432593
407355b3
0210a5b3
00686733
00231663
01199263
01458863
0306f813
03400913
00b90023
00c44233
02636333
0037d233
02400693
00769023
00000213
00022603
02846933
00e7f263
05c5f893
0166e493
03a0c693
0042f193
02d44893
41160533
01c00493
00249023
002a0263
fe41a993
00429863
028929b3
00c00613
00660023
00c615b3
01800193
0001d883
01800393
00038483
00a1a2b3
00717263
00000213
00024983
340913f3
340024f3
008259b3
03400813
00a82023
0097b4b3
00a15433
03800593
0035a023
008112b3
02800693
00069683
028277b3
00c21263
0226b433
00b1d463
00d39263
01c2e793
05750813
01000293
00029383
00464663
00c80133
00f7c863
03000813
00082983
03882713
00000093
0100a023
00e3f333
fed98493
0054ca33
40b3d1b3
0074d463
340020f3
031984b3
04123093
01800893
0008c303
00c817b3
003453b3
00ea4463
0056e633
00b36263
00c82233
003a7a33
0548f293
00386913
03000993
0009c403
03636593
01000613
00064483
005338b3
05458213
00c00493
0084a023
34031173
00b956b3
4077d433
40a887b3
03693493
340a1a73
02400713
00075283
0092b4b3
04d62093
00b20833
02960493
0283b0b3
0012f3b3
022582b3
0320fa13
02b5c313
ff688493
02c00113
00012783
01e84613
02800593
0005d203
34002173
02d28433
03916413
00514663
033691b3
02657593
00858133
00a9c663
03c00213
00220023
340026f3
ffd28a13
00f6c463
04d33493
0148d263
00868333
fe188493
00880263
01574793
04942993
405608b3
00e409b3
40135633
02926513
0573f493
403985b3
01060833
340411f3
04c30913
41348333
02a268b3
00c91263
0548e193
02800993
00799023
00b0ca33
01000193
0001ca03
02936633
01800293
0002d683
0085d1b3
00c63133
0118b733
01c00313
01231023
404651b3
021673b3
0332d2b3
03000693
00069303
002a5463
00d61863
02000193
0001a203
02988793
02000493
00049183
002257b3
410458b3
01a86913
40d88333
ff832313
00e9a3b3
006739b3
00e154b3
0138d633
021948b3
03445133
010908b3
fe70e293
002393b3
02000a13
000a1303
00597663
4034d733
0024a4b3
04b4b313
0084c463
00861633
00a747b3
07fa3213
34029173
4091d9b3
0135b633
340026f3
0028a633
021996b3
007283b3
0029f9b3
07753893
02000a13
000a5a03
34021673
0097f263
340029f3
02770513
0129f5b3
340419f3
00800993
01399023
02a5e0b3
0061d3b3
0323c513
008590b3
0079d463
00e1b9b3
00000993
0009c683
0099d1b3
02d5d2b3
01400813
00982023
40250433
03366793
01158133
04353413
01241663
00886263
00d3e333
00979663
0122b9b3
feb0e693
00aa0863
02666133
03400093
00109023
40980333
0051c263
00b57263
340028f3
40c482b3
340718f3
007a7263
02e35833
0094f0b3
340610f3
00800113
00e11023
405401b3
00c00293
00028183
02c00713
00075983
fe87e593
0353c893
02a76813
006767b3
01400413
00041603
00ea30b3
340021f3
0077a2b3
00c88263
0014d0b3
00a85463
ffe1a113
00165463
00f9d3b3
ff21a393
0040a2b3
340814f3
06353313
00786093
00b47263
0121f263
00839333
00168663
01400993
0099a023
007919b3
414604b3
01a2e793
01400493
00048403
01400893
0008a503
413158b3
00d4ca33
022450b3
00f76133
ff054893
340a1473
0088c263
0200e293
0026f333
0380a913
00e559b3
340994f3
00c7e863
00400913
00092303
0060c233
04f3f713
0059d333
340020f3
00800593
0025a023
fee60193
00b256b3
fff7e713
003961b3
00643693
34002873
036a2413
03800393
00f39023
0149e833
02a14533
340512f3
03000093
00008203
0076c733
00c62733
017a6993
340192f3
00947633
00898333
02739133
ff71c693
0140f213
0324a413
03000213
00021683
ff83a513
01400493
00548023
0075e833
00d57693
0032b5b3
028a29b3
01000413
00042883
01a2e693
032795b3
00a8f463
00542a33
0021b3b3
0077f693
02400113
00f11023
02c00913
00991023
0219a913
0255d9b3
01326463
40965a33
ff146113
00259463
01d30493
01465263
003472b3
006a4113
00e71263
0136f813
00e992b3
00000913
00090503
34069473
01176263
011409b3
03b22993
34069973
40940433
0284d7b3
025494b3
00e86433
02000113
00014783
411601b3
411802b3
00400313
00932023
008261b3
00b79533
0098b3b3
033736b3
00859633
0097e533
0694b513
00a4e6b3
01c00513
00051783
00ca7663
02800193
0091a023
fe50a913
00000113
00f11023
0417c693
011824b3
00c1f463
340023f3
00e54433
01800913
01392023
01142933
00c00893
0008c883
0120c733
01400893
00c88023
05c5e913
01060833
00526613
03368733
411354b3
00358263
0127a933
00333733
03742513
407681b3
01400313
00030183
00847293
00f5d633
0096c263
03800913
00092883
40a65733
00898633
02b6b2b3
0321b633
02121233
00293633
0151a113
0102d3b3
00c40333
03800313
00630023
00343733
0102d663
0540a513
00822133
0314e3b3
01800313
00e32023
00278793
4015d1b3
00d8e7b3
34031473
01800393
01338023
412651b3
013706b3
40e3d3b3
412a59b3
0122c193
34002673
02853813
04b2e593
00f293b3
34002373
001a4133
013a0a33
ffb2e393
001969b3
00978393
01375663
01652113
02a6c533
34002373
413187b3
01e90593
02c00193
00d19023
340118f3
00c00293
00c2a023
03c00613
00b62023
0049c463
01ca2593
010554b3
0115c2b3
340021f3
340a17f3
01259333
412383b3
34049173
01348663
01400513
00054883
340393f3
01400793
00278023
023164b3
013527b3
04e90393
0031f9b3
4073d5b3
05137593
012427b3
0057a4b3
ff320713
ff376093
00114663
012118b3
02877513
00400113
00010903
40f987b3
01315263
03800413
00045483
02119333
00d0f8b3
0123a633
03a42513
0150c513
00e44533
01000093
00008303
04d14413
34002273
0143d833
4073d8b3
41210333
04713213
00679263
40190433
0014f133
0115d463
00176263
00e20263
4125d3b3
0267a813
05a9e593
00f90263
00c0e863
03800493
00f48023
005513b3
01c00593
0005d583
34069373
34002473
023483b3
00c6e463
00d08463
00c6ca33
03000993
0009d483
0089d533
0046e463
026266b3
0378f213
00397463
04a78093
00b37333
0111e263
00400593
00059883
00e93433
02c61333
00668593
010a13b3
00e8d463
00b79463
0445c213
02b61233
00c22613
02800893
00d89023
0235d0b3
00d880b3
ff48e693
00c00793
0007d983
05634193
01124833
00400513
00055483
02400793
00079083
00959633
40e75733
00b245b3
00800313
00035283
03800393
0003a983
0033f213
340028f3
02000893
00c88023
025474b3
0693b493
02800213
01421023
00f31263
00253733
03ba0513
04674a13
34089473
01036513
0094c863
03400493
0054a023
404786b3
06f33a13
0063d0b3
00567233
01350133
40955333
0118c463
ffba0713
00108263
34049273
0277d933
04b56993
340024f3
07373313
02e92813
005135b3
00309863
02400a13
013a0023
fe978213
02400493
00248023
0032a3b3
00076913
00400293
01429023
030852b3
013a01b3
0687b713
00800793
01178023
02c00893
01188023
00b408b3
02a18713
02000593
00758023
340020f3
00116233
00650263
02000093
00d09023
0572f113
02c4c533
ff326993
02b59133
34002873
01284893
03b28193
00e3b8b3
41135533
0267c413
02400493
0004a783
00834733
0122e533
340020f3
04c93213
0062a433
34002773
0109f863
00000513
01350023
00d33833
033273b3
0251c7b3
03a5c713
034a68b3
40c7d333
01d94313
34059773
0239a733
02e655b3
03800a13
000a0103
411089b3
ff552193
00614833
00f529b3
01000513
01151023
03114713
02400713
00070403
00c00793
0007a783
40e5d733
4061d4b3
00f70833
00000793
0007c203
00675263
0145a4b3
001a5663
025086b3
01138533
01b1c413
05b7f613
010a59b3
340029f3
02f62293
01322a33
0209e993
00277233
07153293
02d26a13
00c135b3
ff248513
0107f1b3
409409b3
34002773
0238a3b3
01034233
340992f3
02922793
034424b3
412950b3
027992b3
00e86933
0334e8b3
04f1c813
02800793
00578023
340110f3
01271233
0718b793
00c46663
02e19833
03a1e993
00d50a33
00850793
00a98263
0072d933
004916b3
01400393
00938023
0039c463
01360533
00c50093
00d67a33
04420993
00454463
030647b3
0367e913
007405b3
00f6e8b3
00c00793
0137a023
02c00793
00079603
05e52593
00f2d8b3
0028f233
0538b593
0107a733
02e8e713
40a255b3
02000593
0145a023
340022f3
00000213
00022783
00d46263
002108b3
34011a73
405284b3
00584333
0446e193
00e1e663
00c00493
00648023
02555233
007a7733
0113f0b3
340318f3
01409663
03800093
00009283
0033a4b3
01f7f493
4036d9b3
01a52793
00c00493
0114a023
02000613
00f62023
02138293
00a25263
34002373
03400493
0004c483
00400093
00109023
0563c993
00f993b3
340515f3
02800813
00282023
0119d433
009680b3
0040c533
02d8f3b3
00e65833
05a94813
02d83a33
ffd14893
031302b3
01f0a413
01000613
00064203
01800593
00058403
fe264513
0170f393
00489863
012438b3
02000413
00041903
0129f133
004a6263
00344633
0114b8b3
01276893
009193b3
403950b3
01400113
00010883
02c5b893
0376b093
340593f3
0738b793
01421463
0048e663
02a74433
0259f093
0098e663
02c00393
00f3a023
ff6a6113
0300e8b3
0108d5b3
00c4c1b3
03e6e813
40580933
010a7233
00708233
00b77263
34002573
0319f1b3
0117f1b3
05f7c213
0519b893
023741b3
00400193
00b19023
01b0e713
00f3d263
04813213
0452c593
03159933
340311f3
ff227613
004738b3
0290c733
4015d333
009373b3
02400993
01198023
02800093
00c09023
00b619b3
00000793
01479023
009783b3
02008213
00a6c263
340021f3
00927663
0186b513
04ba4713
340023f3
05e44093
00c29263
005767b3
0531c893
00a1d463
0551b213
029a5333
340029f3
01d32293
009a10b3
00b50263
05913613
00000993
00b9a023
01c00893
00088903
01400293
0002c703
00949333
00fa4233
02400793
00079983
40e7d8b3
0132e133
ff49a613
0284f533
0317e933
00e34663
fec72693
0099e463
01292633
0545a113
ff146893
00f80133
01186333
0014e263
00d84933
029397b3
02281a33
0063c263
0263a533
005435b3
026166b3
02888793
03800213
00021183
00ca28b3
0125d233
00d95263
340021f3
01156933
4078d5b3
03400693
00b6a023
05156713
01000293
00328023
02617533
05d22893
05446593
01096863
050a2113
00800713
01472023
007603b3
03c00613
00662023
00e9c3b3
4020da33
00a39a33
01400193
00019483
01394463
00a6c663
340024f3
02b8a1b3
00a795b3
0147a833
03000193
0001d183
00400913
00095103
0571c193
00897663
022183b3
40f5d933
011a1933
0284f493
0440c813
02d0e413
01000913
00095303
00000113
01110023
340190f3
0243f133
001573b3
01800493
0004a683
fe484893
03c74293
fea0a493
00386863
00c41863
03000993
0009c483
340025f3
006a61b3
03400393
00039803
01366663
0144a913
005871b3
fe078713
013418b3
412659b3
05c6b393
340590f3
00a0c7b3
00400193
00018783
34002773
003a3913
0236b5b3
00a38663
02a287b3
02213513
01324713
00f56463
01126463
03e27593
0322ea13
0060d633
404185b3
407807b3
028313b3
00497933
34031773
0112c663
00f8d663
007810b3
05c4a693
01c9c093
02a8e533
340023f3
0518f393
0278ca33
005292b3
00a90633
00f451b3
34039173
028374b3
04a63113
01696593
fe992513
0063ca33
03400593
0055a023
fe840193
00430433
02ba0133
01f9c493
00148493
00a55133
01000a13
001a2023
009671b3
01079933
02800913
00991023
007293b3
0240b933
0241f913
00400713
01171023
00c36263
009a4693
0111d7b3
00b149b3
05c53593
01064463
34002273
02000893
00689023
0025e863
03800113
01210023
41448333
01162433
00f261b3
02400a13
008a1023
02000313
01232023
03f10393
00542633
0677b493
34002973
02541133
02b6a1b3
04f98393
40e785b3
02810393
01400513
00052803
05d52393
00a6e263
00427233
00a372b3
00a6f633
34041573
00e69263
030a7933
00e356b3
401182b3
340020f3
40665933
02000413
00840023
01793493
40d707b3
0281e613
02400313
00032483
01800213
00021403
00000813
01182023
009597b3
340418f3
401151b3
0128b093
34002273
003a6463
00c13513
030503b3
fe237713
021196b3
340020f3
02a7d233
01000093
00008383
010130b3
40f853b3
02a55233
00800293
0002d203
00286233
00830263
00b8d463
340026f3
ff196793
014851b3
fe15f893
0124f4b3
00336733
340491f3
011956b3
34002173
03800093
0000a883
340021f3
01c00093
0000c903
0481a913
00d9e933
06f2b593
0035a393
02c853b3
40f20433
03d4c313
fe010693
02987533
03f87193
fee68693
0105d263
0058f5b3
02692193
0545e893
00657433
06863513
ff474093
0037a533
02b37433
00141533
0389f893
40e50733
fee94813
0462a493
002199b3
00b8b133
00c00813
00085203
00b99463
01268633
02e76633
02456093
fff6f793
00aa3a13
41490a33
40c90a33
008829b3
00d1b6b3
fe91c613
00800293
0042a023
00b749b3
fed14913
00d98663
05b54213
005901b3
40a859b3
ff3a6413
0045f5b3
01108263
34031773
0566c293
011403b3
05aa3213
0129d6b3
00e4ea33
4058d2b3
01318663
40645333
0680b693
02a85633
03064413
00262433
01449433
40c205b3
04c3e693
01810593
02f5e7b3
03d77613
340912f3
00d81333
00c00793
0097a023
007658b3
00e2f333
340610f3
0262c693
00510233
00800613
00860023
004559b3
00518733
034134b3
40aa03b3
01b1e513
00b553b3
02f96433
ff53a393
0088b533
00e3f733
00800693
0006d203
0575b893
00d3d333
01c00413
00f41023
04f92793
01051633
00f12213
01451733
02b37693
04086993
003a2833
026a4493
04d8c893
025594b3
34002473
006a0613
00b7c8b3
00c6c293
ff056313
00c253b3
03000493
00048983
01476863
02800713
01370023
0349c5b3
0032d6b3
4038d1b3
01469463
05e9c413
0098c863
01c00213
00021403
025968b3
00f3a9b3
00516463
00571263
00882533
0146e733
011101b3
02b8e933
02e50313
008702b3
01958913
00f56263
34002873
01125463
4130d9b3
00e55263
411683b3
340513f3
01089663
40f085b3
0146c3b3
0068f633
340594f3
02000493
00249023
41420633
01800793
0007d403
0242f1b3
04240793
00e1e463
401483b3
00e122b3
00954193
00b83693
023813b3
00c1d633
34002a73
34002973
00b21263
fec9f893
00f33693
0042c113
01800813
00084303
03e50293
34069373
ff43c293
0143d263
0076a533
0111d263
02000613
01161023
02693593
03800693
00069483
410a0733
02e50333
0043e313
406153b3
0013c263
00a2c663
01c00893
00488023
00000813
00085503
02e1b4b3
02e5e333
34002973
01064263
02892833
002a7533
010707b3
002357b3
0502b813
04a47593
00f87263
03800213
00022683
409300b3
001659b3
02000a13
000a0103
002913b3
03000713
00072583
0163ba13
00277663
02400a13
00aa0023
02000093
0000a983
34002673
02400993
0009a903
04056413
03000193
01418023
02e7f093
340719f3
0259c8b3
032a30b3
ff04f893
01800813
00082283
00456263
0141e463
00960713
34049473
00400893
00d89023
ff557593
001908b3
02633233
07f2b813
02568733
04047393
340395f3
02c00593
00f58023
00e0b5b3
002674b3
01400413
00040483
0378e593
0216a813
01000413
00741023
01400513
00451023
0265a133
02e8e393
0305b933
00400813
00382023
00c74463
0535f913
0070c4b3
40970433
050a7a13
03217493
00b7e663
05d16813
00115663
0085e9b3
340027f3
0090e5b3
05742513
408781b3
fef46793
03800393
0123a023
00da7233
0544a493
340a12f3
00800493
00849023
00b4b933
34002a73
01309263
00e73113
07483513
01c00293
01428023
01a47093
0647b493
01000993
00098283
0033f263
02e359b3
034584b3
00315263
02d8b413
07a6b993
34002573
007a4413
00400413
00040503
012a0113
00d842b3
00c00793
00078a03
0138c663
00d968b3
04082593
04e76793
011594b3
405684b3
04a08113
01c00293
0052a023
02d72593
02c00413
00541023
023365b3
003273b3
340024f3
02a8b733
02800613
00c61023
00800693
00b68023
fed72913
04c32213
34039673
00e85463
01055233
007160b3
01449733
02040893
02000313
00030103
03400293
00f2a023
005945b3
00c0b733
0091d133
021937b3
01000513
01452023
0217e4b3
013240b3
03400193
00019783
0051e1b3
00494993
05b23a13
027130b3
0085a9b3
00a26663
0139e463
34002a73
02652433
01000613
00061103
05d13693
fef4e193
00d5c1b3
02527693
0550b713
00e8e263
0089c913
03013113
00738133
01800993
0149a023
0231a933
34002873
00c5f233
34079673
407656b3
0137c1b3
00e632b3
029678b3
00a96463
0642b113
0110d263
03800613
00761023
029988b3
0107d463
0328d433
40910233
00e1d663
0127a0b3
40a1d0b3
01c00613
00962023
01e28313
0031f233
01471663
02000593
0005a883
fe490313
0136c263
34021a73
0117d3b3
ff087393
00400613
00061403
00c00293
0002d403
006336b3
fe27e313
0075e433
0143a5b3
0148c463
00299263
0095e5b3
011579b3
0093c863
0074e263
01000793
00079383
0402b093
02800a13
006a0023
02998433
40ca5433
0043e463
00a542b3
340314f3
02f1f1b3
04c5a113
0100a5b3
0109f263
00926233
ff95f693
00000613
00065903
03400713
00472023
01000793
0007a303
01000713
01172023
02800713
00a71023
0336f113
03f7b613
02800493
00249023
03400893
00088683
00730263
013572b3
00f71133
00d92333
04f5b893
01410293
00f26863
03034813
00c00193
00119023
05397893
03073233
340022f3
0025b733
410287b3
fe36f593
00454133
005328b3
40c858b3
07e1b413
01800713
01370023
0135e833
030156b3
00e55533
01800593
0005a483
00e14833
340024f3
00e55663
0093f433
008431b3
01225233
02800613
01062023
04b56093
00e61833
0378c213
0267e7b3
077a3493
02c8a513
00a431b3
02800293
00f29023
00800213
00020803
0044b733
007548b3
01148993
340991f3
0450b493
ff864693
032a71b3
01c24393
01800493
00c49023
00894263
01f17313
340116f3
02000613
01060023
00d98663
00116463
41285333
00f0f913
01000613
00b62023
03800513
00e50023
00c3c663
00f2d263
00a38993
05150413
006354b3
00000813
00084803
04833993
00800313
00830023
34041973
00c00793
00078283
02d78a13
01400493
0004d183
340029f3
010684b3
03365133
00467333
00a40463
05268593
ffe76993
03097933
0041a2b3
01b3a393
00b22a33
0145c593
00d32533
02800613
00060403
02e097b3
01286a33
02c00713
00a71023
4138d133
01198113
00a74463
00d218b3
003152b3
01147263
03b78113
40c45633
02d43513
03000293
0132a023
00800993
0099a023
408605b3
02c00813
00085203
40598933
01400613
00064183
0128a633
02709533
001a2533
0224d4b3
0340f9b3
fff4c613
00c00193
00b1a023
0155ba13
0124c863
01000513
00051203
34071373
00d5a5b3
010353b3
00400813
00680023
fea92293
03157733
04f56293
02813133
02028213
00756263
02400293
00029783
00c38863
02000293
00e28023
00733833
01167a33
34049673
02e42193
0221a5b3
02187193
0586b913
0122d4b3
05a5f613
007230b3
010a53b3
00d34a33
00f2d0b3
01800313
00230023
01c00893
0038a023
0026b4b3
02d75433
ff85f993
0327a1b3
40d30333
0281f533
02800713
00070603
00136113
012530b3
0097d633
03800513
00c52023
005170b3
02429633
0092f3b3
030413b3
01093233
00400993
00198023
0256f713
340491f3
00c57533
010782b3
03a4b393
02730533
0010e533
340023f3
023141b3
00b28393
0224d733
03a2a513
01400913
00091203
4130d7b3
03186113
02a2d6b3
00517263
0088e263
02416133
02386233
07b93413
00762633
00336a33
0136e6b3
0121a2b3
4142d433
01245a33
ff548393
0286d333
01800293
00728023
00277263
002323b3
001576b3
00800493
00c4a023
003292b3
05822093
00843633
0561b093
02e2c1b3
40475833
01860793
02380593
04e68893
00d36663
0050d733
0148c613
02b2ba33
34002773
01288633
030171b3
04420413
0068ca33
04c22793
00a27463
00828263
0137b133
03000613
00b60023
0145e663
00c9e9b3
02f2b433
01495663
00f7a133
02092513
0092b293
401901b3
00e67713
0428c113
00e2e463
0048e133
03800413
00045383
00ba7663
00681733
0124c933
40948733
02461833
05ca7113
003161b3
05952993
00760733
0271f433
02400693
0006c803
02667733
0023c263
00897463
02d88a13
0327e113
00c00493
00249023
0287d1b3
02400113
00015803
004a48b3
02c00913
00992023
021924b3
34002273
fe52aa13
02160113
006a4463
00c14813
40540533
00400513
00051183
0270f733
02400093
0090a023
002a4113
fe78ea13
02c00693
00068583
00c00213
00e20023
0045c463
fe578693
032651b3
340025f3
01330333
013998b3
004891b3
00c28663
00195263
0661b313
00000093
00e0a023
012173b3
01183933
012a1833
01400713
01170023
00b64663
0652b393
03b1e893
00a59733
04680813
0135da33
34002873
0085d9b3
02e8b5b3
fe338813
00b64263
01800693
00769023
02800813
00380023
0222e833
0015f463
01234733
40b35733
02d886b3
00b5f463
00a52733
0110f733
00187733
01163513
00720133
07023a13
0053d7b3
02e81733
0013f663
0035c5b3
02119333
0125b333
03443533
00379263
05162a13
0500f993
00e754b3
00309663
00b366b3
00d260b3
00832233
0029a693
00c00293
00728023
00a7c263
340025f3
00164263
340790f3
02000913
00592023
023959b3
014154b3
05823413
00783533
01c00113
00012503
03668093
009583b3
03853113
007709b3
02400493
01049023
340022f3
00485433
00f35533
40b981b3
02c5a1b3
0206e993
04e1c113
00c3d0b3
02999333
00931333
00c72633
0143d8b3
00799663
009500b3
00b4ca33
34069573
00000693
00068703
0380c193
00000813
00082903
0080b7b3
00e94463
0487b613
ffd46213
01c00593
01458023
009806b3
01400a13
000a1603
004a1263
00800793
00078983
404583b3
02f831b3
0034d263
00916133
0133f1b3
031771b3
fe077a13
001113b3
00800113
01011023
0043f663
05f7a313
fe90e093
02d1d6b3
00e2f263
001989b3
0088a933
4109d533
01400a13
007a2023
00281133
02419833
40e68633
0084f263
00471863
00400813
00085603
025268b3
0031c0b3
04c0e493
0032b713
00b3a2b3
02800593
0065a023
02798613
02710533
00f618b3
02c2c3b3
05d3f093
00956463
00a54a33
0030f133
4039d7b3
ffb20513
059a7a13
022a4513
ffe5a513
ff488993
00235663
03000793
0027a023
34051573
00c455b3
340397f3
00d16133
03800093
0030a023
ff416913
00f6b1b3
00d29233
01325663
02c00613
00060103
03160813
fe844393
012641b3
001204b3
0210e3b3
009a7633
00178863
00800113
00015803
00d833b3
002a0433
34002a73
00000993
00498023
34079473
00116663
013645b3
00a63593
0042c263
00000393
00038883
40e28833
00e0f1b3
01072333
00d87533
02400693
0036a023
00257633
0297e7b3
05657893
ff9a0593
40745833
00f71633
ffd17613
fff7c813
00b6e263
03b5a513
00d6f793
0085e133
41398133
ff140893
340397f3
0293f693
00400793
00878023
34081a73
006929b3
01371933
0177e293
00150263
02438113
00400193
00019a03
01184433
04c87693
ffe96193
00971263
02c00513
00055703
00829463
03156533
0407aa13
41210833
02a83593
00f430b3
02373433
ff07c413
00367463
00f400b3
340214f3
04a8c393
0473b593
00a346b3
02400893
0008c203
34079673
02000893
0148a023
ffa82793
01481733
03800093
01209023
413856b3
002120b3
0099d433
03844393
00915463
0141e9b3
0211ca33
000a6193
fe180993
34002273
340026f3
ff934093
00565663
02800a13
006a1023
01240633
005157b3
340027f3
00000793
00078803
00f887b3
00800913
00094283
0188f293
00198233
0067a333
00c21263
00c6a5b3
0250d5b3
0044e7b3
40598333
02b94113
0066e463
04662913
00ba5863
05884693
01c00a13
00da0023
00e38463
018a3793
0074e433
0030d1b3
01164233
03d5b213
0084f5b3
01224263
00a328b3
00a0c1b3
033918b3
007250b3
340117f3
405180b3
340312f3
fe42f713
40e486b3
029841b3
029848b3
0109c433
406a5733
03400993
01498023
00e977b3
03400a13
000a0583
34039373
03c24293
03000213
00021a03
00633133
fe35c693
00e41433
02800793
0007d883
02400913
00c91023
408208b3
00985263
0094b5b3
02734433
00244833
00f7a4b3
04a7e313
02a907b3
00a1d863
01c00393
00038303
0024e633
34002773
012a0463
fe796593
ff368213
001473b3
03d97713
01000413
00542023
408688b3
01189463
34002973
0068e533
34002673
00c74263
03000413
00041103
40768a33
001626b3
340914f3
413a0433
03a27093
fe16f113
0122e913
ff42e413
009742b3
0322c7b3
00398633
04016193
024627b3
34039773
05586893
03c00893
0008d703
340025f3
00800193
0001a083
00d95663
41085133
0103a7b3
05a34713
02c4a6b3
00676893
014435b3
4116d6b3
340028f3
01000993
00a99023
02966713
01e76213
fe05c593
02e2f0b3
00498263
34002273
02400a13
014a0023
02d28093
02980433
02286113
011614b3
00a6f663
02c00293
00928023
40c85633
03293133
ffa84113
34039a73
02281933
00e20913
00da6493
022a7913
0097d6b3
02725433
00d3b0b3
00317663
00b372b3
34002873
02a66533
00f5e2b3
0049e663
0526f993
00770463
009240b3
02800a13
000a0483
01385263
feda2093
02d38333
340814f3
02400993
0009a883
00799863
340028f3
00400293
00628023
ff428613
fe496613
00927433
34051873
00a7a4b3
00c00093
0000a203
34071573
05fa3513
02f937b3
0258e5b3
fec1a193
02f10813
0130e633
05584193
02490713
02800093
0000a783
05733893
02400493
0004c283
00400893
0008d583
01e46913
008328b3
00e3f413
fe2a0113
0276f0b3
34049973
005080b3
00c2e493
00e4e8b3
01038263
01389263
01400393
00038203
0112d133
01c00493
0004a703
340026f3
00a60663
00400093
01109023
410588b3
0055a6b3
00b283b3
01634713
4135d333
ffb6a093
007411b3
0095c2b3
fff1c213
00a85263
02a21433
02400413
00040303
00844a63
03400693
00968023
01400813
00582023
02400493
00349023
00775663
01c00993
00e98023
fe357593
01328913
ffb16493
03000693
00068583
34002673
00c42933
01098263
01116533
4044d933
0143c933
0134f133
00c9ba13
02e6c913
00284893
008882b3
340695f3
01351663
00d205b3
02082313
00e8c633
03363993
059a4793
00400813
00084583
02611433
0026d3b3
006a3833
0280e633
03762093
0089f193
00d25863
03716913
02000313
00032883
0355ca13
0547b493
01c00793
0007c903
0344f193
00da7263
01436263
00d4d263
01000693
00068503
ffd52493
00000593
00059483
03130213
0312e293
34041973
ffe86793
03400a13
000a0183
fe752293
401981b3
05a7a713
02c6b533
00861133
0112a593
03400413
00c41023
005a1263
01000593
00259023
02541733
0058d263
00b53533
04953793
00395663
04370513
340026f3
00d37793
340025f3
02000213
01221023
001327b3
0471b113
005794b3
02000593
0005da03
034507b3
409805b3
340490f3
01009663
01413433
340418f3
01800593
01159023
00577333
0136f533
01c8b393
00758263
02400913
00190023
fee56313
34051273
00608713
03800313
00531023
0344b7b3
0061b3b3
00e17463
00165463
009702b3
01000193
00919023
40f38533
00c21333
03800893
00e88023
03544513
340719f3
00800293
01129023
0129d233
0038a733
02e72633
0120b813
0276a333
02c2a093
02524393
00c2c663
04318493
00c5d6b3
0052e2b3
03800513
00e52023
02c2e513
00400513
00750023
01400693
00f6a023
fed66493
340415f3
feda7793
414209b3
03000a13
00ea1023
34021a73
340415f3
0336c933
00543a33
0120c8b3
34002573
34002a73
00e57263
0131a1b3
0033d1b3
34002173
0001a593
00a17263
407303b3
05c3f093
0011a533
0274b833
0257a5b3
01000393
0003c783
01394833
0328d5b3
0052c663
03000813
01480023
0149a493
00400613
01460023
00000413
00e42023
34002973
412089b3
34041973
00c00393
00d39023
ff170613
014a47b3
05d52413
4136d7b3
031323b3
0026b0b3
00400313
00035183
340115f3
01992313
02168793
00c00193
0001c583
01400913
00095103
03400713
01071023
fe817293
340023f3
00a24263
41258733
34002273
049a7613
4081d833
0041e463
02812393
0046e863
03000693
00068683
0082c3b3
410600b3
012868b3
02000413
00045103
0020e833
005849b3
40d9d833
01400413
00045483
04f37493
02c00113
00012503
4097d333
02245833
410082b3
00800913
00090803
340891f3
009961b3
03400293
00429023
ffc62a13
002643b3
022526b3
02e31833
01000393
0003a083
0102f663
00c00493
00548023
02e86633
00b29333
0156f213
34002673
01000913
00191023
03800793
0057a023
0026d833
05a6e813
07b93993
00364463
34079673
00873a33
03800193
00b18023
00d17433
00c00613
00065183
04920813
0085e663
06b9b993
40f78933
032629b3
00783593
00e7c933
002805b3
03048433
02536493
340117f3
02c00593
0005ca03
340811f3
01800213
01420023
00ca7a33
00400613
00f62023
0267f233
00e78463
00a8f0b3
0197f793
0139a1b3
011a48b3
02c80433
0071f463
fe396913
fe70f893
04a8f213
04236393
02c00213
00020683
34002173
01099663
0045e263
04e58393
340793f3
021682b3
34002273
03c00513
00055a03
0767b413
05ca7613
02000893
00089883
00c00593
0125a023
001a59b3
02800393
00039403
02a68733
340793f3
00c00593
01359023
00e38933
032a27b3
03000813
00080583
00a658b3
34071873
01843413
05193713
0267a4b3
0332c713
01247263
01431633
00a4a6b3
0159a913
01274693
02f54733
00ea0633
03354693
0149d733
00ba6233
012747b3
02e67633
01077393
fea1e813
02c672b3
0454ba13
03238733
00d837b3
03400693
00c69023
02c665b3
34061473
04c14093
009869b3
014764b3
02630833
01400493
00148023
0087c5b3
340991f3
00151663
01268663
033555b3
0085d6b3
01243513
00f707b3
022605b3
01061833
00a72a33
01800693
0006a383
00762233
02b469b3
340025f3
00937533
03000693
0006a083
03143693
00273233
014417b3
340026f3
34081273
01000093
00008983
02e430b3
02364833
0230e5b3
34039473
024462b3
34071473
0017f433
0111c7b3
340021f3
40b854b3
34019773
001a5263
027545b3
00a3e733
05e43213
00e577b3
009675b3
01723213
01c00193
0001a503
01223933
40c202b3
0111c713
03014433
0046a2b3
02c501b3
00271263
40f35233
01800313
00e31023
05138513
01c00193
01318023
01474863
0040d2b3
01800513
00050103
00344433
022622b3
fec28393
0786b413
00799a33
03083813
340028f3
03336393
001624b3
00c457b3
04538093
005398b3
0059e663
00e1f8b3
02e3a8b3
03000593
00658023
022540b3
02222513
0064e533
00e872b3
00c21663
0012d663
0083c4b3
00f69333
0015e2b3
03c00513
00054183
02c72693
005235b3
0060f733
ffe90693
00150693
00c44863
00800993
00098a03
008a30b3
004930b3
01000893
00489023
0010a313
04c84613
00778463
004a41b3
002675b3
00118a13
ff186893
01a3b093
02000213
00021183
008308b3
021948b3
01000893
0008a383
4033d933
00f2f3b3
34002873
00c2f633
0599c993
02400413
00040883
011614b3
0285a2b3
0074b233
0133f713
00667633
0241b433
ffd42693
00c37263
04238413
34002973
41290233
007895b3
00a6b533
01055263
03800393
0013a023
004a1263
0261e913
34002673
ff484813
0027f463
fe446813
009482b3
00b6f263
03168613
fe222093
00466a33
00b16663
00317733
00a18433
0217c693
34002673
0387a993
00a5d463
01f0f113
0072f333
0278a533
03800793
01178023
03000513
00054283
02c00193
0091a023
340028f3
00f9e693
00b56833
340715f3
007386b3
02da30b3
00000393
00938023
4131d933
01174813
004693b3
0063d263
340093f3
0115d4b3
00814093
0499f893
00d47463
0025f793
00c00213
00021503
ff260413
340290f3
04b6c793
0115f463
002542b3
00d7a1b3
02a7a613
0037c263
00400513
01050023
02c00093
0000da03
00400893
0028a023
0278e193
02c00693
00068683
0315e933
0558b113
4042d7b3
0037c663
00000513
01350023
34002973
ffd66713
00f19463
340021f3
01000393
0003a903
01800593
01258023
006462b3
022241b3
005467b3
00a7e2b3
00ba5933
0530e713
00018713
02c00313
00e32023
04083193
03000993
00699023
40a506b3
ff877593
0094a793
00a18833
0329f793
03800193
00018903
00c75833
00c21433
00240863
02800593
00659023
fee0a413
02c00493
00a4a023
04ba4993
34021673
340029f3
01c74893
00987133
fef3c293
00983633
00a66263
00259733
0028e463
02644413
340617f3
00e1c433
0332b3b3
00800193
0001d603
00000593
0005a403
40c358b3
03c93813
00e0a633
01330433
00691233
00000593
00058403
027112b3
00671933
00992633
40578433
031584b3
006170b3
0391e913
fe177393
023208b3
00919463
00f2f263
00466663
00c5c7b3
00f29633
0091f333
00921263
00f50633
0143f193
014761b3
04b0c293
0554c293
00c362b3
04377393
02c00513
00054383
02e1c7b3
02400293
01028023
00229733
00460663
0083c093
0049a933
00c93233
0134a493
340512f3
01c00513
00052203
0124e4b3
00394133
0469e313
01400793
0087a023
0291e333
fec56793
07313213
feb24513
00400093
0090a023
0090e263
fea8e393
00c174b3
00609463
fe226893
0070f5b3
01830513
00f33133
00000693
0006c103
008a2213
06973913
05d66793
00e991b3
00b20263
001566b3
fee88793
0551e893
0030d863
01c10813
00800693
0136a023
00b7d863
00000993
00098583
01a54093
03854193
0111f4b3
03d92813
06a4b713
00a3c513
005147b3
ff86c793
0054ea33
00420933
07a8b613
00b538b3
0305f993
0023e5b3
00c806b3
34019173
00751a33
00000493
00049a03
00d0d463
0369c913
00800813
00582023
ff71f813
0030b833
01375833
00d57933
00e87863
03800993
0009a303
0147c263
02f588b3
0074e733
00c00293
0082a023
4110d3b3
02000593
00d58023
03800313
01031023
021650b3
03898393
34002a73
021684b3
00a4d933
03800713
00e70023
00a2f263
01663313
003142b3
02400913
00691023
0049d633
010192b3
0121c233
0349d0b3
34002873
05e83913
40378a33
ffb82693
340419f3
00b3c6b3
03782a13
340113f3
0052f1b3
0292a8b3
00836663
01000913
00095403
0028c263
00a293b3
03284233
00d2e2b3
40f2d333
00d0a733
00d29263
010983b3
0146e663
001799b3
0446a113
03570093
00a1e533
03e50493
02f1e793
00664263
34051173
00ba56b3
01400313
00b31023
ff324313
0533c813
41095133
00581733
0058f8b3
0133f9b3
0106f663
41048233
00484733
014514b3
34002673
406282b3
00632433
00000813
00085403
00544233
0103f663
0081ea13
40f60233
006199b3
00400593
0045a023
03042433
0089e663
4079d333
04ea0993
0027b533
03800293
00628023
00844293
01000093
01409023
34071a73
34039873
025175b3
02f4e333
00230463
03470113
411401b3
00b11263
00538233
0097d263
031a2833
00726433
00e9d5b3
025630b3
02a7c833
06d9b313
02000493
00d49023
40f408b3
34002873
003385b3
340590f3
01800113
00f12023
34002a73
00877313
01469833
049a6993
001761b3
0018c263
00619263
01400913
00392023
01800193
00019603
03000393
00039603
4077d0b3
00d814b3
01294263
0100f263
05e8b693
0177f693
04628413
03400113
00610023
00164663
40a48433
406288b3
34002973
0317b233
0011d9b3
0264f113
00c411b3
0263e833
40840233
00480663
00d3e633
00b95863
014945b3
03800993
01199023
00231663
01461663
010642b3
01467863
01379133
02800813
01280023
03c00813
00082803
40785933
00400093
00e0a023
025a2513
01400393
00038383
001945b3
0136d463
414901b3
00e2d833
4110d833
00b6f663
02330513
02864933
00336263
0314c6b3
00000613
01162023
03b78513
0233a3b3
00860933
04a7e313
34099a73
00f84663
02000193
0001a083
00a676b3
02a156b3
00724633
0047ea63
00000113
00011083
02800813
00080a03
00b1c833
008582b3
34091873
01296263
0111e463
01918593
0060f293
01400613
00d62023
34061773
00c3d663
02c945b3
409203b3
01459663
00841463
413409b3
00400a13
000a4903
002209b3
01000993
00f98023
0136a713
00d83593
00c1b633
00587263
030210b3
01400313
00031183
0126e863
03000713
01372023
02388533
340028f3
03073793
00e952b3
340026f3
01800613
01361023
0226d3b3
01158933
003a2633
00800893
00a88023
02620933
03014313
005848b3
05683913
00385233
03587493
049a0293
05696613
04127693
0106e663
40c18733
01d82413
0488f893
01c00713
00670023
03800793
00278023
404607b3
00000593
0005d983
41460133
0025e1b3
03000093
0030a023
412757b3
05a3b893
04e94493
340990f3
00b7d433
403288b3
34002873
00000593
00059883
0149c813
02380913
034532b3
ff612393
0636b893
0051f863
03b9c493
00400093
00009703
ffb9e613
01da3893
ff852093
026397b3
00ca6663
005110b3
01050133
fea40993
008547b3
02c6c233
0120c913
003788b3
00e0f633
00850933
00367913
0072f993
00a78213
0426a493
01117463
002a5263
00aa6413
01b76113
006a2933
040a0793
02772533
03400293
0022a023
01e0b693
02193313
03800313
00b30023
0022e133
00a24663
05b23913
00711533
03800913
00790023
04294a13
01c00913
00091583
34031873
04b56293
026565b3
001285b3
00136933
005643b3
340111f3
03028933
00400093
00409023
00352833
00972533
05f64193
34041373
02d4b493
04974313
01248663
fffa7193
0215e513
005790b3
0109f633
407987b3
402701b3
40f753b3
00e6a3b3
0387b993
40a60133
00e479b3
ffc54913
006a2a33
4077d333
03000793
00978023
0687b793
0417e093
00c8d263
00b7a533
00453693
01800893
00d8a023
0108b133
00c35263
0103e8b3
00a1a213
0027f933
03400693
00068683
01165263
340891f3
05536313
03134813
02b13493
02c0ca13
340023f3
0374b513
01e6b213
005405b3
03000393
00038103
40b6da33
04278193
01c00793
0007c903
01800a13
00ba0023
00f08693
fe158a13
01400193
00119023
0016a433
00f707b3
02800393
0003a103
340020f3
014613b3
03000813
00081603
01800713
00770023
fea88113
00740a13
340a1773
00336693
03800193
00719023
01068863
00697233
02400093
00509023
34002973
0132a7b3
00400813
00081503
00510833
0081b6b3
00334263
00247663
03800713
00071983
0040d833
40e8d2b3
00321263
04c40113
00800693
00b6a023
00e5e663
fe658893
00c81463
340025f3
02000093
0000a083
013222b3
01285263
02800493
00048503
01029263
02938213
02c7f9b3
0354c513
00800193
00018283
0056a333
01ca7313
03178913
0132c263
34002673
00a0b0b3
fe728913
0097e333
01349663
00c00593
01258023
02485733
02957333
02b628b3
01044263
00314663
03000293
0102a023
00819a33
0073a893
01d9e593
01426663
34002873
01387533
00d38263
03800713
00075883
006803b3
340023f3
06923913
40fa5a33
02800393
00038a03
006231b3
02000513
00051303
fef5c493
00800113
00011283
0138b8b3
340025f3
03400513
00050383
0296c7b3
033513b3
00384a63
01400993
00d9a023
03800593
00059603
03800413
00841023
05b2f993
fe660893
013105b3
40948233
00c00493
00049303
00370133
0053b0b3
01240263
05313513
00b4d333
ff37ca13
03e44813
0111e663
00a894b3
00e7c393
0104e263
03008533
340022f3
00e10233
02c22933
00350513
40580733
02d082b3
00961a33
02c00393
00038203
34099473
03000313
01231023
03400493
00149023
01800793
0007a503
01800293
00028483
00400913
00f90023
0527e813
01400213
00920023
00800593
01058023
00ba59b3
340990f3
40e558b3
0100f663
04216893
0563f393
00e860b3
0086c233
07a5ba13
01347613
0497a593
34002473
02f5b833
00d31533
0352c913
00000713
00d70023
00f3a0b3
01000493
00049903
00800593
00059383
0349a6b3
00176663
00c7a0b3
029223b3
02c00213
00122023
03800613
00064503
0122a813
4010d433
014665b3
02000393
00038983
02983133
0026e513
0237b413
006643b3
04076a13
0282b933
03294313
00288733
00911933
02797733
008381b3
04373593
0229b333
028a37b3
0215c913
02e34333
00e131b3
00b44263
04160a13
34029a73
03800393
00738023
0022a3b3
0136a533
003a5663
00000113
00015683
02e56193
03c00713
00075403
02000793
00679023
05a93093
01400813
00081103
012a7813
0210e393
fe03f393
008838b3
01295263
fe48e093
00e24663
03000413
00044083
0138b3b3
05d1a113
024606b3
02d830b3
fee7c613
01063733
00800793
0007d703
340020f3
00d690b3
40118133
00c7a633
0071c263
04b43413
026473b3
00444263
00d31263
04b53893
0127e7b3
ff262593
0138c933
02e765b3
01037463
0270a593
00c00413
00044603
00a22893
0038c593
fe018413
34002273
03029333
030a02b3
00760733
03e26213
0111b6b3
0059e733
40c0d833
0046c7b3
00d314b3
029209b3
0060fa33
ff76a893
00800893
0008a783
010599b3
00e450b3
412307b3
02000593
0015a023
00d4f213
013194b3
00c4d263
07413a13
00800613
01361023
0290c193
006139b3
02a20a33
0051b3b3
0101f733
00668263
34002773
00958533
0322a7b3
00f5e3b3
fef7f613
01400813
00280023
0100a8b3
00c22513
02d108b3
340113f3
03400813
00080483
00f84463
0071c263
41358833
0096ca33
01236663
00a5c263
030960b3
00c14663
00000793
00c79023
34079373
ffc52593
0133b433
03836293
02400393
00039403
34002a73
340095f3
00749263
01000193
00e18023
01257663
00400993
0069a023
00400293
00e28023
002573b3
01a62313
04227113
003874b3
00c45233
07513313
002277b3
0042a9b3
00800513
00c51023
00c44463
00d6d3b3
40c3d8b3
00e7a933
0084c663
340598f3
014734b3
40d75133
0222c7b3
01014463
0117e663
0301c6b3
0025d0b3
0141d463
00b724b3
00e10263
02b750b3
0099f263
fe92e993
00196333
02281633
0051b193
0568a213
34039a73
00a6a833
00a978b3
0015a333
0045e533
340028f3
01024533
00486133
00b36663
340799f3
00c2c713
00185833
0199e693
0064d4b3
010370b3
0011e533
00800893
00088303
0017e463
05936213
00626393
03029133
006644b3
00000813
00084903
04b10913
00000113
00012303
407a0833
0341b413
0133c4b3
03800493
0064a023
40c801b3
34002973
fef3a093
0053a0b3
0037f263
0465fa13
02953813
012809b3
03320a33
01c00293
00028203
031910b3
02400393
00138023
00c3b893
401588b3
ff8a4693
34002973
34069a73
00f36263
01800093
0080a023
0010f263
0013e263
03400093
0000c983
01400613
00861023
02e0c733
00456463
005508b3
00795533
0396c293
0242b193
008798b3
03000093
00509023
00b50813
07653213
07473413
00fa5263
02175933
00110263
00937463
ffda6413
00000713
01170023
01464463
01415833
01396533
00d72213
34002273
00563a33
0028b333
ff868693
00f503b3
01068593
00121263
02f302b3
340025f3
0277f3b3
00146263
0316a113
00a820b3
0038c863
02966633
00c00993
00e99023
0475a313
0252b5b3
01193733
00449633
00717463
02d5e5b3
01400313
01230023
4066d633
0147c0b3
02800793
00078303
01000393
0143a023
00000493
00048903
34002973
00e1a8b3
0098f6b3
027716b3
340021f3
40a4d7b3
02f50493
00c08263
0452c613
0264a5b3
409656b3
0001b313
0053d263
00e9d3b3
00180863
00a18a63
01c00313
00030283
00c00a13
000a0583
04933613
0146b7b3
02000513
00052103
013855b3
0027d463
011364b3
01000393
01339023
01800213
00c21023
4010d6b3
402585b3
030259b3
01396313
340119f3
030526b3
03793413
01800a13
000a5583
00f177b3
03476433
003427b3
04c1f913
03b5e693
02c00193
0001c183
0041a233
011a4a33
02214493
00c00293
0002c583
0027c463
014529b3
01209a63
01400913
00791023
02c00613
00064883
02f663b3
00756233
0535a593
00880693
0041a3b3
34002173
fee32593
41445933
00e26863
03142893
01400513
00054103
0033f533
4084d9b3
0055b833
03734393
00b9f9b3
01068463
fe364093
34002673
0084c733
00c21263
0073c6b3
02e739b3
01253a33
34051a73
340023f3
00800613
00660023
00216333
02c00493
0014a023
01381833
00764633
00b70263
34081373
00454463
40d2d6b3
03628413
01488a33
0313b0b3
03000693
00868023
03800913
00592023
004267b3
00e9b833
0065b6b3
02a25533
01800793
00278023
04b28293
00e52933
00983a33
ffc66693
ff41a513
00b66833
02e57633
340814f3
031494b3
03252833
021a4333
00d9d463
fe012513
00800313
01330023
0221ba33
00800a13
011a1023
0022d933
0037f263
340790f3
0065c393
013626b3
340197f3
0089c263
00c18433
00737133
00c68463
0018e463
00497263
01400393
00b3a023
02d808b3
0457f293
00f20333
0270b533
0120e7b3
04992193
004268b3
05026593
00c99463
0010d9b3
03068333
00930a33
340317f3
01497a33
04027913
002911b3
0004b513
00271863
03800313
01132023
011798b3
340816f3
00283213
0070e8b3
03400413
00041483
00c00093
00008583
0051ba33
01822093
0042e663
034861b3
411202b3
00000813
00080903
006652b3
02454633
0236b433
03833113
0108e113
40938633
34091a73
0053a8b3
00a9d133
0208b213
0056d663
010a6733
00418733
0595f993
02800993
0009a983
0027e233
0184e413
fe28e213
00800113
00c10023
0027a333
340791f3
010a1733
04430593
0057a693
00b57833
01577813
00e16263
02f1e5b3
00898a33
01b68093
00c5a533
00627933
0264f2b3
006847b3
0202c313
003309b3
ff41c313
00222a33
0025f663
00154733
03f92593
01281263
0511c193
00a54593
00c854b3
00188733
4096d933
00435663
024a2713
012a0263
02800793
00e78023
00b56233
050a7213
0298e4b3
01e5e393
03000593
00159023
02000693
0006d083
00000813
00580023
0024d263
00756663
00d23433
01198093
05967493
0237c2b3
4051d433
01348533
fe857893
03b5c893
0133b8b3
010966b3
03b73113
03800293
00029683
02000693
00368023
403489b3
00c1c933
006a54b3
05ca7893
40d8d9b3
02000293
00029303
fe49e313
03f7e893
34002a73
0128a133
00531533
02f6f2b3
34002873
05834493
0100e463
03550113
029145b3
340025f3
34029573
002195b3
05844893
00861463
0284d1b3
003a36b3
0230d533
05924493
01000213
00025103
0375e913
0123c263
0260d4b3
ff174213
4100d333
0243c7b3
02000193
0121a023
02c6f8b3
001a7663
00c45833
07f5b913
40c88733
402982b3
01372813
009809b3
40ca5633
00000713
00372023
02161433
00000793
0007d603
034406b3
41208833
02800413
00045603
034971b3
fe58c293
02c32933
02968293
05d1e593
001570b3
00738463
00b2e733
02510913
00e79533
02d8b8b3
00574433
00400413
00042603
00c1d633
fe288213
00c10533
03864193
011422b3
0100e263
02c00593
0055a023
00552193
01000393
0003a183
00e31733
40225533
00a1c993
0121d9b3
03000893
0008ca03
0015aa13
0044ba33
01464993
011706b3
007354b3
340020f3
00400313
00034403
00748833
34002773
00864463
407402b3
04596893
01076263
40718833
0040c813
0169f213
01400593
0005d203
01068663
0332b833
031a0193
40b70133
01037433
01324663
05ba6713
0338f633
00390333
005476b3
340a15f3
032206b3
04f6b993
0023d833
02c17833
34071173
340021f3
0052d133
0125d133
05976913
00447933
02800093
00008903
003265b3
01f9f393
34011673
03000293
01028023
04618693
01a28893
0098e5b3
34002673
00640463
00e84733
030683b3
0120d4b3
00184633
00667633
0076e463
024958b3
34031773
0291c7b3
00b9c5b3
00c00493
0004da03
00366463
01934993
0076da33
340029f3
02800493
00749023
00c5e233
003525b3
40d609b3
04253813
0113a733
03800793
0007d203
0349a193
0039f733
00a6a833
00d52433
40ea00b3
00068693
0102d3b3
01284263
012a51b3
412358b3
03000213
00221023
0086f8b3
01c82793
402686b3
01216433
02671233
00b5aa33
02000893
01288023
0104e893
02f34a33
0014b933
05722693
00d6a813
00400993
0009d983
01028263
01018433
01139463
0085d863
03400a13
007a1023
340023f3
05348413
408359b3
03b93213
0109a0b3
ffa87113
0038e263
0504f093
00b1d633
0033d9b3
34081673
03400493
00149023
02c48633
02000393
01038023
01e62993
05036693
0041e663
40f65633
00e1e463
340022f3
0076d663
01022833
0270c093
0128d863
02000413
00040583
02b3e6b3
00b96463
005422b3
0298f6b3
00b3a133
03533113
02c00313
00030283
01800493
0104a023
03000193
00019183
01449333
02c00613
00062283
056a6113
00179233
009217b3
41060833
41045233
02a1d1b3
ffa67513
0042a1b3
01281233
014438b3
00114663
00400393
0003c083
00240863
01400393
0003a683
00fa28b3
02400793
00678023
00896663
40925833
0114f133
00390263
02e0c733
00509833
008a2893
0073e833
00749833
fe190493
01230263
0098a633
00da20b3
001101b3
0167e913
340299f3
fee5a113
00800293
00429023
004741b3
00000493
00048603
00f93633
34069a73
00f910b3
0135e3b3
01000613
00562023
01388133
00a453b3
03354833
34069673
02a4c833
40e75833
41488233
00413933
02c42a33
05a16913
03f80693
011321b3
34081a73
010360b3
03a57793
0208f193
00c51263
0083d263
01490663
04774713
0324a2b3
00757463
00aa51b3
0125c6b3
00976233
0074b5b3
030a3413
02f66793
00387333
0399a413
00e7d463
001448b3
00c796b3
34069273
00a6e5b3
01171433
04333893
ff92f393
004685b3
0380a113
0307a113
031a3933
340410f3
0090c833
04da0593
00c00413
00e42023
00d44933
02f2b213
00c00713
00c71023
003228b3
05c48913
012a7463
02e832b3
ff64a113
00ca5863
0422f393
00000493
00049a03
010306b3
0242d533
0038f263
fee42693
00400193
0041a023
00400513
00052303
340021f3
0059a593
05c93193
0124d463
40c456b3
004838b3
00661663
0120a9b3
40d887b3
03800093
0000da03
00596663
0067e113
021975b3
03b96393
00997263
03c00493
0004aa03
00b80663
05a56513
00e83133
404754b3
00400313
00034783
fe13e893
02b36713
34002273
02670193
00000113
00014783
34002273
01c00993
00b98023
ff6a6393
01400293
0112a023
00f99463
340390f3
409a08b3
00c00913
00090403
00671a33
0281c2b3
03264293
00b56263
0139d9b3
03000913
00c92023
40d4d233
02e77513
00850263
00728263
340a10f3
0256c193
0097c863
0091a933
00800093
00c0a023
00131263
00855463
0049d0b3
00da0493
340911f3
00e702b3
ff336313
00266533
fec8e293
04a73593
0240a713
00ca1663
41330633
fe220793
00d7c263
01457263
02800793
00f79023
02000493
0004da03
0067f133
fe996093
0243e813
0117d463
00393533
00d184b3
01000493
00449023
011365b3
00d17263
4017da33
41088833
34091973
34002273
4024d933
41060133
00a4f333
02800313
01331023
34031473
05c5b313
34099673
00c00493
0114a023
02000093
0120a023
34009773
401286b3
340027f3
02c00313
01132023
34002673
00c51663
001232b3
fe282113
340791f3
02800193
00019883
34061873
027a08b3
ff362913
fe35aa13
0624b413
04916813
02400713
00074183
01164263
0096b333
02b8c493
00216433
00000313
00d31023
0485fa13
00e5b1b3
01219a63
01000413
00842023
02c00a13
000a0103
00c00593
0095a023
340913f3
00968733
01000913
00094503
03000613
00061083
0063f933
01c5f693
00938a33
02400293
0002d303
02c00a13
000a2583
02f2d533
04e1b213
0042f6b3
04a28693
34081373
03400613
00061783
00315663
01400413
00d41023
05590193
04936893
01000593
0115a023
fff98a13
fe95c913
009380b3
059a4413
009960b3
07a73713
02723433
02a44393
0350a713
00474a33
fed1f393
40f95833
05383613
00951263
06b7b793
0079b993
03c00713
00074203
ff457413
fe91e093
00400213
00020583
01362833
028652b3
340021f3
00f5f593
014402b3
011894b3
05ca4113
008506b3
0271d333
fec6e293
0273b833
01282a13
4071d1b3
ff13f293
046a7193
0286a693
02000993
0009a403
0059c133
00b4e7b3
026819b3
03400913
00292023
34002173
02b46333
00d739b3
407350b3
013212b3
fe596893
030707b3
00515863
01367a63
00800693
0006a583
03400593
0005a383
414789b3
02400593
0005c103
fe19c713
0047a2b3
fe08c993
34049573
0051f333
01c00313
00432023
4079d4b3
02000493
0004a303
ff462613
002480b3
03c13093
40950133
00e5e3b3
0019e233
340021f3
340797f3
00c8c733
0097e4b3
00f30213
ff894313
340714f3
340029f3
02f25733
00800593
0005a983
008081b3
00d590b3
01000713
00470023
0053f463
0653b993
00460333
03263433
05ba0613
00b115b3
01340463
40e0d433
0073e733
02938213
027102b3
02f0d8b3
40220333
01116863
03800613
00065283
02339333
01800413
00045683
006a40b3
00815833
00133833
00d2b5b3
03c00113
01312023
0030d0b3
01400893
00288023
0081c663
01175463
00f2e933
00755833
027115b3
ffe8e693
00800793
0037a023
00974933
00676913
340497f3
05e27493
0070d263
00c00693
0006a483
0422f913
0236d3b3
0039e833
40f4d6b3
00c00593
00858023
0092e663
02f51233
00924263
03f24793
013340b3
01000393
00d38023
0316f233
340028f3
00947863
01400a13
000a2383
ff04f093
fff87913
0107b833
00e26133
0661b393
01c00213
00d22023
0244a893
0083d7b3
02358533
02800213
01022023
0053e9b3
007918b3
0110e863
03c00893
0008c983
340795f3
03e8a513
02258533
0575c993
40b2d5b3
fec8c793
00f6b333
0116e663
fe276693
40a5d2b3
00d65463
04b80513
408985b3
00679263
00d70613
00c2d263
03800613
00362023
34041273
02400813
00084803
00e0f393
030a6793
414083b3
34099273
02576833
00637663
340026f3
0229f2b3
01178263
01447663
05708293
0103f663
00f930b3
02c6b413
00d4f7b3
0553ba13
00274533
0149e2b3
00000613
00f61023
340415f3
340211f3
013503b3
00f4d4b3
02473913
02400393
0003c203
03800793
0007aa03
00266433
00b175b3
0296d733
010231b3
03000993
0039a023
028256b3
02279133
00b4f463
00432293
41075833
01800693
0006d883
0119f633
40a30533
00ba21b3
00485533
0037c0b3
011a75b3
00f26693
03486893
401104b3
024233b3
0462c393
0471b913
001169b3
01400513
01052023
00a08463
34002873
0363b713
02400713
01471023
001a6863
00c00513
00750023
00459663
ff022413
0129fa33
00b1b7b3
01126263
0070b833
01800713
00075203
00d2fa33
34002673
0090f633
40d30433
00a34593
05428893
402206b3
02e45333
0067f263
00c00993
0059a023
02800413
00041983
40e906b3
05070993
34089173
00640263
0392a413
008903b3
02000813
00082383
01024233
026581b3
00b5d533
340026f3
40480433
0079f0b3
34002a73
00460393
00650513
0477c993
05867193
00629463
03132933
01d80093
00800293
0002d203
00c94663
0096e133
01213293
029a5633
ff86e913
03800513
01150023
02800713
00072203
01c00593
0005a383
00000593
00458023
00800613
00065603
00c87263
340213f3
00c57593
01000313
00a30023
0051e663
02a610b3
00e77633
0034c313
03000413
00042903
02a8e833
00768393
00a9b313
0380a593
40c68a33
05110413
02553593
01400193
00819023
340591f3
0347d233
0446b093
00da2733
00736393
0268b4b3
00636263
34002373
00570263
010a17b3
00430663
01460463
40a985b3
0031b333
0019f663
00000693
00769023
340028f3
00a183b3
340095f3
34031773
01185733
ff866913
34021373
03284293
0086c9b3
00d24433
01400713
00072403
00d3a9b3
01475463
00b864b3
00d0b733
00c00193
00619023
02c00713
00472023
ffd74193
ff232713
00b6f263
0061fa33
41395533
00b465b3
02c00793
0007d983
01e24793
0060b533
01324633
02708833
00000093
00008083
0098a333
0034b793
04236893
ff047913
fea77113
ff31a293
0225c713
34049573
00400113
01411023
00e512b3
00b15463
0063c993
00000213
00f22023
03800593
00058383
00460133
01466433
013714b3
02800793
00d79023
04f0a213
02a7b433
00f216b3
fe76f613
00f6f2b3
02400413
00040403
01a3c493
00e6f633
00b57463
0136a433
40c8d5b3
34002973
fe32f213
ff3a0713
0231c233
0083f263
340210f3
00c5b833
02f1f813
02000693
0006d103
fff0a713
02913313
03467693
406451b3
00488863
0237f333
01c00513
00054603
00f9e463
0135c933
00761463
0123f3b3
00866663
02000193
00019083
01c00193
00719023
00400a13
000a4303
ff57f493
340027f3
02973733
02e2e0b3
02c00793
00078603
00c00193
00019a03
0299e7b3
00a642b3
0134e263
00e91463
0698b613
01225263
34002a73
02c00413
01442023
340026f3
340698f3
02d1d433
01568913
0129a5b3
00415663
01033533
01154533
fff74113
02711433
0114b0b3
02d1c513
fee97993
05253693
340192f3
03074633
0016d263
03000813
00080783
01800293
00028083
02e4a133
0129f533
340295f3
fe22a913
00437663
02556533
340613f3
00c00093
00a08023
34039273
0587a493
03f34293
40c8d233
0057b833
fe292713
01045463
05356413
00325663
01c00693
00d68023
05e2a993
03800493
0004d903
340020f3
00e35463
00169263
01800793
0107a023
032933b3
009a7663
0282b293
03191733
02400713
00a71023
02931a33
340416f3
0046e5b3
005294b3
340025f3
40a381b3
414303b3
05128093
01366263
ff496493
04e57913
00667a33
fea26813
00555433
40870333
02f16a13
001684b3
0115b913
00798863
00c00713
00071983
34002873
02000093
0040a023
0146c7b3
02c6b9b3
01215663
02b9c3b3
02929633
007a17b3
04c44493
00b68913
00000293
0072a023
02f4d633
41170633
01481433
34049573
03e9a113
03748093
05084513
403487b3
feb76113
340291f3
412902b3
ffa46513
00687333
003a63b3
01424463
00a88263
00800213
00020383
340029f3
03068533
012a4263
030a41b3
0479a413
01468333
40115533
00f79263
0130d263
00f69463
34019373
02400993
00099503
02c2c733
00a96733
02000413
00045803
40645a33
03800213
00022903
340021f3
031354b3
032773b3
02c00913
00094683
0028e263
02000213
00922023
0178f613
00c87663
41125533
fea92213
04528593
02800093
01109023
05b7f913
feaa0113
ff994493
04a70513
0059f3b3
0131d263
00288333
0091f663
02000a13
00da1023
0123c9b3
00c0f333
02a7fa33
0400c913
410158b3
402400b3
05f40713
34002973
00000593
0005a383
00c00413
00040a03
03400713
01271023
01400913
00791023
00e61233
03055233
03b1c793
05d1f113
0183c793
06863793
fed32393
02800413
01442023
00c39263
00624263
406a0933
fe062213
06943093
02000993
0009d983
02ea58b3
034423b3
0061f4b3
03d2e513
00c00813
00080683
34009673
00233a33
00971933
02516633
02f1f133
04e80413
00176133
0133f813
02800593
0005a203
fe67f793
34009273
0013f933
033381b3
00585263
00834633
004307b3
340021f3
0519b093
0317a733
00286663
01345263
fef7c513
00b81733
00384a13
340028f3
00a59263
413184b3
34091a73
01095663
40e35333
40e68233
00d10463
0135ca33
04b36393
34081973
006963b3
01000213
00024503
03400493
00948023
00000813
01482023
01224133
01070633
0038e3b3
00741463
409350b3
009943b3
340029f3
00395333
0149f263
00380463
02e634b3
03da7093
0046f3b3
008a7493
fea7e193
ff2a4393
00559433
00400793
0007d783
34002273
01b96393
00f23833
340025f3
00c77463
01e22113
00e60833
0545e593
01e27113
02516413
fe49c293
00371263
02000213
00024083
34049173
340027f3
00669333
025761b3
0103c663
00b10463
40640333
00b56913
00738263
01c00613
00062283
07f63213
0024e5b3
02c9a493
00415263
0120e263
00d7e433
01800993
00399023
007870b3
02000693
01369023
340094f3
0142d5b3
00d21633
03c63593
ffb87193
00611533
00a9d0b3
01800493
00d4a023
00400093
0000c383
0295c433
fec22393
04964413
0338f833
412285b3
01a2f813
009293b3
0255c733
01584793
011353b3
feb5f313
03076a33
02513a33
00d3d133
05988913
01c98493
00d855b3
01149633
0512c993
010853b3
02000813
00382023
0124c263
0210e793
40f48733
03b4f513
34031a73
fed8f593
0013a333
03400513
00050603
00393733
05c6b713
005156b3
03800213
00320023
ff41e813
340023f3
00d6c3b3
0115f463
00d56263
0521b493
01057263
00428263
0019c533
008737b3
0129e263
412608b3
0037d263
00aa6333
02f2fa13
0128b333
0297a1b3
03000413
00c41023
030572b3
01c17213
ff884913
0029a0b3
00b519b3
00e13233
00ea35b3
01400113
01311023
01400313
00034383
011a7463
40c18933
004114b3
02c00393
00039303
ffd5f913
07c0b993
fef77993
00643733
34002273
41145633
00194263
0065e263
00352933
012568b3
01099633
0271a713
0074e433
00e512b3
00b25663
03800713
01372023
0327b7b3
03371833
340026f3
340095f3
0042c263
4088d433
0283f893
0763b113
02c83393
00f607b3
340819f3
05aa0393
00e6a0b3
40b6da33
ffe18313
00b0f493
00e59333
0074d463
410a0333
00971133
4083d833
02c765b3
01278263
0138c533
0163c113
02a50593
05c5e413
00a4f733
010196b3
03800593
00059803
01240233
00c00413
00042383
05a17513
01110933
00698263
00f57263
003555b3
00c810b3
40c85933
02000193
00619023
02c00913
00091483
00636263
0500e613
0132a833
340810f3
004197b3
ff2a4613
005322b3
00aa5233
00e9e413
0151a593
00800213
00d22023
015a0313
00f68733
014739b3
01400613
00062183
02c00113
00912023
0080f0b3
00400093
0060a023
01400793
0007c883
0051a1b3
03800813
00080283
00b33633
003a4263
0057e3b3
05c98493
001439b3
02042213
340293f3
340711f3
00000793
0017a023
00a87463
02ca0633
02a7a833
01800113
01412023
02c00a13
009a2023
01000a13
003a2023
00b2e263
0500f813
34009873
0050b333
01c00613
00065083
00419833
34089a73
0040c393
03e70313
03176133
0114f6b3
0282e3b3
04008993
02974233
34002773
02d590b3
01f67093
0123d1b3
01400393
00839023
02558893
0713b613
0546a413
ffe0a893
033613b3
0140c3b3
01400113
00010683
340293f3
34009173
02384393
00000a13
004a0023
fe547793
03400113
00012603
01800593
00c58023
00799663
038a3a13
027812b3
02246693
00b39533
340695f3
001624b3
030864b3
04227993
00139263
02c00213
00021483
0010e263
0056e8b3
34002373
fee54513
340026f3
340027f3
00d79663
0027c263
00812833
00639433
00129633
34021373
01c00a13
00aa2023
0067c693
34002a73
006777b3
00c98933
02228913
031722b3
05580293
05840693
05c36393
04a50293
00921263
00722533
340393f3
02b6a1b3
34019173
02400513
01451023
0737b793
00d0e933
02a44493
0173c893
02c00313
00a32023
05a73313
01054513
02000613
00560023
00b751b3
004655b3
03b94813
00637933
0057e133
05164313
00400113
01312023
00a35733
024111b3
4015d333
02000893
0008a883
00c278b3
02334893
02d9b2b3
00931133
34002473
01377663
04942393
011675b3
fe527713
00c0e463
412685b3
0064f9b3
41250133
0096f663
ff180913
02924213
01c00693
00468023
00a29a63
02400413
00a40023
03800793
01079023
0368e313
40a5d7b3
02800893
0078a023
01000093
0000c983
00142933
34002873
01b37293
fe166313
05366893
04d46993
02400893
00e88023
fec8a793
003911b3
0501e513
34069673
01800393
00d3a023
00c87263
00fa2733
340026f3
05088393
00308863
4117d2b3
00400193
0001d403
01262213
04462193
01d24313
00b35833
00e9b533
00b556b3
0360e313
00000813
00080303
00565663
02c232b3
013224b3
01400893
01189023
0061c263
0251a3b3
002363b3
01d88613
00765663
03000593
0105a023
00b8d263
0106c463
01637113
009a4433
340092f3
0344b4b3
02400513
00b51023
002a04b3
02c2d6b3
03476213
01344713
00e17263
02b0a933
01400713
00071403
34002173
34002573
01439833
02115433
00d0f933
00214a33
34061173
006696b3
34019773
0023b1b3
41038633
02d70633
0327f633
34002173
ff44f113
0097f533
012a1a33
01d78913
00400593
00059383
01362733
00689463
0062e263
0216a093
0558f393
01d4e493
013599b3
4115d8b3
001581b3
00e0e333
00e90813
0575a313
0036f633
40135533
0148f663
003663b3
02d16233
05450113
011a0133
fe58a613
02b5b133
03128233
01028513
02800213
00022683
340022f3
0584b213
fe482913
00526463
00558233
026734b3
340022f3
0084b333
340021f3
003347b3
0333e213
00e5b593
02b1aa13
014314b3
00729263
00e74333
029544b3
fe07c913
0132d3b3
01086663
02800513
00052303
0387b093
340414f3
00198233
01380263
00f9d3b3
03800993
00299023
02698633
00675733
02e20733
00c3a893
00f47463
02e12713
001a7463
fef72593
ff72e993
406582b3
0291d8b3
01246463
34002273
03000813
01380023
34049173
0138c1b3
00e08193
024978b3
0238f933
00c9c463
03332713
05f5e913
02a48a33
0054d463
34059673
05428713
02333433
01800413
00041583
340815f3
0050d263
0252b0b3
00a846b3
010613b3
03000213
01221023
0566f513
40b98433
01c00513
00950023
03000713
00071403
0420a793
01837213
0094d263
02d5a9b3
00400913
00094803
01800993
0009a703
00c18663
014a6263
0170b913
00f49263
01950893
03800113
00010483
05c42193
00766333
4083d933
02b3b513
0018c263
40c951b3
02460133
4074d933
008364b3
05990093
fe432893
0298ea33
34049a73
0301fa13
34002373
00a68813
006688b3
01047933
01400293
00a29023
026958b3
0620b893
00e13213
01121663
01400613
00065103
03800693
01269023
00a2c263
01000393
00038803
01265a33
07f73093
0120c733
01055663
02c00713
00371023
ff52f393
00b8c5b3
02924913
00791433
00a09463
0122fa33
0017d463
34009173
00927713
340095f3
04a72713
00f3c663
0432c993
01287463
0134e693
01c70113
0055d233
02c00393
0003c883
01280313
04e67213
014606b3
0134e793
40e10233
001686b3
340022f3
00f15333
00658263
409455b3
0250d233
02c25a33
02d16533
00800113
00010903
06a3b913
40e50233
00e56333
340021f3
00b6b193
40870133
0027f0b3
34002773
0281b613
01149463
0418b913
40ca51b3
0146d5b3
00a1f833
40d38133
340026f3
40e587b3
00879463
02c64a33
00947213
00c00713
00d71023
40c75333
00d98263
04f4a193
0118d5b3
01a2c693
00000393
00039303
03748313
ffc7e493
02000493
0004d983
003a4663
fe00f813
01359263
00b1e463
41190a33
0142f663
01766593
01389633
0082f663
02800813
00d81023
0052c533
01271463
00364663
01000313
00031703
40d206b3
fe750893
02c00413
00041403
340025f3
00e48663
fff34713
012a7433
00f952b3
02241233
0029d633
34002a73
0043a433
ffb9c613
01400313
00034603
34071573
00d979b3
02d4e433
03800613
00861023
0307b8b3
02d74213
4095da33
340a1473
00230633
02f3da33
00a1d2b3
00e3c463
042a6593
00c48263
0468e413
03113613
413559b3
0125a933
0107e213
00a80833
03800913
00094183
03800193
0001a783
413903b3
0082d263
03400a13
000a1583
00e6f933
34002173
04f63a13
00b185b3
06d6b493
02745733
00400393
01339023
05c63913
0118a8b3
fef8f513
00b6c533
0177b393
001536b3
0055d933
0029d663
ffc82393
340022f3
01c00893
00089903
00497263
0059d663
02400693
00069383
0054c663
009586b3
41188833
01e50893
00400613
01362023
030171b3
02b088b3
034445b3
01351663
01400a13
000a2383
40c0d933
340517f3
00c323b3
02f16233
01400313
00031783
fec52793
026120b3
ffb1e413
03c00293
0042a023
031955b3
02800613
00d62023
00b821b3
02000a13
002a1023
03800613
00461023
03b98493
02c00313
00031703
0318d7b3
340026f3
00244263
0062f263
02c00793
00079703
04588613
0027b733
02800a13
00ca2023
00c66663
02000513
00350023
ff79e093
00a9a6b3
0656b993
0105c433
0330a233
fea4e413
00da02b3
0138f263
fea72813
34029873
0070b833
00b81663
02c2a633
02d18833
02996133
02188a33
00b92793
00565933
34002873
002230b3
05ea6693
04d8c093
0136f433
029266b3
02e5a933
00b9c1b3
340396f3
01169933
401802b3
0052d0b3
04073493
02400913
00094703
00471463
34091273
011750b3
00447433
00c3f463
002668b3
0117f633
00c25933
008742b3
fe25aa13
00400413
00742023
03400893
00088583
012408b3
34002273
fe654093
0346c633
0037d463
34041673
05e1e613
0163e113
04710293
02c00213
01422023
402384b3
02e92733
00f3b7b3
00a238b3
34002373
02548333
0021a613
00aa1463
fef6a893
00865263
01000393
00c39023
00fa1a33
fe438293
005477b3
00345863
03b97613
02000713
00d70023
01a80213
ffb7f593
01846513
07e83513
01800513
00051483
009a1333
00c116b3
fe898993
00c00193
00019983
0100c633
04852513
00a88463
00d507b3
02000993
00098983
00725263
01195733
014721b3
34002a73
014082b3
00c00713
00170023
0316f593
03000193
00018903
00a59463
34002973
01000513
00055083
009693b3
01355863
02a94733
00800393
00e3a023
00400993
00099083
340611f3
fed3a613
40fa02b3
005218b3
0022d7b3
34002273
00954263
01000213
00022703
00241263
03800893
00689023
03800293
01028023
01400413
00a40023
00400393
0013a023
fe13e993
0102a1b3
01c00893
01089023
0041e663
00e5b833
0226a233
02f854b3
013192b3
00d37463
048a4993
04ea6a13
34002873
001888b3
00d31863
04b86493
02c00913
00094283
011729b3
0524aa13
fe737513
01248933
340499f3
00400493
0004d783
004732b3
05f5a893
06a5b813
340693f3
02630093
05164713
00b8b4b3
005243b3
02800913
00094683
00d9e9b3
01d7e113
00874333
03400093
0000c403
0295b533
0251a693
01242433
00a698b3
008812b3
01400113
00012203
01e0f293
00a36463
340599f3
03038333
00b9a613
ff03e293
00995263
40d5d533
00210593
00c00913
00092483
03214533
0048e263
ff820813
fea0e213
4111d733
01074733
02400113
00011383
4105d633
03017393
0041d0b3
01744713
34011a73
00400193
01218023
ffea0713
34002573
01034263
01678213
01250463
00ca02b3
02b1c413
00c60863
00800793
00179023
04934213
00800993
00699023
00e5c663
02800293
00c29023
03800993
00d9a023
04a0e593
03400513
00051203
00730113
00d47133
00e37863
fe327493
00800893
0008a883
00d7e4b3
02497993
027383b3
34002573
00460863
00800493
00349023
02b9b213
00c00813
00085103
340020f3
01c00493
01248023
ffc42193
0350f913
34002773
00498293
0114b0b3
0232a8b3
02996613
00b703b3
01308093
03c00393
0003d783
00e81133
34069373
002a76b3
00800093
0000da03
02c00093
0000a503
01c00493
01248023
fe697613
029a08b3
34081973
0133c633
00c00093
0060a023
0591e613
0303a7b3
005890b3
01400813
00081103
02c52113
03a08113
00800393
00139023
031727b3
00800813
00082803
01000813
00d81023
0028ea63
03400993
00898023
03400893
00488023
34011373
02c00493
01048023
340718f3
0059a733
0022f263
ffb20713
00b6f663
ff89e313
01155663
04e47293
34089773
0067c263
0261a8b3
024131b3
0108d633
00917113
00000a13
012a2023
04436613
4133d633
023a24b3
0082e863
02400493
00048303
0120c233
0044ea33
ff616213
008567b3
032451b3
00b3a733
fe826313
01400513
00a51023
0016e333
00ea0733
05c6f293
05c5e893
00f3d663
02542333
fe140693
001802b3
40fa0133
03000793
0067a023
00e632b3
04e97693
340021f3
02d8a733
003377b3
0017c213
01254463
00aa28b3
0092f3b3
00696463
02da3233
340111f3
03400793
00079503
00c0d0b3
04957513
0078d263
00b4e663
0094a6b3
01020663
02400213
00920023
00b8a433
0059b233
34059173
4149d233
00f4e8b3
005634b3
03000813
00581023
40f0d6b3
340715f3
01c00513
00050603
03800693
0006d103
05a58193
0069c693
34002373
410408b3
004a1933
01c4f293
34002473
01800813
00085283
04846413
413501b3
00e9d663
02c00513
00a50023
002943b3
40925433
00f74663
0520a913
0429f793
014a7233
01c00313
00030283
02e0c0b3
04b68613
02c00293
00828023
40845933
0128d1b3
01476663
00c4e263
02b4d433
34002a73
013a14b3
00840663
340025f3
34002373
01243933
009417b3
02000493
0004a903
0228b793
00e77513
0044e3b3
04a8a213
04358213
034083b3
00657293
04d60993
00193233
07f6b793
34002873
003188b3
0111d533
00511263
02000413
00041883
00c4c663
00c00993
00899023
03400413
00040a03
0349a333
00c8c1b3
03446333
340892f3
ffa6a793
34091773
03c00493
00049283
fee0e313
0123b8b3
00472213
340023f3
00726133
02c00113
00014403
0210b733
00858263
01000493
00f4a023
0135d463
01a5a593
00b4d263
01c00193
00018703
03e27093
ff272313
01400513
00050183
0039e663
0293d533
01084263
032260b3
fe62e393
02000993
00099783
02e9c193
340027f3
02794993
40d58733
00759933
ff180913
00432933
34002173
001586b3
0535c993
0053b933
06f4b913
01b37313
01000513
00051703
02d8a793
00fa4663
00f2c133
00a30263
01222793
00548263
02800613
00065103
02d7c513
00646133
02c00393
00038a03
0102ea63
02c00593
00f59023
03000593
00058683
04f30393
0337c8b3
00c850b3
00b84663
006a75b3
0016e263
00c00a13
006a2023
00000593
00f5a023
34002673
00580333
00c25863
02800313
00032703
0144b533
0040f4b3
fffa4693
04964893
403251b3
02ea2393
039a6793
0530f513
02712533
00d50333
ff95a813
00977933
4033d6b3
01209933
0063e233
340996f3
fe430a13
03226733
01000893
00689023
01139633
01151663
0081a613
04152913
01690093
011305b3
01384263
04890413
00f5b0b3
00000193
0031a023
04d66293
0069f663
03c00193
00018683
0085d533
0073d663
00855233
340022f3
340213f3
031471b3
00a3a0b3
01139833
02d2e4b3
0455b213
340094f3
02126333
03400913
00891023
340097f3
00a658b3
0057b3b3
01800213
00020083
34021673
0287c833
00822133
03400213
01420023
402781b3
03000293
0072a023
0118f1b3
0053f333
03d8b293
02c1fa33
ff53c913
40925233
00786463
02e5a933
0016b513
340026f3
02000093
00409023
03800693
0006a383
02800193
0141a023
02c00493
0004c983
01800213
00022083
00b88913
fe8a0513
01134433
03aa0a13
02a087b3
0107e333
00344863
03400593
00058183
340a1573
340023f3
01b20713
03459933
0289a8b3
005187b3
006092b3
00674133
012393b3
00a6e663
00b89263
00620663
34002673
00c7f863
fe608113
03800613
01462023
03574813
01800213
00022103
34031773
01161663
03c00813
00082283
011826b3
01800693
00869023
02c40333
00993333
03432333
02800893
0008c383
04473113
03400793
0007c083
0350c513
0109c263
02000713
00071283
34061873
03c00413
00044203
34002673
0219b1b3
01217733
00000393
0003d883
02000693
0006d103
01332293
0026d1b3
02f92833
02f58433
00185263
01b5f113
008684b3
01074893
001448b3
408655b3
03333193
0227c713
00400993
00099503
00038193
012a36b3
414888b3
00000593
0075a023
ffd56813
00800393
00939023
40f208b3
01000213
00022303
0330b333
340023f3
ffc2c913
340024f3
40438733
03800793
00b79023
03888593
0243f2b3
0096e263
00d6b0b3
01400793
00678023
0224d0b3
00c92233
00780663
01169663
02f36533
02d27713
02e0b833
02c9a093
40f45733
40d0d933
0378a713
00a5c513
403101b3
0533a193
031952b3
405158b3
00e9fa13
00800213
00025203
00e090b3
00138663
00991333
fe66fa13
4051d933
34002273
00a28863
34002873
00c00913
01392023
02800213
00021403
02c00513
00054503
02800413
00044683
fe56a593
40c989b3
00278863
0527c513
00400093
0000a683
01c00593
00758023
01000593
00058983
02400393
00e38023
0015e5b3
0074c313
01400593
0005a883
0507f593
40b55833
0081e133
01400093
00008983
00316533
340112f3
00aa67b3
00b801b3
340694f3
02c8e993
01217663
002312b3
0306f413
0704b493
03490a13
40a081b3
0058e663
0099d1b3
0487c393
00c00493
0004c083
02000893
00789023
02c9c413
0227c833
340292f3
0017f263
00941833
00800a13
000a5103
00e0ea33
01747713
00c00313
00e30023
0235b2b3
00000813
00085703
00866333
03000693
0006d883
029a25b3
00a338b3
34002a73
00311533
0429a293
023081b3
00b279b3
340021f3
00384a33
00026913
0298b833
0210e1b3
05d6e113
00c00813
00085383
00c00193
0001d183
340028f3
01057463
0081f0b3
03400713
00075603
00c00993
00098803
01856093
04673093
0255c233
07f1b513
00c9e993
00b7c863
40b6d1b3
02800193
00019583
00f876b3
0001e213
0774b313
0137c5b3
00a7d263
00b7c6b3
00ea3413
014688b3
01400613
00f62023
ff782613
02e9b893
034a61b3
005541b3
0398c693
01a40513
027a0233
00308a33
02510233
34019673
34002273
40c0d0b3
0092a093
00800893
00088683
ffc94613
00590863
03c00513
00055883
00315333
fe05f393
029418b3
00c00193
00019803
ff55f593
00324463
0313b713
00946263
00a48863
01000193
00f18023
00b3f263
01f5b913
03d92993
00d666b3
01044533
00800913
01390023
00134633
fe53f093
404a5733
00400793
00078083
340397f3
403757b3
0232d933
0099f9b3
ff050813
00c879b3
0027d133
03c1a113
00226663
00988263
00a8c633
40b954b3
00400493
01248023
00000493
00d4a023
34002373
34059373
40528233
0095e7b3
014a3913
01344833
00c00693
0006ca03
01126833
ff924113
0010a3b3
ffc26513
0023c7b3
0084e463
00a7c213
01292533
00236463
00894093
01000613
00060883
00845263
340492f3
00b7f6b3
012a68b3
0037f933
41185933
40220633
340719f3
01ca3213
002145b3
04e57113
03000a13
000a0783
012824b3
0413b413
004715b3
03000513
01252023
00d8b733
023a0493
00c89263
01000193
0001c683
ffe9c493
03372633
01322933
34002973
34011873
00000893
00489023
340396f3
0073f463
02d9c533
008a5663
ffaa2213
34002773
00ba68b3
03550113
0037d233
03497133
34091773
405488b3
03800713
00071383
033a2593
ff67e193
40b3d0b3
02aa0433
34069173
0101d533
fec6e993
01090833
00e731b3
004698b3
014a54b3
0115f663
403385b3
340114f3
ff68f493
02400413
01041023
0085e633
01000093
00909023
02746733
03094293
340020f3
032196b3
0144e433
0113fa63
01000993
00099703
03800593
0005d303
0054d663
00f21863
00b71863
03800593
00a5a023
413482b3
02a80733
4075d5b3
34002173
413087b3
340793f3
0081f263
34029a73
04f54793
340023f3
00550463
00b80463
02641a33
0112e863
03400713
01172023
0236b6b3
01000093
0000d903
405753b3
0055a6b3
00c1a133
ffe47313
0042e263
0075f993
00a5d663
34059173
0033e233
00e15863
03400793
0007c203
00b923b3
02000713
00074783
05f82593
03000693
0036a023
05c4b093
04f9c113
00966113
01400713
00172023
026617b3
00000913
00f90023
00c32733
03400693
00c68023
40e9d0b3
00400613
00061783
02b38993
01419863
40c20733
02400113
00a11023
34091a73
04714513
00175933
00c18263
01025863
401a03b3
03400293
00c29023
01123533
00b52433
03936993
00e76a33
00739863
031278b3
02c00493
00549023
00d80a63
00800293
00028403
00c00313
00d31023
ff18f593
0023c893
0015a4b3
0030d633
02646193
34019973
01357093
340797f3
00375533
01400993
00099783
006316b3
02967593
02800093
01109023
00289463
07483293
0127b613
00d977b3
00a5e663
00e14233
40418a33
34002973
04b3ea13
0047f433
02b612b3
04b4f613
0214b793
fe04e593
02400113
01211023
016a2893
ffea7813
008894b3
02332133
002926b3
02000293
0032a023
0344e713
00343433
02c00593
00a59023
0232a133
34002173
0273c5b3
013613b3
0069f9b3
0136c413
01c00093
00008983
34002673
40f984b3
00d33333
0348c2b3
0391b193
01085833
0064d7b3
0311a4b3
0047a0b3
03400113
00010083
0277f1b3
00400313
01431023
01230a13
03c00693
00068883
0083b933
03540393
01398493
340023f3
02f4f5b3
02d3f3b3
02000193
00f19023
01c00893
0008c883
03da2613
40b95333
03400613
00060203
02800893
00d88023
340a16f3
02f254b3
34091273
0138d9b3
03400593
00859023
0023a9b3
0042b733
00400493
0004d183
0131e933
34071a73
01443893
010a3813
001337b3
009487b3
0067a933
340691f3
00f76233
031a4a33
34002873
025197b3
00f4c493
01081433
0093b3b3
01466613
04398613
010981b3
05d6f513
03400313
01432023
05aa7793
405558b3
02396913
004268b3
40e353b3
02f31533
01156663
03272613
005765b3
00f9c433
40e485b3
0208e793
00400693
00069183
01421863
00800993
0009ca03
fff58093
01000393
00c3a023
34029773
001283b3
01000793
00979023
00040193
02896613
0130c733
0094c463
01b1a513
02224593
029844b3
032a2913
00c00513
00951023
03400193
00d1a023
00742433
00c8e263
00818263
00961133
00e835b3
0116f4b3
0107e233
0038b633
05278993
03400193
00319023
00837863
01299263
02800093
0000c683
0129e433
01470413
00952333
03039233
03139633
00263533
001506b3
04a34493
001706b3
41238633
03d76593
03800a13
014a1023
340024f3
01130263
0086f433
0103f393
02b10933
4076d833
0236d6b3
0069f263
010a0933
00794613
34002973
34002973
05343393
01269663
01000613
00061503
009717b3
00c4c7b3
00758333
0337c113
02237513
012a3833
340912f3
00e82433
02c00a13
000a0083
0091f4b3
0528f793
00981663
02f717b3
02e5a633
412a57b3
0586b713
0072f263
0059e663
34031873
01727293
00ca5933
0253b0b3
02400513
00055703
02456893
00e11663
02000893
00089683
00c74333
00287663
34051173
05c2e693
03400993
00099a03
0048c493
00c00193
01318023
0212d9b3
00800113
00412023
00c55663
008632b3
04f30293
409606b3
02000613
00161023
00220663
40125633
01324593
00382233
00e36263
0115c263
0222b9b3
0133fa33
03e73913
0024b933
01496663
01c00493
00e4a023
010a5263
01000a13
00aa0023
02584933
023683b3
01122533
01194463
01319233
ffd64993
033104b3
00945133
0458e793
007a76b3
01496663
00e2e663
0423b993
04b27813
410287b3
01000a13
000a4883
0103a433
40b381b3
34002973
0091e463
05012613
02400493
0004da03
02c00313
00030983
02c00113
00d11023
03800813
00082903
34002973
ffa48093
407780b3
34029773
ff012993
02400993
0009a403
009158b3
0447e413
02b70433
0311f193
0076f3b3
0482f813
00170463
0078c9b3
02000893
00089703
00c35233
00e77933
05c6f693
0077d333
0058f9b3
0127e433
00689733
00e39a33
fe118513
02000513
00054683
01288663
00a50133
0020c833
00514663
01800693
00068483
40850933
410200b3
40e80633
0198ba13
05a3f513
011769b3
00800713
00070683
409201b3
01031933
340025f3
0579e693
0103c663
03000893
00089583
01144663
03800813
00081483
008944b3
01943093
34061273
02000213
00024803
412250b3
00686463
02e6b113
0030d8b3
00f0b993
0043a0b3
340027f3
03000293
0002ca03
00e35463
05676493
0018a933
01119463
05216993
00c00293
00228023
ff994093
01151263
00c392b3
004359b3
011a2313
0088a433
ff874493
008a41b3
0105f133
03400993
0009d303
fe767513
0148d9b3
0039b3b3
0082d463
00d181b3
05d0b093
0014c1b3
00317113
02246333
001082b3
02000313
00230023
00d90263
340198f3
fe908193
ff380493
040a2513
01400793
0057a023
00466533
05218593
04138713
fea88893
01217463
002a5463
0283a493
01800513
00c51023
011253b3
00d766b3
340a1573
001143b3
02a5f793
05134993
02000113
00015483
02179933
407107b3
00e3a633
059a7113
0041c613
011238b3
02f7f233
01000093
00e0a023
01878913
04210493
02d12613
028a2933
0410c413
00d714b3
40aa5633
40c68a33
024a38b3
02f5b813
340210f3
00d1f1b3
fec8a993
002a7263
40b30333
0096e9b3
01770813
02000893
01389023
00a55463
01a46313
01800713
01471023
ff827513
fe937293
02400893
00288023
02238133
006916b3
00d926b3
003a0693
404508b3
006175b3
00b83833
002704b3
02b2f0b3
0340b4b3
03c78a13
03800993
00a99023
02c00493
00048183
030791b3
011a70b3
0273c9b3
02788433
01013933
00852933
0476e493
00c74263
0096f1b3
00a30613
40f25133
034765b3
027133b3
02591833
04f7b193
0676b713
fff4f313
ffc42493
00b5fa33
02d512b3
fef7f493
01480663
0208b393
0131e5b3
02fa4393
4036d533
01441933
40e40233
00e5a533
01876993
340418f3
00f37663
00f637b3
02f17233
340618f3
00f64633
00487613
00d92133
01000993
00298023
4128d1b3
40398733
05746a13
00890833
03f70113
34002973
0710b093
34049773
00fa7a63
02800093
00c0a023
00400193
0001d683
00000313
00031783
40f086b3
01146633
00d47263
34002473
0261e713
02596793
03767813
00c1b333
00854263
03000593
00059603
0142b333
00c7c463
40f08a33
0017e463
00a0a6b3
00c6d133
408885b3
00e6d263
00f8d263
02000493
0004a383
00a198b3
04c37113
013a23b3
40348633
0044d263
00f1c5b3
0231b9b3
01b56513
01114333
02661633
021a2813
00a594b3
0123a7b3
0052e663
02819933
00230913
02f6f1b3
00800513
01450023
00f159b3
4142d5b3
414a5133
40f25433
0130a933
00c00093
00009483
00d75663
01000393
00039783
00f57263
00d7b9b3
02221233
029a2893
34002873
02800813
00181023
01133a33
34002a73
0138e133
00f50233
00c98463
0437f093
01123893
01081263
02400613
00060703
34041273
01d53513
0044c733
00a42133
00c50793
340711f3
00759433
340027f3
0069d633
fe96a713
02000213
00020183
02f2a5b3
00e389b3
0140a993
feb60513
02677313
00b3d0b3
34002973
0148e663
01d37713
40795933
41118833
01269933
0083a413
00817893
00b87263
02310333
00800093
00809023
02400593
01158023
0112a213
40775533
01886493
06c73093
0081d133
00d0a6b3
01728713
03800913
00492023
ff860113
ff60a313
02d12093
0056a213
0078f263
0136d463
0265b933
0541a893
022811b3
03400a13
004a1023
02b94633
0286e633
00b4c463
03b5ea13
00d96833
01155463
00819663
00c00313
00330023
021885b3
04c22293
02791733
02f77a33
fe548393
0303b613
0149c263
0018d263
340025f3
4138d133
02915233
02910993
04a66793
006a3a33
0267c593
0233e733
00000613
00861023
34002a73
00b48533
0130f233
004795b3
00695263
00d66663
0106f593
0128f533
00b36463
340025f3
03800a13
000a1903
02800813
00082a03
34002973
00c59733
00800513
00050603
340021f3
00ba2133
41260633
01c00993
0009c183
00d43733
035a3293
fea1a093
00c19333
00f71663
00067193
0593e713
01486533
00589663
00168833
00f17133
00e90733
01055533
01248863
0284d633
01800693
0006c283
0452e593
005a5833
03400393
0003d203
004a4633
340197f3
00f0e813
00d96263
02c00713
01071023
00658663
00000493
00048383
00277933
01489463
01057833
02800293
00428023
00c00213
00024983
01c14213
03800093
0130a023
00361433
0014c133
0291f393
00b17493
00400093
0000c883
0043d863
02a5c5b3
01800913
00092083
01400793
00378023
0132f8b3
34002973
40758a33
02000493
00048183
34071573
002431b3
00a338b3
406204b3
0120f5b3
0090c663
00755933
00c13593
05b98693
0340f2b3
034a40b3
03000893
00089503
01000393
00039483
01c00113
00010203
00253933
340021f3
05412793
0118b333
03083a33
340314f3
04760893
00a7b433
40535933
03162633
00b7ca33
01049263
04556a13
00e87a33
05c63093
01386463
04e28993
031388b3
00e45263
002722b3
024a77b3
05474a13
00400613
00660023
00662433
05990213
00c50833
02000613
00062303
0059a4b3
00260263
0065b133
002153b3
02c00413
00241023
03688593
02400593
0005d283
340399f3
340a13f3
01281263
00a767b3
fea6e513
00720263
031294b3
025653b3
00358833
fff50713
00e692b3
0103b0b3
00e7d463
05836513
0043d463
00425863
03800313
00035883
ff326113
03653513
01434493
00f3e863
0036c1b3
00c00593
00058083
00c56263
05294713
02800393
00039803
01400693
00a69023
00a95263
340418f3
0134e463
00c3f513
02a169b3
00155463
00321263
02000113
00010703
03438a13
0410e513
02c44333
00b31263
03023233
006833b3
02d84393
340099f3
01134893
0111a533
02a793b3
01113133
01c27793
00800193
0121a023
009a79b3
02c00713
00071883
00254293
028443b3
0080b333
00800593
0005c903
03276633
00586463
00c8d2b3
02a798b3
02c96493
0113b633
02614833
0508a513
00970463
01181263
01096433
006088b3
0039c2b3
04397613
015a0793
40425633
02d0f533
040a6413
40115333
010791b3
03697993
02893733
00964463
00b641b3
ff4a4913
0057c4b3
340798f3
02800793
00d79023
4051d533
01442093
002222b3
013a7263
406106b3
00087413
02800593
00258023
02c850b3
01400213
00021703
34002173
fed7c793
05d27093
00259833
34002773
010698b3
00561863
00b56a33
00c00393
0003c103
340026f3
028319b3
01800a13
000a5483
029632b3
00942733
340029f3
02800093
00009083
34002173
00d0f8b3
027732b3
0140e463
00d741b3
00137263
02213a33
02a6b933
0333b733
05854a13
00b1f263
0464b413
02c22833
01400913
00095583
340021f3
0653b293
04057993
04a96313
03177333
0083a633
003424b3
40c787b3
009872b3
00d31733
00f5c263
00c8d833
00800193
00318023
009787b3
01046263
01226733
0137d433
410151b3
032a24b3
00d50663
34002573
0025c9b3
00000093
01008023
00237733
00c8e263
4015d3b3
41048333
0227c893
0011f293
02b7b433
02d60733
02c00593
0085a023
00000213
00025483
00590a33
03e33093
02e2e933
0148d5b3
02f9f993
40e909b3
0130f333
00b1f9b3
00b22333
00b10933
0488a493
00d68263
014276b3
00400093
00d08023
02366613
0168b693
00934233
07823993
00551463
fe79f693
40928233
fe23ca13
01371933
05f93493
00a60133
0095b293
00800713
00075a03
00d37433
009785b3
fe730193
340026f3
00c60463
0469fa13
02aa3933
fff8f593
02000313
00035283
012429b3
413486b3
340025f3
02940993
01420813
00785833
0040b833
004923b3
0318a793
01421263
34002773
0019ea33
fe04e213
34081973
00d1f113
00349663
0054e113
01242933
ff774593
ff042093
01458663
feea4813
06a53513
01000513
00050983
00c00113
01110023
0013d8b3
04632113
03400393
00039883
01000213
00022903
0084a7b3
0134c263
00a3c4b3
04f3c113
00726463
01896393
0069e433
00819663
00000093
0000da03
ff47c993
0141e0b3
04357813
01800213
00722023
fee72813
02400413
00042083
00b09263
fe56c593
340898f3
40aa55b3
01400a13
00ea1023
001350b3
03a17213
03b5c193
009405b3
0629b993
03337913
0101c263
00f95733
01400493
00c49023
fe76a993
0076a633
02879733
ff08e513
01000a13
004a0023
01b24313
014546b3
00400713
01171023
008a2093
00800493
0084a023
00d40263
03400493
0004a183
410888b3
029a0133
34021373
00a8fa33
0457ba13
04c2b913
fe73f613
002a46b3
02c00a13
005a1023
412a5833
00417663
03800993
0009d283
fe682613
fe5a2493
01c00193
0001a283
01800893
00d88023
00e49233
00e25263
02c59433
00214263
00357313
34002173
03800513
00552023
0089ca13
408150b3
00000893
0078a023
0433b313
40b6d233
034a12b3
00e48663
026a1a33
340297f3
01000613
00e60023
001740b3
00c131b3
04960493
00a6b533
340612f3
34002273
00b27663
0123d8b3
fe286213
0531f913
0628ba13
00564933
028817b3
02000493
00c4a023
02800593
00059303
00749933
41115633
00f9d663
00740733
0032a733
40c5d933
01000513
00054403
00d67233
006198b3
002175b3
01000113
00612023
fe078413
00d1d463
04d90513
02d514b3
00c00593
0005c703
01000113
00f12023
340022f3
00c00a13
000a4803
01800193
0001c603
0036e663
00d9f0b3
03722593
0081e493
004614b3
01c00313
00331023
4147d2b3
4013d933
01800713
00071a03
00c51833
0160a193
fe66c893
0028d933
0043b3b3
00693513
01c00193
00319023
00000113
00100193
00a00213
00020c63
003102b3
00018133
000281b3
fff20213
fedff06f
32302023
00700113
00100193
00010863
022181b3
fff10113
ff5ff06f
32302223
0fc00113
06900193
00018a63
02316233
00018133
000201b3
ff1ff06f
32202423
00300113
36202823
01100113
36202a23
02a00113
36202c23
00500113
36202e23
06400113
38202023
00800113
38202223
03d00113
38202423
00900113
38202623
00000193
00000293
00800313
0262d063
00229393
37000413
008383b3
0003a483
009181b3
00128293
fe1ff06f
32302623
02800113
3c202023
00a00113
3c202223
03700113
3c202423
00200113
3c202623
02100113
3c202823
01500113
3c202a23
3c002103
3c402183
00314663
3c302023
3c202223
3c402103
3c802183
00314663
3c302223
3c202423
3c802103
3cc02183
00314663
3c302423
3c202623
3cc02103
3d002183
00314663
3c302623
3c202823
3d002103
3d402183
00314663
3c302823
3c202a23
3c002103
3c402183
00314663
3c302023
3c202223
3c402103
3c802183
00314663
3c302223
3c202423
3c802103
3cc02183
00314663
3c302423
3c202623
3cc02103
3d002183
00314663
3c302623
3c202823
3c002103
3c402183
00314663
3c302023
3c202223
3c402103
3c802183
00314663
3c302223
3c202423
3c802103
3cc02183
00314663
3c302423
3c202623
3c002103
3c402183
00314663
3c302023
3c202223
3c402103
3c802183
00314663
3c302223
3c202423
3c002103
3c402183
00314663
3c302023
3c202223
32002823
01000113
40202823
01100113
40202a23
01200113
40202c23
01300113
40202e23
01400113
42202023
01500113
42202223
01600113
42202423
01700113
42202623
00000213
00800293
02525463
00221313
41000393
006383b3
0003a403
43800493
006484b3
0084a023
00120213
fd9ff06f
32002a23
01100113
46202023
02200113
46202223
03300113
46202423
04400113
46202623
05500113
46202823
06600113
46202a23
07700113
46202c23
08800113
46202e23
00000193
00000293
00800313
0262d063
00229393
46000413
008383b3
0003a483
0091c1b3
00128293
fe1ff06f
32302c23
02f00113
00000193
06400213
00414663
06418193
0280006f
03200213
00414663
03218193
0180006f
00a00213
00414663
00a18193
0080006f
00118193
32302e23
00d00113
00700213
024101b3
0221c1b3
0241e2b3
005181b3
34302023
0000006f
00000013
00000013
00000013
00000013
00000013
00000013
00000013
00000013
00000013
00000013
00000013
00000013
00000013
00000013
00000013
00000013
00000013
00000013
00000013
00000013
00000013
00000013
00000013
00000013
00000013
00000013
00000013
00000013
00000013
00000013
00000013
00000013
00000013
00000013
00000013
00000013
00000013
00000013
00000013
00000013
00000013
00000013
00000013
00000013
00000013
00000013
00000013
00000013
00000013
00000013
00000013
00000013
00000013
00000013
00000013
00000013
00000013
00000013
00000013
00000013
00000013
00000013
00000013
00000013
00000013
00000013
00000013
00000013
00000013
00000013
00000013
00000013
00000013
00000013
00000013
00000013
00000013
00000013
00000013
00000013
00000013
00000013
00000013
00000013
00000013
00000013
00000013
00000013
00000013
00000013
00000013
00000013
00000013
00000013
00000013
00000013
00000013
00000013
00000013
00000013
00000013
00000013
00000013
00000013
00000013
00000013
00000013
00000013
00000013
00000013
00000013
00000013
00000013
00000013
00000013
00000013
00000013
00000013
00000013
00000013
00000013
00000013
00000013
00000013
00000013
00000013
00000013
00000013
00000013
00000013
00000013
00000013
00000013
00000013
00000013
00000013
00000013
00000013
00000013
00000013
00000013
00000013
00000013
00000013
00000013
00000013
00000013
00000013
00000013
00000013
00000013
00000013
00000013
00000013
00000013
00000013
00000013
00000013
00000013
00000013
00000013
00000013
00000013
00000013
00000013
00000013
00000013
00000013
00000013
00000013
00000013
00000013
00000013
00000013
00000013
00000013
00000013
00000013
00000013
00000013
00000013
00000013
00000013
00000013
00000013
00000013
00000013
00000013
00000013
00000013
00000013
00000013
00000013
00000013
00000013
00000013
00000013
00000013
00000013
00000013
00000013
00000013
00000013
00000013
00000013
00000013
00000013
00000013
00000013
00000013
00000013
00000013
00000013
00000013
00000013
00000013
00000013
00000013
00000013
00000013
00000013
00000013
00000013
00000013
00000013
00000013
00000013
00000013
00000013
00000013
00000013
00000013
00000013
00000013
00000013
00000013
00000013
00000013
00000013
00000013
00000013
00000013
00000013
00000013
00000013
00000013
00000013
00000013
00000013
00000013
00000013
00000013
00000013
00000013
00000013
00000013
00000013
00000013
00000013
00000013
00000013
00000013
00000013
00000013
00000013
00000013
00000013
00000013
00000013
00000013
00000013
00000013
00000013
00000013
00000013
00000013
00000013
00000013
00000013
00000013
00000013
00000013
00000013
00000013
00000013
00000013
00000013
00000013
00000013
00000013
00000013
00000013
00000013
00000013
00000013
00000013
00000013
00000013
00000013
00000013
00000013
00000013
00000013
00000013
00000013
00000013
00000013
00000013
00000013
00000013
00000013
00000013
00000013
00000013
00000013
00000013
00000013
00000013
00000013
00000013
00000013
00000013
00000013
00000013
00000013
00000013
00000013
00000013
00000013
00000013
00000013
00000013
00000013
00000013
00000013
00000013
00000013
00000013
00000013
00000013
00000013
00000013
00000013
00000013
00000013
00000013
00000013
00000013
00000013
00000013
00000013
00000013
00000013
00000013
00000013
00000013
00000013
00000013
00000013
00000013
00000013
00000013
00000013
00000013
00000013
00000013
00000013
00000013
00000013
00000013
00000013
00000013
00000013
00000013
00000013
00000013
00000013
00000013
00000013
00000013
00000013
00000013
00000013
00000013
00000013
00000013
00000013
00000013
00000013
00000013
00000013
00000013
00000013
00000013
00000013
00000013
00000013
00000013
00000013
00000013
00000013
00000013
00000013
00000013
00000013
00000013
00000013
00000013
00000013
00000013
00000013
00000013
00000013
00000013
00000013
00000013
00000013
00000013
00000013
00000013
00000013
00000013
00000013
00000013
00000013
00000013
00000013
00000013
00000013
00000013
00000013
00000013
00000013
00000013
00000013
00000013
00000013
00000013
00000013
00000013
00000013
00000013
00000013
00000013
00000013
00000013
00000013
00000013
00000013
00000013
00000013
00000013
00000013
00000013
00000013
00000013
00000013
00000013
00000013
00000013
00000013
00000013
00000013
00000013
00000013
00000013
00000013
00000013
00000013
00000013
00000013
00000013
00000013
00000013
00000013
00000013
00000013
00000013
00000013
00000013
00000013
00000013
00000013
00000013
00000013
00000013
00000013
00000013
00000013
00000013
00000013
00000013
00000013
00000013
00000013
00000013
00000013
00000013
00000013
00000013
00000013
00000013
00000013
00000013
00000013
00000013
00000013
00000013
00000013
00000013
00000013
00000013
00000013
00000013
00000013
00000013
00000013
00000013
00000013
00000013
00000013
00000013
00000013
00000013
00000013
00000013
00000013
00000013
00000013
00000013
00000013
00000013
00000013
00000013
00000013
00000013
00000013
00000013
00000013
00000013
00000013
00000013
00000013
00000013
00000013
00000013
00000013
00000013
00000013
00000013
00000013
00000013
00000013
00000013
00000013
00000013
00000013
00000013
00000013
00000013
00000013
00000013
00000013
00000013
00000013
00000013
00000013
00000013
00000013
00000013
00000013
00000013
00000013
00000013
00000013
00000013
00000013
00000013
00000013
00000013
00000013
00000013
00000013
00000013
00000013
00000013
00000013
00000013
00000013
00000013
00000013
00000013
00000013
00000013
00000013
00000013
00000013
00000013
00000013
00000013
00000013
00000013
00000013
00000013
00000013
00000013
00000013
00000013
00000013
00000013
00000013
00000013
00000013
00000013
00000013
00000013
00000013
00000013
00000013
00000013
00000013
00000013
00000013
00000013
00000013
00000013
00000013
00000013
00000013
00000013
00000013
00000013
00000013
00000013
00000013
00000013
00000013
00000013
00000013
00000013
00000013
00000013
00000013
00000013
00000013
00000013
00000013
00000013
00000013
00000013
00000013
00000013
00000013
00000013
00000013
00000013
00000013
00000013
00000013
00000013
00000013
00000013
00000013
00000013
00000013
00000013
00000013
00000013
00000013
00000013
00000013
00000013
00000013
00000013
00000013
00000013
00000013
00000013
00000013
00000013
00000013
00000013
00000013
00000013
00000013
00000013
00000013
00000013
00000013
00000013
00000013
00000013
00000013
00000013
00000013
00000013
00000013
00000013
00000013
00000013
00000013
00000013
00000013
00000013
00000013
00000013
00000013
00000013
00000013
00000013
00000013
00000013
00000013
00000013
00000013
00000013
00000013
00000013
00000013
00000013
00000013
00000013
00000013
00000013
00000013
00000013
00000013
00000013
00000013
00000013
00000013
00000013
00000013
00000013
00000013
00000013
00000013
00000013
00000013
00000013
00000013
00000013
00000013
00000013
00000013
00000013
00000013
00000013
00000013
00000013
00000013
00000013
00000013
00000013
00000013
00000013
00000013
00000013
00000013
00000013
00000013
00000013
00000013
00000013
00000013
00000013
00000013
00000013
00000013
00000013
00000013
00000013
00000013
00000013
00000013
00000013
00000013
00000013
00000013
00000013
00000013
00000013
00000013
00000013
00000013
00000013
00000013
00000013
00000013
00000013
00000013
00000013
00000013
00000013
00000013
00000013
00000013
00000013
00000013
00000013
00000013
00000013
00000013
00000013
00000013
00000013
00000013
00000013
00000013
00000013
00000013
00000013
00000013
00000013
00000013
00000013
00000013
00000013
00000013
00000013
00000013
00000013
00000013
00000013
00000013
00000013
00000013
00000013
00000013
00000013
00000013
00000013
00000013
00000013
00000013
00000013
00000013
00000013
00000013
00000013
00000013
00000013
00000013
00000013
00000013
00000013
00000013
00000013
00000013
00000013
00000013
00000013
00000013
00000013
00000013
00000013
00000013
00000013
00000013
00000013
00000013
00000013
00000013
00000013
00000013
00000013
00000013
00000013
00000013
00000013
00000013
00000013
00000013
00000013
00000013
00000013
00000013
00000013
00000013
00000013
00000013
00000013
00000013
00000013
00000013
00000013
00000013
00000013
00000013
00000013
00000013
00000013
00000013
00000013
00000013
00000013
00000013
00000013
00000013
00000013
00000013
00000013
00000013
00000013
00000013
00000013
00000013
00000013
00000013
00000013
00000013
00000013
00000013
00000013
00000013
00000013
00000013
00000013
00000013
00000013
00000013
00000013
00000013
00000013
00000013
00000013
00000013
00000013
00000013
00000013
00000013
00000013
00000013
00000013
00000013
00000013
00000013
00000013
00000013
00000013
00000013
00000013
00000013
00000013
00000013
00000013
00000013
00000013
00000013
00000013
00000013
00000013
00000013
00000013
00000013
00000013
00000013
00000013
00000013
00000013
00000013
00000013
00000013
00000013
00000013
00000013
00000013
00000013
00000013
00000013
00000013
00000013
00000013
00000013
00000013
00000013
00000013
00000013
00000013
00000013
00000013
00000013
00000013
00000013
00000013
00000013
00000013
00000013
00000013
00000013
00000013
00000013
00000013
00000013
00000013
00000013
00000013
00000013
00000013
00000013
00000013
00000013
00000013
00000013
00000013
00000013
00000013
00000013
00000013
00000013
00000013
00000013
00000013
00000013
00000013
00000013
00000013
00000013
00000013
00000013
00000013
00000013
00000013
00000013
00000013
00000013
00000013
00000013
00000013
00000013
00000013
00000013
00000013
00000013
00000013
00000013
00000013
00000013
00000013
00000013
00000013
00000013
00000013
00000013
00000013
00000013
00000013
00000013
00000013
00000013
00000013
00000013
00000013
00000013
00000013
00000013
00000013
00000013
00000013
00000013
00000013
00000013
00000013
00000013
00000013
00000013
00000013
00000013
00000013
00000013
00000013
00000013
00000013
00000013
00000013
00000013
00000013
00000013
00000013
00000013
00000013
00000013
00000013
00000013
00000013
00000013
00000013
00000013
00000013
00000013
00000013
00000013
00000013
00000013
00000013
00000013
00000013
00000013
00000013
00000013
00000013
00000013
00000013
00000013
00000013
00000013
00000013
00000013
00000013
00000013
00000013
00000013
00000013
00000013
00000013
00000013
00000013
00000013
00000013
00000013
00000013
00000013
00000013
00000013
00000013
00000013
00000013
00000013
00000013
00000013
00000013
00000013
00000013
00000013
00000013
00000013
00000013
00000013
00000013
00000013
00000013
00000013
00000013
00000013
00000013
00000013
00000013
00000013
00000013
00000013
00000013
00000013
00000013
00000013
00000013
00000013
00000013
00000013
00000013
00000013
00000013
00000013
00000013
00000013
00000013
00000013
00000013
00000013
00000013
00000013
00000013
00000013
00000013
00000013
00000013
00000013
00000013
00000013
00000013
00000013
00000013
00000013
00000013
00000013
00000013
00000013
00000013
00000013
00000013
00000013
00000013
00000013
00000013
00000013
00000013
00000013
00000013
00000013
00000013
00000013
00000013
00000013
00000013
00000013
00000013
00000013
00000013
00000013
00000013
00000013
00000013
00000013
00000013
00000013
00000013
00000013
00000013
00000013
00000013
00000013
00000013
00000013
00000013
00000013
00000013
00000013
00000013
00000013
00000013
00000013
00000013
00000013
00000013
00000013
00000013
00000013
00000013
00000013
00000013
00000013
00000013
00000013
00000013
00000013
00000013
00000013
00000013
00000013
00000013
00000013
00000013
00000013
00000013
00000013
00000013
00000013
00000013
00000013
00000013
00000013
00000013
00000013
00000013
00000013
00000013
00000013
00000013
00000013
00000013
00000013
00000013
00000013
00000013
00000013
00000013
00000013
00000013
00000013
00000013
00000013
00000013
00000013
00000013
00000013
00000013
00000013
00000013
00000013
00000013
00000013
00000013
00000013
00000013
00000013
00000013
00000013
00000013
00000013
00000013
00000013
00000013
00000013
00000013
00000013
00000013
00000013
00000013
00000013
00000013
00000013
00000013
00000013
00000013
00000013
00000013
00000013
00000013
00000013
00000013
00000013
00000013
00000013
00000013
00000013
00000013
00000013
00000013
00000013
00000013
00000013
00000013
00000013
00000013
00000013
00000013
00000013
00000013
00000013
00000013
00000013
00000013
00000013
00000013
00000013
00000013
00000013
00000013
00000013
00000013
00000013
00000013
00000013
00000013
00000013
00000013
00000013
00000013
00000013
00000013
00000013
00000013
00000013
00000013
00000013
00000013
00000013
00000013
00000013
00000013
00000013
00000013
00000013
00000013
00000013
00000013
00000013
00000013
00000013
00000013
00000013
00000013
00000013
00000013
00000013
00000013
00000013
00000013
00000013
00000013
00000013
00000013
00000013
00000013
00000013
00000013
00000013
00000013
00000013
00000013
00000013
00000013
00000013
00000013
00000013
00000013
00000013
00000013
00000013
00000013
00000013
00000013
00000013
00000013
00000013
00000013
00000013
00000013
00000013
00000013
00000013
00000013
00000013
00000013
00000013
00000013
00000013
00000013
00000013
00000013
00000013
00000013
00000013
00000013
00000013
00000013
00000013
00000013
00000013
00000013
00000013
00000013
00000013
00000013
00000013
00000013
00000013
00000013
00000013
00000013
00000013
00000013
00000013
00000013
00000013
00000013
00000013
00000013
00000013
00000013
00000013
00000013
00000013
00000013
00000013
00000013
00000013
00000013
00000013
00000013
00000013
00000013
00000013
00000013
00000013
00000013
00000013
00000013
00000013
00000013
00000013
00000013
00000013
00000013
00000013
00000013
00000013
00000013
00000013
00000013
00000013
00000013
00000013
00000013
00000013
00000013
00000013
00000013
00000013
00000013
00000013
00000013
00000013
00000013
00000013
00000013
00000013
00000013
00000013
00000013
00000013
00000013
00000013
00000013
00000013
00000013
00000013
00000013
00000013
00000013
00000013
00000013
00000013
00000013
00000013
00000013
00000013
00000013
00000013
00000013
00000013
00000013
00000013
00000013
00000013
00000013
00000013
00000013
00000013
00000013
00000013
00000013
00000013
00000013
00000013
00000013
00000013
00000013
00000013
00000013
00000013
00000013
00000013
00000013
00000013
00000013
00000013
00000013
00000013
00000013
00000013
00000013
00000013
00000013
00000013
00000013
00000013
00000013
00000013
00000013
00000013
00000013
00000013
00000013
00000013
00000013
00000013
00000013
00000013
00000013
00000013
00000013
00000013
00000013
00000013
00000013
00000013
00000013
00000013
00000013
00000013
00000013
00000013
00000013
00000013
00000013
00000013
00000013
00000013
00000013
00000013
00000013
00000013
00000013
00000013
00000013
00000013
00000013
00000013
00000013
00000013
00000013
00000013
00000013
00000013
00000013
00000013
00000013
00000013
00000013
00000013
00000013
00000013
00000013
00000013
00000013
00000013
00000013
00000013
00000013
00000013
00000013
00000013
00000013
00000013
00000013
00000013
00000013
00000013
00000013
00000013
00000013
00000013
00000013
00000013
00000013
00000013
00000013
00000013
00000013
00000013
00000013
00000013
00000013
00000013
00000013
00000013
00000013
00000013
00000013
00000013
00000013
00000013
00000013
00000013
00000013
00000013
00000013
00000013
00000013
00000013
00000013
00000013
00000013
00000013
00000013
00000013
00000013
00000013
00000013
00000013
00000013
00000013
00000013
00000013
00000013
00000013
00000013
00000013
00000013
00000013
00000013
00000013
00000013
00000013
00000013
00000013
00000013
00000013
00000013
00000013
00000013
00000013
00000013
00000013
00000013
00000013
00000013
00000013
00000013
00000013
00000013
00000013
00000013
00000013
00000013
00000013
00000013
00000013
00000013
00000013
00000013
00000013
00000013
00000013
00000013
00000013
00000013
00000013
00000013
00000013
00000013
00000013
00000013
00000013
00000013
00000013
00000013
00000013
00000013
00000013
00000013
00000013
00000013
00000013
00000013
00000013
00000013
00000013
00000013
00000013
00000013
00000013
00000013
00000013
00000013
00000013
00000013
00000013
00000013
00000013
00000013
00000013
00000013
00000013
00000013
00000013
00000013
00000013
00000013
00000013
00000013
00000013
00000013
00000013
00000013
00000013
00000013
00000013
00000013
00000013
00000013
00000013
00000013
00000013
00000013
00000013
00000013
00000013
00000013
00000013
00000013
00000013
00000013
00000013
00000013
00000013
00000013
00000013
00000013
00000013
00000013
00000013
00000013
00000013
00000013
00000013
00000013
00000013
00000013
00000013
00000013
00000013
00000013
00000013
00000013
00000013
00000013
00000013
00000013
00000013
00000013
00000013
00000013
00000013
00000013
00000013
00000013
00000013
00000013
00000013
00000013
00000013
00000013
00000013
00000013
00000013
00000013
00000013
00000013
00000013
00000013
00000013
00000013
00000013
00000013
00000013
00000013
00000013
00000013
00000013
00000013
00000013
00000013
00000013
00000013
00000013
00000013
00000013
00000013
00000013
00000013
00000013
00000013
00000013
00000013
00000013
00000013
00000013
00000013
00000013
00000013
00000013
00000013
00000013
00000013
00000013
00000013
00000013
00000013
00000013
00000013
00000013
00000013
00000013
00000013
00000013
00000013
00000013
00000013
00000013
00000013
00000013
00000013
00000013
00000013
00000013
00000013
00000013
00000013
00000013
00000013
00000013
00000013
00000013
00000013
00000013
00000013
00000013
00000013
00000013
00000013
00000013
00000013
00000013
00000013
00000013
00000013
00000013
00000013
00000013
00000013
00000013
00000013
00000013
00000013
00000013
00000013
00000013
00000013
00000013
00000013
00000013
00000013
00000013
00000013
00000013
00000013
00000013
00000013
00000013
00000013
00000013
00000013
00000013
00000013
00000013
00000013
00000013
00000013
00000013
00000013
00000013
00000013
00000013
00000013
00000013
00000013
00000013
00000013
00000013
00000013
00000013
00000013
00000013
00000013
00000013
00000013
00000013
00000013
00000013
00000013
00000013
00000013
00000013
00000013
00000013
00000013
00000013
00000013
00000013
00000013
00000013
00000013
00000013
00000013
00000013
00000013
00000013
00000013
00000013
00000013
00000013
00000013
00000013
00000013
00000013
00000013
00000013
00000013
00000013
00000013
00000013
00000013
00000013
00000013
00000013
00000013
00000013
00000013
00000013
00000013
00000013
00000013
00000013
00000013
00000013
00000013
00000013
00000013
00000013
00000013
00000013
00000013
00000013
00000013
00000013
00000013
00000013
00000013
00000013
00000013
00000013
00000013
00000013
00000013
00000013
00000013
00000013
00000013
00000013
00000013
00000013
00000013
00000013
00000013
00000013
00000013
00000013
00000013
00000013
00000013
00000013
00000013
00000013
00000013
00000013
00000013
00000013
00000013
00000013
00000013
00000013
00000013
00000013
00000013
00000013
00000013
00000013
00000013
00000013
00000013
00000013
00000013
00000013
00000013
00000013
00000013
00000013
00000013
00000013
00000013
00000013
00000013
00000013
00000013
00000013
00000013
00000013
00000013
00000013
00000013
00000013
00000013
00000013
00000013
00000013
00000013
00000013
00000013
00000013
00000013
00000013
00000013
00000013
00000013
00000013
00000013
00000013
00000013
00000013
00000013
00000013
00000013
00000013
00000013
00000013
00000013
00000013
00000013
00000013
00000013
00000013
00000013
00000013
00000013
00000013
00000013
00000013
00000013
00000013
00000013
00000013
00000013
00000013
00000013
00000013
00000013
00000013
00000013
00000013
00000013
00000013
00000013
00000013
00000013
00000013
00000013
00000013
00000013
00000013
00000013
00000013
00000013
00000013
00000013
00000013
00000013
00000013
00000013
00000013
00000013
00000013
00000013
00000013
00000013
00000013
00000013
00000013
00000013
00000013
00000013
00000013
00000013
00000013
00000013
00000013
00000013
00000013
00000013
00000013
00000013
00000013
00000013
00000013
00000013
00000013
00000013
00000013
00000013
00000013
00000013
00000013
00000013
00000013
00000013
00000013
00000013
00000013
00000013
00000013
00000013
00000013
00000013
00000013
00000013
00000013
00000013
00000013
00000013
00000013
00000013
00000013
00000013
00000013
00000013
00000013
00000013
00000013
00000013
00000013
00000013
00000013
00000013
00000013
00000013
00000013
00000013
00000013
00000013
00000013
00000013
00000013
00000013
00000013
00000013
00000013
00000013
00000013
00000013
00000013
00000013
00000013
00000013
00000013
00000013
00000013
00000013
00000013
00000013
00000013
00000013
00000013
00000013
00000013
00000013
00000013
00000013
00000013
00000013
00000013
00000013
00000013
00000013
00000013
00000013
00000013
00000013
00000013
00000013
00000013
00000013
00000013
00000013
00000013
00000013
00000013
00000013
00000013
00000013
00000013
00000013
00000013
00000013
00000013
00000013
00000013
00000013
00000013
00000013
00000013
00000013
00000013
00000013
00000013
00000013
00000013
00000013
00000013
00000013
00000013
00000013
00000013
00000013
00000013
00000013
00000013
00000013
00000013
00000013
00000013
00000013
00000013
00000013
00000013
00000013
00000013
00000013
00000013
00000013
00000013
00000013
00000013
00000013
00000013
00000013
00000013
00000013
00000013
00000013
00000013
00000013
00000013
00000013
00000013
00000013
00000013
00000013
00000013
00000013
00000013
00000013
00000013
00000013
00000013
00000013
00000013
00000013
00000013
00000013
00000013
00000013
00000013
00000013
00000013
00000013
00000013
00000013
00000013
00000013
00000013
00000013
00000013
00000013
00000013
00000013
00000013
00000013
00000013
00000013
00000013
00000013
00000013
00000013
00000013
00000013
00000013
00000013
00000013
00000013
00000013
00000013
00000013
00000013
00000013
00000013
00000013
00000013
00000013
00000013
00000013
00000013
00000013
00000013
00000013
00000013
00000013
00000013
00000013
00000013
00000013
00000013
00000013
00000013
00000013
00000013
00000013
00000013
00000013
00000013
00000013
00000013
00000013
00000013
00000013
00000013
00000013
00000013
00000013
00000013
00000013
00000013
00000013
00000013
00000013
00000013
00000013
00000013
00000013
00000013
00000013
00000013
00000013
00000013
00000013
00000013
00000013
00000013
00000013
00000013
00000013
00000013
00000013
00000013
00000013
00000013
00000013
00000013
00000013
00000013
00000013
00000013
00000013
00000013
00000013
00000013
00000013
00000013
00000013
00000013
00000013
00000013
00000013
00000013
00000013
00000013
00000013
00000013
00000013
00000013
00000013
00000013
00000013
00000013
00000013
00000013
00000013
00000013
00000013
00000013
00000013
00000013
00000013
00000013
00000013
00000013
00000013
00000013
00000013
00000013
00000013
00000013
00000013
00000013
00000013
00000013
00000013
00000013
00000013
00000013
00000013
00000013
00000013
00000013
00000013
00000013
00000013
00000013
00000013
00000013
00000013
00000013
00000013
00000013
00000013
00000013
00000013
00000013
00000013
00000013
00000013
00000013
00000013
00000013
00000013
00000013
00000013
00000013
00000013
00000013
00000013
00000013
00000013
00000013
00000013
00000013
00000013
00000013
00000013
00000013
00000013
00000013
00000013
00000013
00000013
00000013
00000013
00000013
00000013
00000013
00000013
00000013
00000013
00000013
00000013
00000013
00000013
00000013
00000013
00000013
00000013
00000013
00000013
00000013
00000013
00000013
00000013
00000013
00000013
00000013
00000013
00000013
00000013
00000013
00000013
00000013
00000013
00000013
00000013
00000013
00000013
00000013
00000013
00000013
00000013
00000013
00000013
00000013
00000013
00000013
00000013
00000013
00000013
00000013
00000013
00000013
00000013
00000013
00000013
00000013
00000013
00000013
00000013
00000013
00000013
00000013
00000013
00000013
00000013
00000013
00000013
00000013
00000013
00000013
00000013
00000013
00000013
00000013
00000013
00000013
00000013
00000013
00000013
00000013
00000013
00000013
00000013
00000013
00000013
00000013
00000013
00000013
00000013
00000013
00000013
00000013
00000013
00000013
00000013
00000013
00000013
00000013
00000013
00000013
00000013
00000013
00000013
00000013
00000013
00000013
00000013
00000013
00000013
00000013
00000013
00000013
00000013
00000013
00000013
00000013
00000013
00000013
00000013
00000013
00000013
00000013
00000013
00000013
00000013
00000013
00000013
00000013
00000013
00000013
00000013
00000013
00000013
00000013
00000013
00000013
00000013
00000013
00000013
00000013
00000013
00000013
00000013
00000013
00000013
00000013
00000013
00000013
00000013
00000013
00000013
00000013
00000013
00000013
00000013
00000013
00000013
00000013
00000013
00000013
00000013
00000013
00000013
00000013
00000013
00000013
00000013
00000013
00000013
00000013
00000013
00000013
00000013
00000013
00000013
00000013
00000013
00000013
00000013
00000013
00000013
00000013
00000013
00000013
00000013
00000013
00000013
00000013
00000013
00000013
00000013
00000013
00000013
00000013
00000013
00000013
00000013
00000013
00000013
00000013
00000013
00000013
00000013
00000013
00000013
00000013
00000013
00000013
00000013
00000013
00000013
00000013
00000013
00000013
00000013
00000013
00000013
00000013
00000013
00000013
00000013
00000013
00000013
00000013
00000013
00000013
00000013
00000013
00000013
00000013
00000013
00000013
00000013
00000013
00000013
00000013
00000013
00000013
00000013
00000013
00000013
00000013
00000013
00000013
00000013
00000013
00000013
00000013
00000013
00000013
00000013
00000013
00000013
00000013
00000013
00000013
00000013
00000013
00000013
00000013
00000013
00000013
00000013
00000013
00000013
00000013
00000013
00000013
00000013
00000013
00000013
00000013
00000013
00000013
00000013
00000013
00000013
00000013
00000013
00000013
00000013
00000013
00000013
00000013
00000013
00000013
00000013
00000013
00000013
00000013
00000013
00000013
00000013
00000013
00000013
00000013
00000013
00000013
00000013
00000013
00000013
00000013
00000013
00000013
00000013
00000013
00000013
00000013
00000013
00000013
00000013
00000013
00000013
00000013
00000013
00000013
00000013
00000013
00000013
00000013
00000013
00000013
00000013
00000013
00000013
00000013
00000013
00000013
00000013
00000013
00000013
00000013
00000013
00000013
00000013
00000013
00000013
00000013
00000013
00000013
00000013
00000013
00000013
00000013
00000013
00000013
00000013
00000013
00000013
00000013
00000013
00000013
00000013
00000013
00000013
00000013
00000013
00000013
00000013
00000013
00000013
00000013
00000013
00000013
00000013
00000013
00000013
00000013
00000013
00000013
00000013
00000013
00000013
00000013
00000013
00000013
00000013
00000013
00000013
00000013
00000013
00000013
00000013
00000013
00000013
00000013
00000013
00000013
00000013
00000013
00000013
00000013
00000013
00000013
00000013
00000013
00000013
00000013
00000013
00000013
00000013
00000013
00000013
00000013
00000013
00000013
00000013
00000013
00000013
00000013
00000013
00000013
00000013
00000013
00000013
00000013
00000013
00000013
00000013
00000013
00000013
00000013
00000013
00000013
00000013
00000013
00000013
00000013
00000013
00000013
00000013
00000013
00000013
00000013
00000013
00000013
00000013
00000013
00000013
00000013
00000013
00000013
00000013
00000013
00000013
00000013
00000013
00000013
00000013
00000013
00000013
00000013
00000013
00000013
00000013
00000013
00000013
00000013
00000013
00000013
00000013
00000013
00000013
00000013
00000013
00000013
00000013
00000013
00000013
00000013
00000013
00000013
00000013
00000013
00000013
00000013
00000013
00000013
00000013
00000013
00000013
00000013
00000013
00000013
00000013
00000013
00000013
00000013
00000013
00000013
00000013
00000013
00000013
00000013
00000013
00000013
00000013
00000013
00000013
00000013
00000013
00000013
00000013
00000013
00000013
00000013
00000013
00000013
00000013
00000013
00000013
00000013
00000013
00000013
00000013
00000013
00000013
00000013
00000013
00000013
00000013
00000013
00000013
00000013
00000013
00000013
00000013
00000013
00000013
00000013
00000013
00000013
00000013
00000013
00000013
00000013
00000013
00000013
00000013
00000013
00000013
00000013
00000013
00000013
00000013
00000013
00000013
00000013
00000013
00000013
00000013
00000013
00000013
00000013
00000013
00000013
00000013
00000013
00000013
00000013
00000013
00000013
00000013
00000013
00000013
00000013
00000013
00000013
00000013
00000013
00000013
00000013
00000013
00000013
00000013
00000013
00000013
00000013
00000013
00000013
00000013
00000013
00000013
00000013
00000013
00000013
00000013
00000013
00000013
00000013
00000013
00000013
00000013
00000013
00000013
00000013
00000013
00000013
00000013
00000013
00000013
00000013
00000013
00000013
00000013
00000013
00000013
00000013
00000013
00000013
00000013
00000013
00000013
00000013
00000013
00000013
00000013
00000013
00000013
00000013
00000013
00000013
00000013
00000013
00000013
00000013
00000013
00000013
00000013
00000013
00000013
00000013
00000013
00000013
00000013
00000013
00000013
00000013
00000013
00000013
00000013
00000013
00000013
00000013
00000013
00000013
00000013
00000013
00000013
00000013
00000013
00000013
00000013
00000013
00000013
00000013
00000013
00000013
00000013
00000013
00000013
00000013
00000013
00000013
00000013
00000013
00000013
00000013
00000013
00000013
00000013
00000013
00000013
00000013
00000013
00000013
00000013
00000013
00000013
00000013
00000013
00000013
00000013
00000013
00000013
00000013
00000013
00000013
00000013
00000013
00000013
00000013
00000013
00000013
00000013
00000013
00000013
00000013
00000013
00000013
00000013
00000013
00000013
00000013
00000013
00000013
00000013
00000013
00000013
00000013
00000013
00000013
00000013
00000013
00000013
00000013
00000013
00000013
00000013
00000013
00000013
00000013
00000013
00000013
00000013
00000013
00000013
00000013
00000013
00000013
00000013
00000013
00000013
00000013
00000013
00000013
00000013
00000013
00000013
00000013
00000013
00000013
00000013
00000013
00000013
00000013
00000013
00000013
00000013
00000013
00000013
00000013
00000013
00000013
00000013
00000013
00000013
00000013
00000013
00000013
00000013
00000013
00000013
00000013
00000013
00000013
00000013
00000013
00000013
00000013
00000013
00000013
00000013
00000013
00000013
00000013
00000013
00000013
00000013
00000013
00000013
00000013
00000013
00000013
00000013
00000013
00000013
00000013
00000013
00000013
00000013
00000013
00000013
00000013
00000013
00000013
00000013
00000013
00000013
00000013
00000013
00000013
00000013
00000013
00000013
00000013
00000013
00000013
00000013
00000013
00000013
00000013
00000013
00000013
00000013
00000013
00000013
00000013
00000013
00000013
00000013
00000013
00000013
00000013
00000013
00000013
00000013
00000013
00000013
00000013
00000013
00000013
00000013
00000013
00000013
00000013
00000013
00000013
00000013
00000013
00000013
00000013
00000013
00000013
00000013
00000013
00000013
00000013
00000013
00000013
00000013
00000013
00000013
00000013
00000013
00000013
00000013
00000013
00000013
00000013
00000013
00000013
00000013
00000013
00000013
00000013
00000013
00000013
00000013
00000013
00000013
00000013
00000013
00000013
00000013
00000013
00000013
00000013
00000013
00000013
00000013
00000013
00000013
00000013
00000013
00000013
00000013
00000013
00000013
00000013
00000013
00000013
00000013
00000013
00000013
00000013
00000013
00000013
00000013
00000013
00000013
00000013
00000013
00000013
00000013
00000013
00000013
00000013
00000013
00000013
00000013
00000013
00000013
00000013
00000013
00000013
00000013
00000013
00000013
00000013
00000013
00000013
00000013
00000013
00000013
00000013
00000013
00000013
00000013
00000013
00000013
00000013
00000013
00000013
00000013
00000013
00000013
00000013
00000013
00000013
00000013
00000013
00000013
00000013
00000013
00000013
00000013
00000013
00000013
00000013
00000013
00000013
00000013
00000013
00000013
00000013
00000013
00000013
00000013
00000013
00000013
00000013
00000013
00000013
00000013
00000013
00000013
00000013
00000013
00000013
00000013
00000013
00000013
00000013
00000013
00000013
00000013
00000013
00000013
00000013
00000013
00000013
00000013
00000013
00000013
00000013
00000013
00000013
00000013
00000013
00000013
00000013
00000013
00000013
00000013
00000013
00000013
00000013
00000013
00000013
00000013
00000013
00000013
00000013
00000013
00000013
00000013
00000013
00000013
00000013
00000013
00000013
00000013
00000013
00000013
00000013
00000013
00000013
00000013
00000013
00000013
00000013
00000013
00000013
00000013
00000013
00000013
00000013
00000013
00000013
00000013
00000013
00000013
00000013
00000013
00000013
00000013
00000013
00000013
00000013
00000013
00000013
00000013
00000013
00000013
00000013
00000013
00000013
00000013
00000013
00000013
00000013
00000013
00000013
00000013
00000013
00000013
00000013
00000013
00000013
00000013
00000013
00000013
00000013
00000013
00000013
00000013
00000013
00000013
00000013
00000013
00000013
00000013
00000013
00000013
00000013
00000013
00000013
00000013
00000013
00000013
00000013
00000013
00000013
00000013
00000013
00000013
00000013
00000013
00000013
00000013
00000013
00000013
00000013
00000013
00000013
00000013
00000013
00000013
00000013
00000013
00000013
00000013
00000013
00000013
00000013
00000013
00000013
00000013
00000013
00000013
00000013
00000013
00000013
00000013
00000013
00000013
00000013
00000013
00000013
00000013
00000013
00000013
00000013
00000013
00000013
00000013
00000013
00000013
00000013
00000013
00000013
00000013
00000013
00000013
00000013
00000013
00000013
00000013
00000013
00000013
00000013
00000013
00000013
00000013
00000013
00000013
00000013
00000013
00000013
00000013
00000013
00000013
00000013
00000013
00000013
00000013
00000013
00000013
00000013
00000013
00000013
00000013
00000013
00000013
00000013
00000013
00000013
00000013
00000013
00000013
00000013
00000013
00000013
00000013
00000013
00000013
00000013
00000013
00000013
00000013
00000013
00000013
00000013
00000013
00000013
00000013
00000013
00000013
00000013
00000013
00000013
00000013
00000013
00000013
00000013
00000013
00000013
00000013
00000013
00000013
00000013
00000013
00000013
00000013
00000013
00000013
00000013
00000013
00000013
00000013
00000013
00000013
00000013
00000013
00000013
00000013
00000013
00000013
00000013
00000013
00000013
00000013
00000013
00000013
00000013
00000013
00000013
00000013
00000013
00000013
00000013
00000013
00000013
00000013
00000013
00000013
00000013
00000013
00000013
00000013
00000013
00000013
00000013
00000013
00000013
00000013
00000013
00000013
00000013
00000013
00000013
00000013
00000013
00000013
00000013
00000013
00000013
00000013
00000013
00000013
00000013
00000013
00000013
00000013
00000013
00000013
00000013
00000013
00000013
00000013
00000013
00000013
00000013
00000013
00000013
00000013
00000013
00000013
00000013
00000013
00000013
00000013
00000013
00000013
00000013
00000013
00000013
00000013
00000013
00000013
00000013
00000013
00000013
00000013
00000013
00000013
00000013
00000013
00000013
00000013
00000013
00000013
00000013
00000013
00000013
00000013
00000013
00000013
00000013
00000013
00000013
00000013
00000013
00000013
00000013
00000013
00000013
00000013
00000013
00000013
00000013
00000013
00000013
00000013
00000013
00000013
00000013
00000013
00000013
00000013
00000013
00000013
00000013
00000013
00000013
00000013
00000013
00000013
00000013
00000013
00000013
00000013
00000013
00000013
00000013
00000013
00000013
00000013
00000013
00000013
00000013
00000013
00000013
00000013
00000013
00000013
00000013
00000013
00000013
00000013
00000013
00000013
00000013
00000013
00000013
00000013
00000013
00000013
00000013
00000013
00000013
00000013
00000013
00000013
00000013
00000013
00000013
00000013
00000013
00000013
00000013
00000013
00000013
00000013
00000013
00000013
00000013
00000013
00000013
00000013
00000013
00000013
00000013
00000013
00000013
00000013
00000013
00000013
00000013
00000013
00000013
00000013
00000013
00000013
00000013
00000013
00000013
00000013
00000013
00000013
00000013
00000013
00000013
00000013
00000013
00000013
00000013
00000013
00000013
00000013
00000013
00000013
00000013
00000013
00000013
00000013
00000013
00000013
00000013
00000013
00000013
00000013
00000013
00000013
00000013
00000013
00000013
00000013
00000013
00000013
00000013
00000013
00000013
00000013
00000013
00000013
00000013
00000013
00000013
00000013
00000013
00000013
00000013
00000013
00000013
00000013
00000013
00000013
00000013
00000013
00000013
00000013
00000013
00000013
00000013
00000013
00000013
00000013
00000013
00000013
00000013
00000013
00000013
00000013
00000013
00000013
00000013
00000013
00000013
00000013
00000013
00000013
00000013
00000013
00000013
00000013
00000013
00000013
00000013
00000013
00000013
00000013
00000013
00000013
00000013
00000013
00000013
00000013
00000013
00000013
00000013
00000013
00000013
00000013
00000013
00000013
00000013
00000013
00000013
00000013
00000013
00000013
00000013
00000013
00000013
00000013
00000013
00000013
00000013
00000013
00000013
00000013
00000013
00000013
00000013
00000013
00000013
00000013
00000013
00000013
00000013
00000013
00000013
00000013
00000013
00000013
00000013
00000013
00000013
00000013
00000013
00000013
00000013
00000013
00000013
00000013
00000013
00000013
00000013
00000013
00000013
00000013
00000013
00000013
00000013
00000013
00000013
00000013
00000013
00000013
00000013
00000013
00000013
00000013
00000013
00000013
00000013
00000013
00000013
00000013
00000013
00000013
00000013
00000013
00000013
00000013
00000013
00000013
00000013
00000013
00000013
00000013
00000013
00000013
00000013
00000013
00000013
00000013
00000013
00000013
00000013
00000013
00000013
00000013
00000013
00000013
00000013
00000013
00000013
00000013
00000013
00000013
00000013
00000013
00000013
00000013
00000013
00000013
00000013
00000013
00000013
00000013
00000013
00000013
00000013
00000013
00000013
00000013
00000013
00000013
00000013
00000013
00000013
00000013
00000013
00000013
00000013
00000013
00000013
00000013
00000013
00000013
00000013
00000013
00000013
00000013
00000013
00000013
00000013
00000013
00000013
00000013
00000013
00000013
00000013
00000013
00000013
00000013
00000013
00000013
00000013
00000013
00000013
00000013
00000013
00000013
00000013
00000013
00000013
00000013
00000013
00000013
00000013
00000013
00000013
00000013
00000013
00000013
00000013
00000013
00000013
00000013
00000013
00000013
00000013
00000013
00000013
00000013
00000013
00000013
00000013
00000013
00000013
00000013
00000013
00000013
00000013
00000013
00000013
00000013
00000013
00000013
00000013
00000013
00000013
00000013
00000013
00000013
00000013
00000013
00000013
00000013
00000013
00000013
00000013
00000013
00000013
00000013
00000013
00000013
00000013
00000013
00000013
00000013
00000013
00000013
00000013
00000013
00000013
00000013
00000013
00000013
00000013
00000013
00000013
00000013
00000013
00000013
00000013
00000013
00000013
00000013
00000013
00000013
00000013
00000013
00000013
00000013
00000013
00000013
00000013
00000013
00000013
00000013
00000013
00000013
00000013
00000013
00000013
00000013
00000013
00000013
00000013
00000013
00000013
00000013
00000013
00000013
00000013
00000013
00000013
00000013
00000013
00000013
00000013
00000013
00000013
00000013
00000013
00000013
00000013
00000013
00000013
00000013
00000013
00000013
00000013
00000013
00000013
00000013
00000013
00000013
00000013
00000013
00000013
00000013
00000013
00000013
00000013
00000013
00000013
00000013
00000013
00000013
00000013
00000013
00000013
00000013
00000013
00000013
00000013
00000013
00000013
00000013
00000013
00000013
00000013
00000013
00000013
00000013
00000013
00000013
00000013
00000013
00000013
00000013
00000013
00000013
00000013
00000013
00000013
00000013
00000013
00000013
00000013
00000013
00000013
00000013
00000013
00000013
00000013
00000013
00000013
00000013
00000013
00000013
00000013
00000013
00000013
00000013
00000013
00000013
00000013
00000013
00000013
00000013
00000013
00000013
00000013
00000013
00000013
00000013
00000013
00000013
00000013
00000013
00000013
00000013
00000013
00000013
00000013
00000013
00000013
00000013
00000013
00000013
00000013
00000013
00000013
00000013
00000013
00000013
00000013
00000013
00000013
00000013
00000013
00000013
00000013
00000013
00000013
00000013
00000013
00000013
00000013
00000013
00000013
00000013
00000013
00000013
00000013
00000013
00000013
00000013
00000013
00000013
00000013
00000013
00000013
00000013
00000013
00000013
00000013
00000013
00000013
00000013
00000013
00000013
00000013
00000013
00000013
00000013
00000013
00000013
00000013
00000013
00000013
00000013
00000013
00000013
00000013
00000013
00000013
00000013
00000013
00000013
00000013
00000013
00000013
00000013
00000013
00000013
00000013
00000013
00000013
00000013
00000013
00000013
00000013
00000013
00000013
00000013
00000013
00000013
00000013
00000013
00000013
00000013
00000013
00000013
00000013
00000013
00000013
00000013
00000013
00000013
00000013
00000013
00000013
00000013
00000013
00000013
00000013
00000013
00000013
00000013
00000013
00000013
00000013
00000013
00000013
00000013
00000013
00000013
00000013
00000013
00000013
00000013
00000013
00000013
00000013
00000013
00000013
00000013
00000013
00000013
00000013
00000013
00000013
00000013
00000013
00000013
00000013
00000013
00000013
00000013
00000013
00000013
00000013
00000013
00000013
00000013
00000013
00000013
00000013
00000013
00000013
00000013
00000013
00000013
00000013
00000013
00000013
00000013
00000013
00000013
00000013
00000013
00000013
00000013
00000013
00000013
00000013
00000013
00000013
00000013
00000013
00000013
00000013
00000013
00000013
00000013
00000013
00000013
00000013
00000013
00000013
00000013
00000013
00000013
00000013
00000013
00000013
00000013
00000013
00000013
00000013
00000013
00000013
00000013
00000013
00000013
00000013
00000013
00000013
00000013
00000013
00000013
00000013
00000013
00000013
00000013
00000013
00000013
00000013
00000013
00000013
00000013
00000013
00000013
00000013
00000013
00000013
00000013
00000013
00000013
00000013
00000013
00000013
00000013
00000013
00000013
00000013
00000013
00000013
00000013
00000013
00000013
00000013
00000013
00000013
00000013
00000013
00000013
00000013
00000013
00000013
00000013
00000013
00000013
00000013
00000013
00000013
00000013
00000013
00000013
00000013
00000013
00000013
00000013
00000013
00000013
00000013
00000013
00000013
00000013
00000013
00000013
00000013
00000013
00000013
00000013
00000013
00000013
00000013
00000013
00000013
00000013
00000013
00000013
00000013
00000013
00000013
00000013
00000013
00000013
00000013
00000013
00000013
00000013
00000013
00000013
00000013
00000013
00000013
00000013
00000013
00000013
00000013
00000013
00000013
00000013
00000013
00000013
00000013
00000013
00000013
00000013
00000013
00000013
00000013
00000013
00000013
00000013
00000013
00000013
00000013
00000013
00000013
00000013
00000013
00000013
00000013
00000013
00000013
00000013
00000013
00000013
00000013
00000013
00000013
00000013
00000013
00000013
00000013
00000013
00000013
00000013
00000013
00000013
00000013
00000013
00000013
00000013
00000013
00000013
00000013
00000013
00000013
00000013
00000013
00000013
00000013
00000013
00000013
00000013
00000013
00000013
00000013
00000013
00000013
00000013
00000013
00000013
00000013
00000013
00000013
00000013
00000013
00000013
00000013
00000013
00000013
00000013
00000013
00000013
00000013
00000013
00000013
00000013
00000013
00000013
00000013
00000013
00000013
00000013
00000013
00000013
00000013
00000013
00000013
00000013
00000013
00000013
00000013
00000013
00000013
00000013
00000013
00000013
00000013
00000013
00000013
00000013
00000013
00000013
00000013
00000013
00000013
00000013
00000013
00000013
00000013
00000013
00000013
00000013
00000013
00000013
00000013
00000013
00000013
00000013
00000013
00000013
00000013
00000013
00000013
00000013
00000013
00000013
00000013
00000013
00000013
00000013
00000013
00000013
00000013
00000013
00000013
00000013
00000013
00000013
00000013
00000013
00000013
00000013
00000013
00000013
00000013
00000013
00000013
00000013
00000013
00000013
00000013
00000013
00000013
00000013
00000013
00000013
00000013
00000013
00000013
00000013
00000013
00000013
00000013
00000013
00000013
00000013
00000013
00000013
00000013
00000013
00000013
00000013
00000013
00000013
00000013
00000013
00000013
00000013
00000013
00000013
00000013
00000013
00000013
00000013
00000013
00000013
00000013
00000013
00000013
00000013
00000013
00000013
00000013
00000013
00000013
00000013
00000013
00000013
00000013
00000013
00000013
00000013
00000013
00000013
00000013
00000013
00000013
00000013
00000013
00000013
00000013
00000013
00000013
00000013
00000013
00000013
00000013
00000013
00000013
00000013
00000013
00000013
00000013
00000013
00000013
00000013
00000013
00000013
00000013
00000013
00000013
00000013
00000013
00000013
00000013
00000013
00000013
00000013
00000013
00000013
00000013
00000013
00000013
00000013
00000013
00000013
00000013
00000013
00000013
00000013
00000013
00000013
00000013
00000013
00000013
00000013
00000013
00000013
00000013
00000013
00000013
00000013
00000013
00000013
00000013
00000013
00000013
00000013
00000013
00000013
00000013
00000013
00000013
00000013
00000013
00000013
00000013
00000013
00000013
00000013
00000013
00000013
00000013
00000013
00000013
00000013
00000013
00000013
00000013
00000013
00000013
00000013
00000013
00000013
00000013
00000013
00000013
00000013
00000013
00000013
00000013
00000013
00000013
00000013
00000013
00000013
00000013
00000013
00000013
00000013
00000013
00000013
00000013
00000013
00000013
00000013
00000013
00000013
00000013
00000013
00000013
00000013
00000013
00000013
00000013
00000013
00000013
00000013
00000013
00000013
00000013
00000013
00000013
00000013
00000013
00000013
00000013
00000013
00000013
00000013
00000013
00000013
00000013
00000013
00000013
00000013
00000013
00000013
00000013
00000013
00000013
00000013
00000013
00000013
00000013
00000013
00000013
00000013
00000013
00000013
00000013
00000013
00000013
00000013
00000013
00000013
00000013
00000013
00000013
00000013
00000013
00000013
00000013
00000013
00000013
00000013
00000013
00000013
00000013
00000013
00000013
00000013
00000013
00000013
00000013
00000013
00000013
00000013
00000013
00000013
00000013
00000013
00000013
00000013
00000013
00000013
00000013
00000013
00000013
00000013
00000013
00000013
00000013
00000013
00000013
00000013
00000013
00000013
00000013
00000013
00000013
00000013
00000013
00000013
00000013
00000013
00000013
00000013
00000013
00000013
00000013
00000013
00000013
00000013
00000013
00000013
00000013
00000013
00000013
00000013
00000013
00000013
00000013
00000013
00000013
00000013
00000013
00000013
00000013
00000013
00000013
00000013
00000013
00000013
00000013
00000013
00000013
00000013
00000013
00000013
00000013
00000013
00000013
00000013
00000013
00000013
00000013
00000013
00000013
00000013
00000013
00000013
00000013
00000013
00000013
00000013
00000013
00000013
00000013
00000013
00000013
00000013
00000013
00000013
00000013
00000013
00000013
00000013
00000013
00000013
00000013
00000013
00000013
00000013
00000013
00000013
00000013
00000013
00000013
00000013
00000013
00000013
00000013
00000013
00000013
00000013
00000013
00000013
00000013
00000013
00000013
00000013
00000013
00000013
00000013
00000013
00000013
00000013
00000013
00000013
00000013
00000013
00000013
00000013
00000013
00000013
00000013
00000013
00000013
00000013
00000013
00000013
00000013
00000013
00000013
00000013
00000013
00000013
00000013
00000013
00000013
00000013
00000013
00000013
00000013
00000013
00000013
00000013
00000013
00000013
00000013
00000013
00000013
00000013
00000013
00000013
00000013
00000013
00000013
00000013
00000013
00000013
00000013
00000013
00000013
00000013
00000013
00000013
00000013
00000013
00000013
00000013
00000013
00000013
00000013
00000013
00000013
00000013
00000013
00000013
00000013
00000013
00000013
00000013
00000013
00000013
00000013
00000013
00000013
00000013
00000013
00000013
00000013
00000013
00000013
00000013
00000013
00000013
00000013
00000013
00000013
00000013
00000013
00000013
00000013
00000013
00000013
00000013
00000013
00000013
00000013
00000013
00000013
00000013
00000013
00000013
00000013
00000013
00000013
00000013
00000013
00000013
00000013
00000013
00000013
00000013
00000013
00000013
00000013
00000013
00000013
00000013
00000013
00000013
00000013
00000013
00000013
00000013
00000013
00000013
00000013
00000013
00000013
00000013
00000013
00000013
00000013
00000013
00000013
00000013
00000013
00000013
00000013
00000013
00000013
00000013
00000013
00000013
00000013
00000013
00000013
00000013
00000013
00000013
00000013
00000013
00000013
00000013
00000013
00000013
00000013
00000013
00000013
00000013
00000013
00000013
00000013
00000013
00000013
00000013
00000013
00000013
00000013
00000013
00000013
00000013
00000013
00000013
00000013
00000013
00000013
00000013
00000013
00000013
00000013
00000013
00000013
00000013
00000013
00000013
00000013
00000013
00000013
00000013
00000013
00000013
00000013
00000013
00000013
00000013
00000013
00000013
00000013
00000013
00000013
00000013
00000013
00000013
00000013
00000013
00000013
00000013
00000013
00000013
00000013
00000013
00000013
00000013
00000013
00000013
00000013
00000013
00000013
00000013
00000013
00000013
00000013
00000013
00000013
00000013
00000013
00000013
00000013
00000013
00000013
00000013
00000013
00000013
00000013
00000013
00000013
00000013
00000013
00000013
00000013
00000013
00000013
00000013
00000013
00000013
00000013
00000013
00000013
00000013
00000013
00000013
00000013
00000013
00000013
00000013
00000013
00000013
00000013
00000013
00000013
00000013
00000013
00000013
00000013
00000013
00000013
00000013
00000013
00000013
00000013
00000013
00000013
00000013
00000013
00000013
00000013
00000013
00000013
00000013
00000013
00000013
00000013
00000013
00000013
00000013
00000013
00000013
00000013
00000013
00000013
00000013
00000013
00000013
00000013
00000013
00000013
00000013
00000013
00000013
00000013
00000013
00000013
00000013
00000013
00000013
00000013
00000013
00000013
00000013
00000013
00000013
00000013
00000013
00000013
00000013
00000013
00000013
00000013
00000013
00000013
00000013
00000013
00000013
00000013
00000013
00000013
00000013
00000013
00000013
00000013
00000013
00000013
00000013
00000013
00000013
00000013
00000013
00000013
00000013
00000013
00000013
00000013
00000013
00000013
00000013
00000013
00000013
00000013
00000013
00000013
00000013
00000013
00000013
00000013
00000013
00000013
00000013
00000013
00000013
00000013
00000013
00000013
00000013
00000013
00000013
00000013
00000013
00000013
00000013
00000013
00000013
00000013
00000013
00000013
00000013
00000013
00000013
00000013
00000013
00000013
00000013
00000013
00000013
00000013
00000013
00000013
00000013
00000013
00000013
00000013
00000013
00000013
00000013
00000013
00000013
00000013
00000013
00000013
00000013
00000013
00000013
00000013
00000013
00000013
00000013
00000013
00000013
00000013
00000013
00000013
00000013
00000013
00000013
00000013
00000013
00000013
00000013
00000013
00000013
00000013
00000013
00000013
00000013
00000013
00000013
00000013
00000013
00000013
00000013
00000013
00000013
00000013
00000013
00000013
00000013
00000013
00000013
00000013
00000013
00000013
00000013
00000013
00000013
00000013
00000013
00000013
00000013
00000013
00000013
00000013
00000013
00000013
00000013
00000013
00000013
00000013
00000013
00000013
00000013
00000013
00000013
00000013
00000013
00000013
00000013
00000013
00000013
00000013
00000013
00000013
00000013
00000013
00000013
00000013
00000013
00000013
00000013
00000013
00000013
00000013
00000013
00000013
00000013
00000013
00000013
00000013
00000013
00000013
00000013
00000013
00000013
00000013
00000013
00000013
00000013
00000013
00000013
00000013
00000013
00000013
00000013
00000013
00000013
00000013
00000013
00000013
00000013
00000013
00000013
00000013
00000013
00000013
00000013
00000013
00000013
00000013
00000013
00000013
00000013
00000013
00000013
00000013
00000013
00000013
00000013
00000013
00000013
00000013
00000013
00000013
00000013
00000013
00000013
00000013
00000013
00000013
00000013
00000013
00000013
00000013
00000013
00000013
00000013
00000013
00000013
00000013
00000013
00000013
00000013
00000013
00000013
00000013
00000013
00000013
00000013
00000013
00000013
00000013
00000013
00000013
00000013
00000013
00000013
00000013
00000013
00000013
00000013
00000013
00000013
00000013
00000013
00000013
00000013
00000013
00000013
00000013
00000013
00000013
00000013
00000013
00000013
00000013
00000013
00000013
00000013
00000013
00000013
00000013
00000013
00000013
00000013
00000013
00000013
00000013
00000013
00000013
00000013
00000013
00000013
00000013
00000013
00000013
00000013
00000013
00000013
00000013
00000013
00000013
00000013
00000013
00000013
00000013
00000013
00000013
00000013
00000013
00000013
00000013
00000013
00000013
00000013
00000013
00000013
00000013
00000013
00000013
00000013
00000013
00000013
00000013
00000013
00000013
00000013
00000013
00000013
00000013
00000013
00000013
00000013
00000013
00000013
00000013
00000013
00000013
00000013
00000013
00000013
00000013
00000013
00000013
00000013
00000013
00000013
00000013
00000013
00000013
00000013
00000013
00000013
00000013
00000013
00000013
00000013
00000013
00000013
00000013
00000013
00000013
00000013
00000013
00000013
00000013
00000013
00000013
00000013
00000013
00000013
00000013
00000013
00000013
00000013
00000013
00000013
00000013
00000013
00000013
00000013
00000013
00000013
00000013
00000013
00000013
00000013
00000013
00000013
00000013
00000013
00000013
00000013
00000013
00000013
00000013
00000013
00000013
00000013
00000013
00000013
00000013
00000013
00000013
00000013
00000013
00000013
00000013
00000013
00000013
00000013
00000013
00000013
00000013
00000013
00000013
00000013
00000013
00000013
00000013
00000013
00000013
00000013
00000013
00000013
00000013
00000013
00000013
00000013
00000013
00000013
00000013
00000013
00000013
00000013
00000013
00000013
00000013
00000013
00000013
00000013
00000013
00000013
00000013
00000013
00000013
00000013
00000013
00000013
00000013
00000013
00000013
00000013
00000013
00000013
00000013
00000013
00000013
00000013
00000013
00000013
00000013
00000013
00000013
00000013
00000013
00000013
00000013
00000013
00000013
00000013
00000013
00000013
00000013
00000013
00000013
00000013
00000013
00000013
00000013
00000013
00000013
00000013
00000013
00000013
00000013
00000013
00000013
00000013
00000013
00000013
00000013
00000013
00000013
00000013
00000013
00000013
00000013
00000013
00000013
00000013
00000013
00000013
00000013
00000013
00000013
00000013
00000013
00000013
00000013
00000013
00000013
00000013
00000013
00000013
00000013
00000013
00000013
00000013
00000013
00000013
00000013
00000013
00000013
00000013
00000013
00000013
00000013
00000013
00000013
00000013
00000013
00000013
00000013
00000013
00000013
00000013
00000013
00000013
00000013
00000013
00000013
00000013
00000013
00000013
00000013
00000013
00000013
00000013
00000013
00000013
00000013
00000013
00000013
00000013
00000013
00000013
00000013
00000013
00000013
00000013
00000013
00000013
00000013
00000013
00000013
00000013
00000013
00000013
00000013
00000013
00000013
00000013
00000013
00000013
00000013
00000013
00000013
00000013
00000013
00000013
00000013
00000013
00000013
00000013
00000013
00000013
00000013
00000013
00000013
00000013
00000013
00000013
00000013
00000013
00000013
00000013
00000013
00000013
00000013
00000013
00000013
00000013
00000013
00000013
00000013
00000013
00000013
00000013
00000013
00000013
00000013
00000013
00000013
00000013
00000013
00000013
00000013
00000013
00000013
00000013
00000013
00000013
00000013
00000013
00000013
00000013
00000013
00000013
00000013
00000013
00000013
00000013
00000013
00000013
00000013
00000013
00000013
00000013
00000013
00000013
00000013
00000013
00000013
00000013
00000013
00000013
00000013
00000013
00000013
00000013
00000013
00000013
00000013
00000013
00000013
00000013
00000013
00000013
00000013
00000013
00000013
00000013
00000013
00000013
00000013
00000013
00000013
00000013
00000013
00000013
00000013
00000013
00000013
00000013
00000013
00000013
00000013
00000013
00000013
00000013
00000013
00000013
00000013
00000013
00000013
00000013
00000013
00000013
00000013
00000013
00000013
00000013
00000013
00000013
00000013
00000013
00000013
00000013
00000013
00000013
00000013
00000013
00000013
00000013
00000013
00000013
00000013
00000013
00000013
00000013
00000013
00000013
00000013
00000013
00000013
00000013
00000013
00000013
00000013
00000013
00000013
00000013
00000013
00000013
00000013
00000013
00000013
00000013
00000013
00000013
00000013
00000013
00000013
00000013
00000013
00000013
00000013
00000013
00000013
00000013
00000013
00000013
00000013
00000013
00000013
00000013
00000013
00000013
00000013
00000013
00000013
00000013
00000013
00000013
00000013
00000013
00000013
00000013
00000013
00000013
00000013
00000013
00000013
00000013
00000013
00000013
00000013
00000013
00000013
00000013
00000013
00000013
00000013
00000013
00000013
00000013
00000013
00000013
00000013
00000013
00000013
00000013
00000013
00000013
00000013
00000013
00000013
00000013
00000013
00000013
00000013
00000013
00000013
00000013
00000013
00000013
00000013
00000013
00000013
00000013
00000013
00000013
00000013
00000013
00000013
00000013
00000013
00000013
00000013
00000013
00000013
00000013
00000013
00000013
00000013
00000013
00000013
00000013
00000013
00000013
00000013
00000013
00000013
00000013
00000013
00000013
00000013
00000013
00000013
00000013
00000013
00000013
00000013
00000013
00000013
00000013
00000013
00000013
00000013
00000013
00000013
00000013
00000013
00000013
00000013
00000013
00000013
00000013
00000013
00000013
00000013
00000013
00000013
00000013
00000013
00000013
00000013
00000013
00000013
00000013
00000013
00000013
00000013
00000013
00000013
00000013
00000013
00000013
00000013
00000013
00000013
00000013
00000013
00000013
00000013
00000013
00000013
00000013
00000013
00000013
00000013
00000013
00000013
00000013
00000013
00000013
00000013
00000013
00000013
00000013
00000013
00000013
00000013
00000013
00000013
00000013
00000013
00000013
00000013
00000013
00000013
00000013
00000013
00000013
00000013
00000013
00000013
00000013
00000013
00000013
00000013
00000013
00000013
00000013
00000013
00000013
00000013
00000013
00000013
00000013
00000013
00000013
00000013
00000013
00000013
00000013
00000013
00000013
00000013
00000013
00000013
00000013
00000013
00000013
00000013
00000013
00000013
00000013
00000013
00000013
00000013
00000013
00000013
00000013
00000013
00000013
00000013
00000013
00000013
00000013
00000013
00000013
00000013
00000013
00000013
00000013
00000013
00000013
00000013
00000013
00000013
00000013
00000013
00000013
00000013
00000013
00000013
00000013
00000013
00000013
00000013
00000013
00000013
00000013
00000013
00000013
00000013
00000013
00000013
00000013
00000013
00000013
00000013
00000013
00000013
00000013
00000013
00000013
00000013
00000013
00000013
00000013
00000013
00000013
00000013
00000013
00000013
00000013
00000013
00000013
00000013
00000013
00000013
00000013
00000013
00000013
00000013
00000013
00000013
00000013
00000013
00000013
00000013
00000013
00000013
00000013
00000013
00000013
00000013
00000013
00000013
00000013
00000013
00000013
00000013
00000013
00000013
00000013
00000013
00000013
00000013
00000013
00000013
00000013
00000013
00000013
00000013
00000013
00000013
00000013
00000013
00000013
00000013
00000013
00000013
00000013
00000013
00000013
00000013
00000013
00000013
00000013
00000013
00000013
00000013
00000013
00000013
00000013
00000013
00000013
00000013
00000013
00000013
00000013
00000013
00000013
00000013
00000013
00000013
00000013
00000013
00000013
00000013
00000013
00000013
00000013
00000013
00000013
00000013
00000013
00000013
00000013
00000013
00000013
00000013
00000013
00000013
00000013
00000013
00000013
00000013
00000013
00000013
00000013
00000013
00000013
00000013
00000013
00000013
00000013
00000013
00000013
00000013
00000013
00000013
00000013
00000013
00000013
00000013
00000013
00000013
00000013
00000013
00000013
00000013
00000013
00000013
00000013
00000013
00000013
00000013
00000013
00000013
00000013
00000013
00000013
00000013
00000013
00000013
00000013
00000013
00000013
00000013
00000013
00000013
00000013
00000013
00000013
00000013
00000013
00000013
00000013
00000013
00000013
00000013
00000013
00000013
00000013
00000013
00000013
00000013
00000013
00000013
00000013
00000013
00000013
00000013
00000013
00000013
00000013
00000013
00000013
00000013
00000013
00000013
00000013
00000013
00000013
00000013
00000013
00000013
00000013
00000013
00000013
00000013
00000013
00000013
00000013
00000013
00000013
00000013
00000013
00000013
00000013
00000013
00000013
00000013
00000013
00000013
00000013
00000013
00000013
00000013
00000013
00000013
00000013
00000013
00000013
00000013
00000013
00000013
00000013
00000013
00000013
00000013
00000013
00000013
00000013
00000013
00000013
00000013
00000013
00000013
00000013
00000013
00000013
00000013
00000013
00000013
00000013
00000013
00000013
00000013
00000013
00000013
00000013
00000013
00000013
00000013
00000013
00000013
00000013
00000013
00000013
00000013
00000013
00000013
00000013
00000013
00000013
00000013
00000013
00000013
00000013
00000013
00000013
00000013
00000013
00000013
00000013
00000013
00000013
00000013
00000013
00000013
00000013
00000013
00000013
00000013
00000013
00000013
00000013
00000013
00000013
00000013
00000013
00000013
00000013
00000013
00000013
00000013
00000013
00000013
00000013
00000013
00000013
00000013
00000013
00000013
00000013
00000013
00000013
00000013
00000013
00000013
00000013
00000013
00000013
00000013
00000013
00000013
00000013
00000013
00000013
00000013
00000013
00000013
00000013
00000013
00000013
00000013
00000013
00000013
00000013
00000013
00000013
00000013
00000013
00000013
00000013
00000013
00000013
00000013
00000013
00000013
00000013
00000013
00000013
00000013
00000013
00000013
00000013
00000013
00000013
00000013
00000013
00000013
00000013
00000013
00000013
00000013
00000013
00000013
00000013
00000013
00000013
00000013
00000013
00000013
00000013
00000013
00000013
00000013
00000013
00000013
00000013
00000013
00000013
00000013
00000013
00000013
00000013
00000013
00000013
00000013
00000013
00000013
00000013
00000013
00000013
00000013
00000013
00000013
00000013
00000013
00000013
00000013
00000013
00000013
00000013
00000013
00000013
00000013
00000013
00000013
00000013
00000013
00000013
00000013
00000013
00000013
00000013
00000013
00000013
00000013
00000013
00000013
00000013
00000013
00000013
00000013
00000013
00000013
00000013
00000013
00000013
00000013
00000013
00000013
00000013
00000013
00000013
00000013
00000013
00000013
00000013
00000013
00000013
00000013
00000013
00000013
00000013
00000013
00000013
00000013
00000013
00000013
00000013
00000013
00000013
00000013
00000013
00000013
00000013
00000013
00000013
00000013
00000013
00000013
00000013
00000013
00000013
00000013
00000013
00000013
00000013
00000013
00000013
00000013
00000013
00000013
00000013
00000013
00000013
00000013
00000013
00000013
00000013
00000013
00000013
00000013
00000013
00000013
00000013
00000013
00000013
00000013
00000013
00000013
00000013
00000013
00000013
00000013
00000013
00000013
00000013
00000013
00000013
00000013
00000013
00000013
00000013
00000013
00000013
00000013
00000013
00000013
00000013
00000013
00000013
00000013
00000013
00000013
00000013
00000013
00000013
00000013
00000013
00000013
00000013
00000013
00000013
00000013
00000013
00000013
00000013
00000013
00000013
00000013
00000013
00000013
00000013
00000013
00000013
00000013
00000013
00000013
00000013
00000013
00000013
00000013
00000013
00000013
00000013
00000013
00000013
00000013
00000013
00000013
00000013
00000013
00000013
00000013
00000013
00000013
00000013
00000013
00000013
00000013
00000013
00000013
00000013
00000013
00000013
00000013
00000013
00000013
00000013
00000013
00000013
00000013
00000013
00000013
00000013
00000013
00000013
00000013
00000013
00000013
00000013
00000013
00000013
00000013
00000013
00000013
00000013
00000013
00000013
00000013
00000013
00000013
00000013
00000013
00000013
00000013
00000013
00000013
00000013
00000013
00000013
00000013
00000013
00000013
00000013
00000013
00000013
00000013
00000013
00000013
00000013
00000013
00000013
00000013
00000013
00000013
00000013
00000013
00000013
00000013
00000013
00000013
00000013
00000013
00000013
00000013
00000013
00000013
00000013
00000013
00000013
00000013
00000013
00000013
00000013
00000013
00000013
00000013
00000013
00000013
00000013
00000013
00000013
00000013
00000013
00000013
00000013
00000013
00000013
00000013
00000013
00000013
00000013
00000013
00000013
00000013
00000013
00000013
00000013
00000013
00000013
00000013
00000013
00000013
00000013
00000013
00000013
00000013
00000013
00000013
00000013
00000013
00000013
00000013
00000013
00000013
00000013
00000013
00000013
00000013
00000013
00000013
00000013
00000013
00000013
00000013
00000013
00000013
00000013
00000013
00000013
00000013
00000013
00000013
00000013
00000013
00000013
00000013
00000013
00000013
00000013
00000013
00000013
00000013
00000013
00000013
00000013
00000013
00000013
00000013
00000013
00000013
00000013
00000013
00000013
00000013
00000013
00000013
00000013
00000013
00000013
00000013
00000013
00000013
00000013
00000013
00000013
00000013
00000013
00000013
00000013
00000013
00000013
00000013
00000013
00000013
00000013
00000013
00000013
00000013
00000013
00000013
00000013
00000013
00000013
00000013
00000013
00000013
00000013
00000013
00000013
00000013
00000013
00000013
00000013
00000013
00000013
00000013
00000013
00000013
00000013
00000013
00000013
00000013
00000013
00000013
00000013
00000013
00000013
00000013
00000013
00000013
00000013
00000013
00000013
00000013
00000013
00000013
00000013
00000013
00000013
00000013
00000013
00000013
00000013
00000013
00000013
00000013
00000013
00000013
00000013
00000013
00000013
00000013
00000013
00000013
00000013
00000013
00000013
00000013
00000013
00000013
00000013
00000013
00000013
00000013
00000013
00000013
00000013
00000013
00000013
00000013
00000013
00000013
00000013
00000013
00000013
00000013
00000013
00000013
00000013
00000013
00000013
00000013
00000013
00000013
00000013
00000013
00000013
00000013
00000013
00000013
00000013
00000013
00000013
00000013
00000013
00000013
00000013
00000013
00000013
00000013
00000013
00000013
00000013
00000013
00000013
00000013
00000013
00000013
00000013
00000013
00000013
00000013
00000013
00000013
00000013
00000013
00000013
00000013
00000013
00000013
00000013
00000013
00000013
00000013
00000013
00000013
00000013
00000013
00000013
00000013
00000013
00000013
00000013
00000013
00000013
00000013
00000013
00000013
00000013
00000013
00000013
00000013
00000013
00000013
00000013
00000013
00000013
00000013
00000013
00000013
00000013
00000013
00000013
00000013
00000013
00000013
00000013
00000013
00000013
00000013
00000013
00000013
00000013
00000013
00000013
00000013
00000013
00000013
00000013
00000013
00000013
00000013
00000013
00000013
00000013
00000013
00000013
00000013
00000013
00000013
00000013
00000013
00000013
00000013
00000013
00000013
00000013
00000013
00000013
00000013
00000013
00000013
00000013
00000013
00000013
00000013
00000013
00000013
00000013
00000013
00000013
00000013
00000013
00000013
00000013
00000013
00000013
00000013
00000013
00000013
00000013
00000013
00000013
00000013
00000013
00000013
00000013
00000013
00000013
00000013
00000013
00000013
00000013
00000013
00000013
00000013
00000013
00000013
00000013
00000013
00000013
00000013
00000013
00000013
00000013
00000013
00000013
00000013
00000013
00000013
00000013
00000013
00000013
00000013
00000013
00000013
00000013
00000013
00000013
00000013
00000013
00000013
00000013
00000013
00000013
00000013
00000013
00000013
00000013
00000013
00000013
00000013
00000013
00000013
00000013
00000013
00000013
00000013
00000013
00000013
00000013
00000013
00000013
00000013
00000013
00000013
00000013
00000013
00000013
00000013
00000013
00000013
00000013
00000013
00000013
00000013
00000013
00000013
00000013
00000013
00000013
00000013
00000013
00000013
00000013
00000013
00000013
00000013
00000013
00000013
00000013
00000013
00000013
00000013
00000013
00000013
00000013
00000013
00000013
00000013
00000013
00000013
00000013
00000013
00000013
00000013
00000013
00000013
00000013
00000013
00000013
00000013
00000013
00000013
00000013
00000013
00000013
00000013
00000013
00000013
00000013
00000013
00000013
00000013
00000013
00000013
00000013
00000013
00000013
00000013
00000013
00000013
00000013
00000013
00000013
00000013
00000013
00000013
00000013
00000013
00000013
00000013
00000013
00000013
00000013
00000013
00000013
00000013
00000013
00000013
00000013
00000013
00000013
00000013
00000013
00000013
00000013
00000013
00000013
00000013
00000013
00000013
00000013
00000013
00000013
00000013
00000013
00000013
00000013
00000013
00000013
00000013
00000013
00000013
00000013
00000013
00000013
00000013
00000013
00000013
00000013
00000013
00000013
00000013
00000013
00000013
00000013
00000013
00000013
00000013
00000013
00000013
00000013
00000013
00000013
00000013
00000013
00000013
00000013
00000013
00000013
00000013
00000013
00000013
00000013
00000013
00000013
00000013
00000013
00000013
00000013
00000013
00000013
00000013
00000013
00000013
00000013
00000013
00000013
00000013
00000013
00000013
00000013
00000013
00000013
00000013
00000013
00000013
00000013
00000013
00000013
00000013
00000013
00000013
00000013
00000013
00000013
00000013
00000013
00000013
00000013
00000013
00000013
00000013
00000013
00000013
00000013
00000013
00000013
00000013
00000013
00000013
00000013
00000013
00000013
00000013
00000013
00000013
00000013
00000013
00000013
00000013
00000013
00000013
00000013
00000013
00000013
00000013
00000013
00000013
00000013
00000013
00000013
00000013
00000013
00000013
00000013
00000013
00000013
00000013
00000013
00000013
00000013
00000013
00000013
00000013
00000013
00000013
00000013
00000013
00000013
00000013
00000013
00000013
00000013
00000013
00000013
00000013
00000013
00000013
00000013
00000013
00000013
00000013
00000013
00000013
00000013
00000013
00000013
00000013
00000013
00000013
00000013
00000013
00000013
00000013
00000013
00000013
00000013
00000013
00000013
00000013
00000013
00000013
00000013
00000013
00000013
00000013
00000013
00000013
00000013
00000013
00000013
00000013
00000013
00000013
00000013
00000013
00000013
00000013
00000013
00000013
00000013
00000013
00000013
00000013
00000013
00000013
00000013
00000013
00000013
00000013
00000013
00000013
00000013
00000013
00000013
00000013
00000013
00000013
00000013
00000013
00000013
00000013
00000013
00000013
00000013
00000013
00000013
00000013
00000013
00000013
00000013
00000013
00000013
00000013
00000013
00000013
00000013
00000013
00000013
00000013
00000013
00000013
00000013
00000013
00000013
00000013
00000013
00000013
00000013
00000013
00000013
00000013
00000013
00000013
00000013
00000013
00000013
00000013
00000013
00000013
00000013
00000013
00000013
00000013
00000013
00000013
00000013
00000013
00000013
00000013
00000013
00000013
00000013
00000013
00000013
00000013
00000013
00000013
00000013
00000013
00000013
00000013
00000013
00000013
00000013
00000013
00000013
00000013
00000013
00000013
00000013
00000013
00000013
00000013
00000013
00000013
00000013
00000013
00000013
00000013
00000013
00000013
00000013
00000013
00000013
00000013
00000013
00000013
00000013
00000013
00000013
00000013
00000013
00000013
00000013
00000013
00000013
00000013
00000013
00000013
00000013
00000013
00000013
00000013
00000013
00000013
00000013
00000013
00000013
00000013
00000013
00000013
00000013
00000013
00000013
00000013
00000013
00000013
00000013
00000013
00000013
00000013
00000013
00000013
00000013
00000013
00000013
00000013
00000013
00000013
00000013
00000013
00000013
00000013
00000013
00000013
00000013
00000013
00000013
00000013
00000013
00000013
00000013
00000013
00000013
00000013
00000013
00000013
00000013
00000013
00000013
00000013
00000013
00000013
00000013
00000013
00000013
00000013
00000013
00000013
00000013
00000013
00000013
00000013
00000013
00000013
00000013
00000013
00000013
00000013
00000013
00000013
00000013
00000013
00000013
00000013
00000013
00000013
00000013
00000013
00000013
00000013
00000013
00000013
00000013
00000013
00000013
00000013
00000013
00000013
00000013
00000013
00000013
00000013
00000013
00000013
00000013
00000013
00000013
00000013
00000013
00000013
00000013
00000013
00000013
00000013
00000013
00000013
00000013
00000013
00000013
00000013
00000013
00000013
00000013
00000013
00000013
00000013
00000013
00000013
00000013
00000013
00000013
00000013
00000013
00000013
00000013
00000013
00000013
00000013
00000013
00000013
00000013
00000013
00000013
00000013
00000013
00000013
00000013
00000013
00000013
00000013
00000013
00000013
00000013
00000013
00000013
00000013
00000013
00000013
00000013
00000013
00000013
00000013
00000013
00000013
00000013
00000013
00000013
00000013
00000013
00000013
00000013
00000013
00000013
00000013
00000013
00000013
00000013
00000013
00000013
00000013
00000013
00000013
00000013
00000013
00000013
00000013
00000013
00000013
00000013
00000013
00000013
00000013
00000013
00000013
00000013
00000013
00000013
00000013
00000013
00000013
00000013
00000013
00000013
00000013
00000013
00000013
00000013
00000013
00000013
00000013
00000013
00000013
00000013
00000013
00000013
00000013
00000013
00000013
00000013
00000013
00000013
00000013
00000013
00000013
00000013
00000013
00000013
00000013
00000013
00000013
00000013
00000013
00000013
00000013
00000013
00000013
00000013
00000013
00000013
00000013
00000013
00000013
00000013
00000013
00000013
00000013
00000013
00000013
00000013
00000013
00000013
00000013
00000013
00000013
00000013
00000013
00000013
00000013
00000013
00000013
00000013
00000013
00000013
00000013
00000013
00000013
00000013
00000013
00000013
00000013
00000013
00000013
00000013
00000013
00000013
00000013
00000013
00000013
00000013
00000013
00000013
00000013
00000013
00000013
00000013
00000013
00000013
00000013
00000013
00000013
00000013
00000013
00000013
00000013
00000013
00000013
00000013
00000013
00000013
00000013
00000013
00000013
00000013
00000013
00000013
00000013
00000013
00000013
00000013
00000013
00000013
00000013
00000013
00000013
00000013
00000013
00000013
00000013
00000013
00000013
00000013
00000013
00000013
00000013
00000013
00000013
00000013
00000013
00000013
00000013
00000013
00000013
00000013
00000013
00000013
00000013
00000013
00000013
00000013
00000013
00000013
00000013
00000013
00000013
00000013
00000013
00000013
00000013
00000013
00000013
00000013
00000013
00000013
00000013
00000013
00000013
00000013
00000013
00000013
00000013
00000013
00000013
00000013
00000013
00000013
00000013
00000013
00000013
00000013
00000013
00000013
00000013
00000013
00000013
00000013
00000013
00000013
00000013
00000013
00000013
00000013
00000013
00000013
00000013
00000013
00000013
00000013
00000013
00000013
00000013
00000013
00000013
00000013
00000013
00000013
00000013
00000013
00000013
00000013
00000013
00000013
00000013
00000013
00000013
00000013
00000013
00000013
00000013
00000013
00000013
00000013
00000013
00000013
00000013
00000013
00000013
00000013
00000013
00000013
00000013
00000013
00000013
00000013
00000013
00000013
00000013
00000013
00000013
00000013
00000013
00000013
00000013
00000013
00000013
00000013
00000013
00000013
00000013
00000013
00000013
00000013
00000013
00000013
00000013
00000013
00000013
00000013
00000013
00000013
00000013
00000013
00000013
00000013
00000013
00000013
00000013
00000013
00000013
00000013
00000013
00000013
00000013
00000013
00000013
00000013
00000013
00000013
00000013
00000013
00000013
00000013
00000013
00000013
00000013
00000013
00000013
00000013
00000013
00000013
00000013
00000013
00000013
00000013
00000013
00000013
00000013
00000013
00000013
00000013
00000013
00000013
00000013
00000013
00000013
00000013
00000013
00000013
00000013
00000013
00000013
00000013
00000013
00000013
00000013
00000013
00000013
00000013
00000013
00000013
00000013
00000013
00000013
00000013
00000013
00000013
00000013
00000013
00000013
00000013
00000013
00000013
00000013
00000013
00000013
00000013
00000013
00000013
00000013
00000013
00000013
00000013
00000013
00000013
00000013
00000013
00000013
00000013
00000013
00000013
00000013
00000013
00000013
00000013
00000013
00000013
00000013
00000013
00000013
00000013
00000013
00000013
00000013
00000013
00000013
00000013
00000013
00000013
00000013
00000013
00000013
00000013
00000013
00000013
00000013
00000013
00000013
00000013
00000013
00000013
00000013
00000013
00000013
00000013
00000013
00000013
00000013
00000013
00000013
00000013
00000013
00000013
00000013
00000013
00000013
00000013
00000013
00000013
00000013
00000013
00000013
00000013
00000013
00000013
00000013
00000013
00000013
00000013
00000013
00000013
00000013
00000013
00000013
00000013
00000013
00000013
00000013
00000013
00000013
00000013
00000013
00000013
00000013
00000013
00000013
00000013
00000013
00000013
00000013
00000013
00000013
00000013
00000013
00000013
00000013
00000013
00000013
00000013
00000013
00000013
00000013
00000013
00000013
00000013
00000013
00000013
00000013
00000013
00000013
00000013
00000013
00000013
00000013
00000013
00000013
00000013
00000013
00000013
00000013
00000013
00000013
00000013
00000013
00000013
00000013
00000013
00000013
00000013
00000013
00000013
00000013
00000013
00000013
00000013
00000013
00000013
00000013
00000013
00000013
00000013
00000013
00000013
00000013
00000013
00000013
00000013
00000013
00000013
00000013
00000013
00000013
00000013
00000013
00000013
00000013
00000013
00000013
00000013
00000013
00000013
00000013
00000013
00000013
00000013
00000013
00000013
00000013
00000013
00000013
00000013
00000013
00000013
00000013
00000013
00000013
00000013
00000013
00000013
00000013
00000013
00000013
00000013
00000013
00000013
00000013
00000013
00000013
00000013
00000013
00000013
00000013
00000013
00000013
00000013
00000013
00000013
00000013
00000013
00000013
00000013
00000013
00000013
00000013
00000013
00000013
00000013
00000013
00000013
00000013
00000013
00000013
00000013
00000013
00000013
00000013
00000013
00000013
00000013
00000013
00000013
00000013
00000013
00000013
00000013
00000013
00000013
00000013
00000013
00000013
00000013
00000013
00000013
00000013
00000013
00000013
00000013
00000013
00000013
00000013
00000013
00000013
00000013
00000013
00000013
00000013
00000013
00000013
00000013
00000013
00000013
00000013
00000013
00000013
00000013
00000013
00000013
00000013
00000013
00000013
00000013
00000013
00000013
00000013
00000013
00000013
00000013
00000013
00000013
00000013
00000013
00000013
00000013
00000013
00000013
00000013
00000013
00000013
00000013
00000013
00000013
00000013
00000013
00000013
00000013
00000013
00000013
00000013
00000013
00000013
00000013
00000013
00000013
00000013
00000013
00000013
00000013
00000013
00000013
00000013
00000013
00000013
00000013
00000013
00000013
00000013
00000013
00000013
00000013
00000013
00000013
00000013
00000013
00000013
00000013
00000013
00000013
00000013
00000013
00000013
00000013
00000013
00000013
00000013
00000013
00000013
00000013
00000013
00000013
00000013
00000013
00000013
00000013
00000013
00000013
00000013
00000013
00000013
00000013
00000013
00000013
00000013
00000013
00000013
00000013
00000013
00000013
00000013
00000013
00000013
00000013
00000013
00000013
00000013
00000013
00000013
00000013
00000013
00000013
00000013
00000013
00000013
00000013
00000013
00000013
00000013
00000013
00000013
00000013
00000013
00000013
00000013
00000013
00000013
00000013
00000013
00000013
00000013
00000013
00000013
00000013
00000013
00000013
00000013
00000013
00000013
00000013
00000013
00000013
00000013
00000013
00000013
00000013
00000013
00000013
00000013
00000013
00000013
00000013
00000013
00000013
00000013
00000013
00000013
00000013
00000013
00000013
00000013
00000013
00000013
00000013
00000013
00000013
00000013
00000013
00000013
00000013
00000013
00000013
00000013
00000013
00000013
00000013
00000013
00000013
00000013
00000013
00000013
00000013
00000013
00000013
00000013
00000013
00000013
00000013
00000013
00000013
00000013
00000013
00000013
00000013
00000013
00000013
00000013
00000013
00000013
00000013
00000013
00000013
00000013
00000013
00000013
00000013
00000013
00000013
00000013
00000013
00000013
00000013
00000013
00000013
00000013
00000013
00000013
00000013
00000013
00000013
00000013
00000013
00000013
00000013
00000013
00000013
00000013
00000013
00000013
00000013
00000013
00000013
00000013
00000013
00000013
00000013
00000013
00000013
00000013
00000013
00000013
00000013
00000013
00000013
00000013
00000013
00000013
00000013
00000013
00000013
00000013
00000013
00000013
00000013
00000013
00000013
00000013
00000013
00000013
00000013
00000013
00000013
00000013
00000013
00000013
00000013
00000013
00000013
00000013
00000013
00000013
00000013
00000013
00000013
00000013
00000013
00000013
00000013
00000013
00000013
00000013
00000013
00000013
00000013
00000013
00000013
00000013
00000013
00000013
00000013
00000013
00000013
00000013
00000013
00000013
00000013
00000013
00000013
00000013
00000013
00000013
00000013
00000013
00000013
00000013
00000013
00000013
00000013
00000013
00000013
00000013
00000013
00000013
00000013
00000013
00000013
00000013
00000013
00000013
00000013
00000013
00000013
00000013
00000013
00000013
00000013
00000013
00000013
00000013
00000013
00000013
00000013
00000013
00000013
00000013
00000013
00000013
00000013
00000013
00000013
00000013
00000013
00000013
00000013
00000013
00000013
00000013
00000013
00000013
00000013
00000013
00000013
00000013
00000013
00000013
00000013
00000013
00000013
00000013
00000013
00000013
00000013
00000013
00000013
00000013
00000013
00000013
00000013
00000013
00000013
00000013
00000013
00000013
00000013
00000013
00000013
00000013
00000013
00000013
00000013
00000013
00000013
00000013
00000013
00000013
00000013
00000013
00000013
00000013
00000013
00000013
00000013
00000013
00000013
00000013
00000013
00000013
00000013
00000013
00000013
00000013
00000013
00000013
00000013
00000013
00000013
00000013
00000013
00000013
00000013
00000013
00000013
00000013
00000013
00000013
00000013
00000013
00000013
00000013
00000013
00000013
00000013
00000013
00000013
00000013
00000013
00000013
00000013
00000013
00000013
00000013
00000013
00000013
00000013
00000013
00000013
00000013
00000013
00000013
00000013
00000013
00000013
00000013
00000013
00000013
00000013
00000013
00000013
00000013
00000013
00000013
00000013
00000013
00000013
00000013
00000013
00000013
00000013
00000013
00000013
00000013
00000013
00000013
00000013
00000013
00000013
00000013
00000013
00000013
00000013
00000013
00000013
00000013
00000013
00000013
00000013
00000013
00000013
00000013
00000013
00000013
00000013
00000013
00000013
00000013
00000013
00000013
00000013
00000013
00000013
00000013
00000013
00000013
00000013
00000013
00000013
00000013
00000013
00000013
00000013
00000013
00000013
00000013
00000013
00000013
00000013
00000013
00000013
00000013
00000013
00000013
00000013
00000013
00000013
00000013
00000013
00000013
00000013
00000013
00000013
00000013
00000013
00000013
00000013
00000013
00000013
00000013
00000013
00000013
00000013
00000013
00000013
00000013
00000013
00000013
00000013
00000013
00000013
00000013
00000013
00000013
00000013
00000013
00000013
00000013
00000013
00000013
00000013
00000013
00000013
00000013
00000013
00000013
00000013
00000013
00000013
00000013
00000013
00000013
00000013
00000013
00000013
00000013
00000013
00000013
00000013
00000013
00000013
00000013
00000013
00000013
00000013
00000013
00000013
00000013
00000013
00000013
00000013
00000013
00000013
00000013
00000013
00000013
00000013
00000013
00000013
00000013
00000013
00000013
00000013
00000013
00000013
00000013
00000013
00000013
00000013
00000013
00000013
00000013
00000013
00000013
00000013
00000013
00000013
00000013
00000013
00000013
00000013
00000013
00000013
00000013
00000013
00000013
00000013
00000013
00000013
00000013
00000013
00000013
00000013
00000013
00000013
00000013
00000013
00000013
00000013
00000013
00000013
00000013
00000013
00000013
00000013
00000013
00000013
00000013
00000013
00000013
00000013
00000013
00000013
00000013
00000013
00000013
00000013
00000013
00000013
00000013
00000013
00000013
00000013
00000013
00000013
00000013
00000013
00000013
00000013
00000013
00000013
00000013
00000013
00000013
00000013
00000013
00000013
00000013
00000013
00000013
00000013
00000013
00000013
00000013
00000013
00000013
00000013
00000013
00000013
00000013
00000013
00000013
00000013
00000013
00000013
00000013
00000013
00000013
00000013
00000013
00000013
00000013
00000013
00000013
00000013
00000013
00000013
00000013
00000013
00000013
00000013
00000013
00000013
00000013
00000013
00000013
00000013
00000013
00000013
00000013
00000013
00000013
00000013
00000013
00000013
00000013
00000013
00000013
00000013
00000013
00000013
00000013
00000013
00000013
00000013
00000013
00000013
00000013
00000013
00000013
00000013
00000013
00000013
00000013
00000013
00000013
00000013
00000013
00000013
00000013
00000013
00000013
00000013
00000013
00000013
00000013
00000013
00000013
00000013
00000013
00000013
00000013
00000013
00000013
00000013
00000013
00000013
00000013
00000013
00000013
00000013
00000013
00000013
00000013
00000013
00000013
00000013
00000013
00000013
00000013
00000013
00000013
00000013
00000013
00000013
00000013
00000013
00000013
00000013
00000013
00000013
00000013
00000013
00000013
00000013
00000013
00000013
00000013
00000013
00000013
00000013
00000013
00000013
00000013
00000013
00000013
00000013
00000013
00000013
00000013
00000013
00000013
00000013
00000013
00000013
00000013
00000013
00000013
00000013
00000013
00000013
00000013
00000013
00000013
00000013
00000013
00000013
00000013
00000013
00000013
00000013
00000013
00000013
00000013
00000013
00000013
00000013
00000013
00000013
00000013
00000013
00000013
00000013
00000013
00000013
00000013
00000013
00000013
00000013
00000013
00000013
00000013
00000013
00000013
00000013
00000013
00000013
00000013
00000013
00000013
00000013
00000013
00000013
00000013
00000013
00000013
00000013
00000013
00000013
00000013
00000013
00000013
00000013
00000013
00000013
00000013
00000013
00000013
00000013
00000013
00000013
00000013
00000013
00000013
00000013
00000013
00000013
00000013
00000013
00000013
00000013
00000013
00000013
00000013
00000013
00000013
00000013
00000013
00000013
00000013
00000013
00000013
00000013
00000013
00000013
00000013
00000013
00000013
00000013
00000013
00000013
00000013
00000013
00000013
00000013
00000013
00000013
00000013
00000013
00000013
00000013
00000013
00000013
00000013
00000013
00000013
00000013
00000013
00000013
00000013
00000013
00000013
00000013
00000013
00000013
00000013
00000013
00000013
00000013
00000013
00000013
00000013
00000013
00000013
00000013
00000013
00000013
00000013
00000013
00000013
00000013
00000013
00000013
00000013
00000013
00000013
00000013
00000013
00000013
00000013
00000013
00000013
00000013
00000013
00000013
00000013
00000013
00000013
00000013
00000013
00000013
00000013
00000013
00000013
00000013
00000013
00000013
00000013
00000013
00000013
00000013
00000013
00000013
00000013
00000013
00000013
00000013
00000013
00000013
00000013
00000013
00000013
00000013
00000013
00000013
00000013
00000013
00000013
00000013
00000013
00000013
00000013
00000013
00000013
00000013
00000013
00000013
00000013
00000013
00000013
00000013
00000013
00000013
00000013
00000013
00000013
00000013
00000013
00000013
00000013
00000013
00000013
00000013
00000013
00000013
00000013
00000013
00000013
00000013
00000013
00000013
00000013
00000013
00000013
00000013
00000013
00000013
00000013
00000013
00000013
00000013
00000013
00000013
00000013
00000013
00000013
00000013
00000013
00000013
00000013
00000013
00000013
00000013
00000013
00000013
00000013
00000013
00000013
00000013
00000013
00000013
00000013
00000013
00000013
00000013
00000013
00000013
00000013
00000013
00000013
00000013
00000013
00000013
00000013
00000013
00000013
00000013
00000013
00000013
00000013
00000013
00000013
00000013
00000013
00000013
00000013
00000013
00000013
00000013
00000013
00000013
00000013
00000013
00000013
00000013
00000013
00000013
00000013
00000013
00000013
00000013
00000013
00000013
00000013
00000013
00000013
00000013
00000013
00000013
00000013
00000013
00000013
00000013
00000013
00000013
00000013
00000013
00000013
00000013
00000013
00000013
00000013
00000013
00000013
00000013
00000013
00000013
00000013
00000013
00000013
00000013
00000013
00000013
00000013
00000013
00000013
00000013
00000013
00000013
00000013
00000013
00000013
00000013
00000013
00000013
00000013
00000013
00000013
00000013
00000013
00000013
00000013
00000013
00000013
00000013
00000013
00000013
00000013
00000013
00000013
00000013
00000013
00000013
00000013
00000013
00000013
00000013
00000013
00000013
00000013
00000013
00000013
00000013
00000013
00000013
00000013
00000013
00000013
00000013
00000013
00000013
00000013
00000013
00000013
00000013
00000013
00000013
00000013
00000013
00000013
00000013
00000013
00000013
00000013
00000013
00000013
00000013
00000013
00000013
00000013
00000013
00000013
00000013
00000013
00000013
00000013
00000013
00000013
00000013
00000013
00000013
00000013
00000013
00000013
00000013
00000013
00000013
00000013
00000013
00000013
00000013
00000013
00000013
00000013
00000013
00000013
00000013
00000013
00000013
00000013
00000013
00000013
00000013
00000013
00000013
00000013
00000013
00000013
00000013
00000013
00000013
00000013
00000013
00000013
00000013
00000013
00000013
00000013
00000013
00000013
00000013
00000013
00000013
00000013
00000013
00000013
00000013
00000013
00000013
00000013
00000013
00000013
00000013
00000013
00000013
00000013
00000013
00000013
00000013
00000013
00000013
00000013
00000013
00000013
00000013
00000013
00000013
00000013
00000013
00000013
00000013
00000013
00000013
00000013
00000013
00000013
00000013
00000013
00000013
00000013
00000013
00000013
00000013
00000013
00000013
00000013
00000013
00000013
00000013
00000013
00000013
00000013
00000013
00000013
00000013
00000013
00000013
00000013
00000013
00000013
00000013
00000013
00000013
00000013
00000013
00000013
00000013
00000013
00000013
00000013
00000013
00000013
00000013
00000013
00000013
00000013
00000013
00000013
00000013
00000013
00000013
00000013
00000013
00000013
00000013
00000013
00000013
00000013
00000013
00000013
00000013
00000013
00000013
00000013
00000013
00000013
00000013
00000013
00000013
00000013
00000013
00000013
00000013
00000013
00000013
00000013
00000013
00000013
00000013
00000013
00000013
00000013
00000013
00000013
00000013
00000013
00000013
00000013
00000013
00000013
00000013
00000013
00000013
00000013
00000013
00000013
00000013
00000013
00000013
00000013
00000013
00000013
00000013
00000013
00000013
00000013
00000013
00000013
00000013
00000013
00000013
00000013
00000013
00000013
00000013
00000013
00000013
00000013
00000013
00000013
00000013
00000013
00000013
00000013
00000013
00000013
00000013
00000013
00000013
00000013
00000013
00000013
00000013
00000013
00000013
00000013
00000013
00000013
00000013
00000013
00000013
00000013
00000013
00000013
00000013
00000013
00000013
00000013
00000013
00000013
00000013
00000013
00000013
00000013
00000013
00000013
00000013
00000013
00000013
00000013
00000013
00000013
00000013
00000013
00000013
00000013
00000013
00000013
00000013
00000013
00000013
00000013
00000013
00000013
00000013
00000013
00000013
00000013
00000013
00000013
00000013
00000013
00000013
00000013
00000013
00000013
00000013
00000013
00000013
00000013
00000013
00000013
00000013
00000013
00000013
00000013
00000013
00000013
00000013
00000013
00000013
00000013
00000013
00000013
00000013
00000013
00000013
00000013
00000013
00000013
00000013
00000013
00000013
00000013
00000013
00000013
00000013
00000013
00000013
00000013
00000013
00000013
00000013
00000013
00000013
00000013
00000013
00000013
00000013
00000013
00000013
00000013
00000013
00000013
00000013
00000013
00000013
00000013
00000013
00000013
00000013
00000013
00000013
00000013
00000013
00000013
00000013
00000013
00000013
00000013
00000013
00000013
00000013
00000013
00000013
00000013
00000013
00000013
00000013
00000013
00000013
00000013
00000013
00000013
00000013
00000013
00000013
00000013
00000013
00000013
00000013
00000013
00000013
00000013
00000013
00000013
00000013
00000013
00000013
00000013
00000013
00000013
00000013
00000013
00000013
00000013
00000013
00000013
00000013
00000013
00000013
00000013
00000013
00000013
00000013
00000013
00000013
00000013
00000013
00000013
00000013
00000013
00000013
00000013
00000013
00000013
00000013
00000013
00000013
00000013
00000013
00000013
00000013
00000013
00000013
00000013
00000013
00000013
00000013
00000013
00000013
00000013
00000013
00000013
00000013
00000013
00000013
00000013
00000013
00000013
00000013
00000013
00000013
00000013
00000013
00000013
00000013
00000013
00000013
00000013
00000013
00000013
00000013
00000013
00000013
00000013
00000013
00000013
00000013
00000013
00000013
00000013
00000013
00000013
00000013
00000013
00000013
00000013
00000013
00000013
00000013
00000013
00000013
00000013
00000013
00000013
00000013
00000013
00000013
00000013
00000013
00000013
00000013
00000013
00000013
00000013
00000013
00000013
00000013
00000013
00000013
00000013
00000013
00000013
00000013
00000013
00000013
00000013
00000013
00000013
00000013
00000013
00000013
00000013
00000013
00000013
00000013
00000013
00000013
00000013
00000013
00000013
00000013
00000013
00000013
00000013
00000013
00000013
00000013
00000013
00000013
00000013
00000013
00000013
00000013
00000013
00000013
00000013
00000013
00000013
00000013
00000013
00000013
00000013
00000013
00000013
00000013
00000013
00000013
00000013
00000013
00000013
00000013
00000013
00000013
00000013
00000013
00000013
00000013
00000013
00000013
00000013
00000013
00000013
00000013
00000013
00000013
00000013
00000013
00000013
00000013
00000013
00000013
00000013
00000013
00000013
00000013
00000013
00000013
00000013
00000013
00000013
00000013
00000013
00000013
00000013
00000013
00000013
00000013
00000013
00000013
00000013
00000013
00000013
00000013
00000013
00000013
00000013
00000013
00000013
00000013
00000013
00000013
00000013
00000013
00000013
00000013
00000013
00000013
00000013
00000013
00000013
00000013
00000013
00000013
00000013
00000013
00000013
00000013
00000013
00000013
00000013
00000013
00000013
00000013
00000013
00000013
00000013
