09690137
09310113
400001b7
0021a823
0101a203
100002b7
4a42a823
d3d81137
ead10113
400021b7
0021a223
0041a203
100002b7
4a42aa23
610cb137
1e810113
400021b7
0021a623
00c1a203
100002b7
4a42ac23
b87b3137
e1010113
400001b7
0021a823
0101a203
100002b7
4a42ae23
12071137
ae710113
400001b7
0021a023
0001a203
100002b7
4c42a023
b3a7b137
c4e10113
400001b7
0021aa23
0141a203
100002b7
4c42a223
f3b77137
b9310113
400031b7
0021a223
0041a203
100002b7
4c42a423
809ad137
d4b10113
400011b7
0021a623
00c1a203
100002b7
4c42a623
d11c8137
24410113
400031b7
0021a223
0041a203
100002b7
4c42a823
201d1137
13a10113
400011b7
0021a823
0101a203
100002b7
4c42aa23
0e6a3137
25c10113
400031b7
0021a223
0041a203
100002b7
4c42ac23
962ec137
79310113
400001b7
0021a823
0101a203
100002b7
4c42ae23
bc685137
24710113
400001b7
0021a823
0101a203
100002b7
4e42a023
ac20f137
29510113
400021b7
0021a023
0001a203
100002b7
4e42a223
53a4a137
f5a10113
400011b7
0021a623
00c1a203
100002b7
4e42a423
0ba70137
91b10113
400031b7
0021a223
0041a203
100002b7
4e42a623
b72a1137
1cb10113
400001b7
0021a823
0101a203
100002b7
4e42a823
78e69137
5ff10113
400011b7
0021a823
0101a203
100002b7
4e42aa23
693ea137
41910113
400001b7
0021a823
0101a203
100002b7
4e42ac23
2f431137
0b610113
400021b7
0021a023
0001a203
100002b7
4e42ae23
021ba137
64010113
400031b7
0021a223
0041a203
100002b7
5042a023
3b79c137
e4410113
400021b7
0021a623
00c1a203
100002b7
5042a223
22b6b137
19410113
400031b7
0021a223
0041a203
100002b7
5042a423
43bfe137
19e10113
400021b7
0021a223
0041a203
100002b7
5042a623
f2a70137
2d410113
400001b7
0021aa23
0141a203
100002b7
5042a823
c539c137
4da10113
400021b7
0021a023
0001a203
100002b7
5042aa23
a3a99137
d9f10113
400001b7
0021a823
0101a203
100002b7
5042ac23
884fb137
01a10113
400001b7
0021a023
0001a203
100002b7
5042ae23
74082137
d1c10113
400001b7
0021aa23
0141a203
100002b7
5242a023
e77f7137
66a10113
400011b7
0021a623
00c1a203
100002b7
5242a223
941dd137
bfd10113
400021b7
0021a223
0041a203
100002b7
5242a423
8d32b137
f1310113
400011b7
0021a823
0101a203
100002b7
5242a623
a1e9d137
af510113
400001b7
0021a823
0101a203
100002b7
5242a823
71200137
f4310113
400001b7
0021aa23
0141a203
100002b7
5242aa23
52c07137
d6510113
400011b7
0021a623
00c1a203
100002b7
5242ac23
89e34137
3d810113
400021b7
0021a023
0001a203
100002b7
5242ae23
44b7f137
98f10113
400001b7
0021a823
0101a203
100002b7
5442a023
61796137
56110113
400021b7
0021a023
0001a203
100002b7
5442a223
ec2b6137
c8510113
400001b7
0021aa23
0141a203
100002b7
5442a423
afc72137
04410113
400021b7
0021a623
00c1a203
100002b7
5442a623
6014d137
b4010113
400001b7
0021a823
0101a203
100002b7
5442a823
dbfa2137
73310113
400021b7
0021a223
0041a203
100002b7
5442aa23
90c74137
97e10113
400001b7
0021aa23
0141a203
100002b7
5442ac23
a0855137
dc510113
400001b7
0021aa23
0141a203
100002b7
5442ae23
da676137
baf10113
400021b7
0021a623
00c1a203
100002b7
5642a023
ace8e137
a3010113
400031b7
0021a223
0041a203
100002b7
5642a223
6781f137
75310113
400021b7
0021a623
00c1a203
100002b7
5642a423
bd2be137
07710113
400011b7
0021a623
00c1a203
100002b7
5642a623
9982e137
e1a10113
400031b7
0021a223
0041a203
100002b7
5642a823
cbe14137
3a010113
400001b7
0021a023
0001a203
100002b7
5642aa23
88dd1137
20410113
400001b7
0021a823
0101a203
100002b7
5642ac23
e3454137
07d10113
400011b7
0021a623
00c1a203
100002b7
5642ae23
fc76d137
f4d10113
400011b7
0021a623
00c1a203
100002b7
5842a023
1b13f137
cab10113
400021b7
0021a223
0041a203
100002b7
5842a223
ca6bc137
58710113
400001b7
0021aa23
0141a203
100002b7
5842a423
72f21137
7be10113
400011b7
0021a823
0101a203
100002b7
5842a623
2d9b7137
1be10113
400001b7
0021aa23
0141a203
100002b7
5842a823
6697e137
3b510113
400001b7
0021aa23
0141a203
100002b7
5842aa23
dff43137
7e710113
400011b7
0021a823
0101a203
100002b7
5842ac23
05538137
a3a10113
400011b7
0021a823
0101a203
100002b7
5842ae23
44445137
5f810113
400001b7
0021a823
0101a203
100002b7
5a42a023
f957d137
87210113
400021b7
0021a223
0041a203
100002b7
5a42a223
042a8137
49710113
400021b7
0021a223
0041a203
100002b7
5a42a423
d54e0137
eee10113
400001b7
0021a823
0101a203
100002b7
5a42a623
fe416137
dfe10113
400001b7
0021a023
0001a203
100002b7
5a42a823
d27bf137
2a910113
400021b7
0021a223
0041a203
100002b7
5a42aa23
c7028137
18f10113
400001b7
0021a823
0101a203
100002b7
5a42ac23
ef3b5137
24310113
400021b7
0021a623
00c1a203
100002b7
5a42ae23
a0ea7137
c9810113
400001b7
0021a823
0101a203
100002b7
5c42a023
3e7da137
cfd10113
400021b7
0021a623
00c1a203
100002b7
5c42a223
06add137
1df10113
400021b7
0021a023
0001a203
100002b7
5c42a423
bd8e8137
9af10113
400021b7
0021a023
0001a203
100002b7
5c42a623
de6fa137
52d10113
400031b7
0021a223
0041a203
100002b7
5c42a823
40559137
75510113
400001b7
0021aa23
0141a203
100002b7
5c42aa23
dcb24137
37e10113
400011b7
0021a623
00c1a203
100002b7
5c42ac23
27ef0137
52e10113
400001b7
0021a823
0101a203
100002b7
5c42ae23
5fc90137
eed10113
400001b7
0021a023
0001a203
100002b7
5e42a023
63e2a137
34f10113
400021b7
0021a223
0041a203
100002b7
5e42a223
1bb70137
a4210113
400001b7
0021aa23
0141a203
100002b7
5e42a423
c1c30137
01d10113
400021b7
0021a023
0001a203
100002b7
5e42a623
0a74f137
3a810113
400031b7
0021a223
0041a203
100002b7
5e42a823
744a5137
6aa10113
400011b7
0021a623
00c1a203
100002b7
5e42aa23
86985137
e3810113
400011b7
0021a823
0101a203
100002b7
5e42ac23
2ed09137
3b010113
400001b7
0021a823
0101a203
100002b7
5e42ae23
f2415137
15c10113
400021b7
0021a623
00c1a203
100002b7
6042a023
ec97b137
ac010113
400001b7
0021a823
0101a203
100002b7
6042a223
5467b137
33b10113
400011b7
0021a823
0101a203
100002b7
6042a423
46cd6137
9e010113
400001b7
0021a823
0101a203
100002b7
6042a623
84be2137
88c10113
400021b7
0021a223
0041a203
100002b7
6042a823
433bb137
02510113
400021b7
0021a223
0041a203
100002b7
6042aa23
0b621137
ac310113
400031b7
0021a223
0041a203
100002b7
6042ac23
c8c8a137
75a10113
400001b7
0021a023
0001a203
100002b7
6042ae23
18303137
5e210113
400011b7
0021a623
00c1a203
100002b7
6242a023
7e85f137
c4510113
400001b7
0021a823
0101a203
100002b7
6242a223
a69e6137
14b10113
400021b7
0021a623
00c1a203
100002b7
6242a423
7d7a3137
50c10113
400021b7
0021a623
00c1a203
100002b7
6242a623
d7789137
ba910113
400021b7
0021a023
0001a203
100002b7
6242a823
48a91137
5ad10113
400011b7
0021a823
0101a203
100002b7
6242aa23
7b0aa137
0ec10113
400021b7
0021a223
0041a203
100002b7
6242ac23
05a5c137
de610113
400001b7
0021a823
0101a203
100002b7
6242ae23
cf60d137
d0810113
400031b7
0021a223
0041a203
100002b7
6442a023
bd892137
0ea10113
400001b7
0021aa23
0141a203
100002b7
6442a223
b690c137
73510113
400001b7
0021a823
0101a203
100002b7
6442a423
117ec137
04f10113
400021b7
0021a023
0001a203
100002b7
6442a623
ca39c137
cd510113
400011b7
0021a623
00c1a203
100002b7
6442a823
7ac18137
bb810113
400001b7
0021aa23
0141a203
100002b7
6442aa23
461bd137
9c310113
400001b7
0021a023
0001a203
100002b7
6442ac23
6a128137
1d910113
400011b7
0021a823
0101a203
100002b7
6442ae23
6a193137
b4210113
400001b7
0021aa23
0141a203
100002b7
6642a023
2c133137
f5210113
400021b7
0021a623
00c1a203
100002b7
6642a223
7fb9a137
2b710113
400011b7
0021a823
0101a203
100002b7
6642a423
86289137
09310113
400001b7
0021aa23
0141a203
100002b7
6642a623
53801137
f7910113
400011b7
0021a823
0101a203
100002b7
6642a823
c8200137
d2510113
400011b7
0021a823
0101a203
100002b7
6642aa23
ecbdd137
6d910113
400001b7
0021a823
0101a203
100002b7
6642ac23
5428a137
6cb10113
400011b7
0021a823
0101a203
100002b7
6642ae23
50697137
d8110113
400011b7
0021a823
0101a203
100002b7
6842a023
42f9e137
b0510113
400021b7
0021a023
0001a203
100002b7
6842a223
a2527137
d3e10113
400021b7
0021a223
0041a203
100002b7
6842a423
41b14137
24510113
400001b7
0021aa23
0141a203
100002b7
6842a623
a4c29137
81710113
400011b7
0021a823
0101a203
100002b7
6842a823
c3cfe137
4e210113
400011b7
0021a623
00c1a203
100002b7
6842aa23
e444a137
8a810113
400021b7
0021a023
0001a203
100002b7
6842ac23
141bc137
c1710113
400011b7
0021a823
0101a203
100002b7
6842ae23
a508e137
bfa10113
400011b7
0021a623
00c1a203
100002b7
6a42a023
1ad25137
6b110113
400001b7
0021aa23
0141a203
100002b7
6a42a223
9c6cd137
52010113
400011b7
0021a623
00c1a203
100002b7
6a42a423
f25ac137
09310113
400011b7
0021a623
00c1a203
100002b7
6a42a623
7d1ac137
73210113
400011b7
0021a823
0101a203
100002b7
6a42a823
b3d64137
1b510113
400021b7
0021a223
0041a203
100002b7
6a42aa23
e553a137
99b10113
400021b7
0021a223
0041a203
100002b7
6a42ac23
7bac0137
a7010113
400021b7
0021a223
0041a203
100002b7
6a42ae23
af62d137
23710113
400011b7
0021a823
0101a203
100002b7
6c42a023
0fa4f137
68910113
400011b7
0021a823
0101a203
100002b7
6c42a223
4eb0a137
09210113
400001b7
0021a023
0001a203
100002b7
6c42a423
7d869137
54510113
400021b7
0021a223
0041a203
100002b7
6c42a623
6834e137
12410113
400031b7
0021a223
0041a203
100002b7
6c42a823
3ca92137
b2910113
400031b7
0021a223
0041a203
100002b7
6c42aa23
f8709137
92c10113
400021b7
0021a223
0041a203
100002b7
6c42ac23
3b90d137
fc410113
400011b7
0021a823
0101a203
100002b7
6c42ae23
de7bd137
0fe10113
400021b7
0021a023
0001a203
100002b7
6e42a023
1fd42137
08310113
400011b7
0021a823
0101a203
100002b7
6e42a223
b8b3d137
84110113
400021b7
0021a223
0041a203
100002b7
6e42a423
02739137
78910113
400011b7
0021a623
00c1a203
100002b7
6e42a623
92daa137
33e10113
400001b7
0021a023
0001a203
100002b7
6e42a823
e60cf137
55810113
400001b7
0021aa23
0141a203
100002b7
6e42aa23
8c9c0137
b2d10113
400021b7
0021a623
00c1a203
100002b7
6e42ac23
d73f7137
cb810113
400001b7
0021aa23
0141a203
100002b7
6e42ae23
ecbac137
3fe10113
400031b7
0021a223
0041a203
100002b7
7042a023
caba5137
f8b10113
400011b7
0021a623
00c1a203
100002b7
7042a223
afed7137
c5f10113
400011b7
0021a623
00c1a203
100002b7
7042a423
fd017137
97d10113
400031b7
0021a223
0041a203
100002b7
7042a623
05791137
ecf10113
400031b7
0021a223
0041a203
100002b7
7042a823
333ec137
57810113
400001b7
0021a023
0001a203
100002b7
7042aa23
6b469137
47e10113
400011b7
0021a623
00c1a203
100002b7
7042ac23
7cf37137
e7310113
400011b7
0021a823
0101a203
100002b7
7042ae23
91283137
6b610113
400021b7
0021a023
0001a203
100002b7
7242a023
d0174137
f6410113
400011b7
0021a823
0101a203
100002b7
7242a223
b0480137
ebd10113
400011b7
0021a823
0101a203
100002b7
7242a423
9f95d137
ab310113
400001b7
0021a823
0101a203
100002b7
7242a623
c1081137
7ba10113
400031b7
0021a223
0041a203
100002b7
7242a823
ce237137
22c10113
400001b7
0021aa23
0141a203
100002b7
7242aa23
7da0a137
46110113
400021b7
0021a223
0041a203
100002b7
7242ac23
8086f137
92310113
400021b7
0021a623
00c1a203
100002b7
7242ae23
36e43137
a2110113
400001b7
0021aa23
0141a203
100002b7
7442a023
b39c6137
81a10113
400001b7
0021a023
0001a203
100002b7
7442a223
a8f7d137
e8510113
400031b7
0021a223
0041a203
100002b7
7442a423
69c10137
7a610113
400011b7
0021a823
0101a203
100002b7
7442a623
9b993137
58d10113
400001b7
0021a023
0001a203
100002b7
7442a823
97fd5137
bcc10113
400021b7
0021a223
0041a203
100002b7
7442aa23
d6418137
4cc10113
400011b7
0021a623
00c1a203
100002b7
7442ac23
8cc78137
6d710113
400021b7
0021a623
00c1a203
100002b7
7442ae23
7a0a1137
27910113
400021b7
0021a623
00c1a203
100002b7
7642a023
54325137
c9310113
400021b7
0021a623
00c1a203
100002b7
7642a223
e6699137
e0c10113
400021b7
0021a623
00c1a203
100002b7
7642a423
91a1e137
a8010113
400021b7
0021a023
0001a203
100002b7
7642a623
f255c137
30410113
400021b7
0021a623
00c1a203
100002b7
7642a823
bc087137
d2b10113
400031b7
0021a223
0041a203
100002b7
7642aa23
48652137
fc310113
400021b7
0021a623
00c1a203
100002b7
7642ac23
8572d137
be810113
400021b7
0021a023
0001a203
100002b7
7642ae23
aa8ec137
67310113
400001b7
0021aa23
0141a203
100002b7
7842a023
5ab90137
43a10113
400031b7
0021a223
0041a203
100002b7
7842a223
bad39137
cd610113
400021b7
0021a023
0001a203
100002b7
7842a423
fa169137
89010113
400001b7
0021aa23
0141a203
100002b7
7842a623
6fc7d137
e1c10113
400011b7
0021a823
0101a203
100002b7
7842a823
d9632137
74f10113
400021b7
0021a623
00c1a203
100002b7
7842aa23
a1413137
2df10113
400011b7
0021a823
0101a203
100002b7
7842ac23
a0520137
c4810113
400021b7
0021a223
0041a203
100002b7
7842ae23
d3913137
ed710113
400021b7
0021a223
0041a203
100002b7
7a42a023
e962b137
4d010113
400011b7
0021a823
0101a203
100002b7
7a42a223
f4529137
3c410113
400011b7
0021a623
00c1a203
100002b7
7a42a423
ab06b137
42310113
400011b7
0021a623
00c1a203
100002b7
7a42a623
2a512137
3a210113
400001b7
0021aa23
0141a203
100002b7
7a42a823
ef94c137
0fe10113
400021b7
0021a023
0001a203
100002b7
7a42aa23
aafe8137
5aa10113
400011b7
0021a823
0101a203
100002b7
7a42ac23
aa4ca137
11310113
400011b7
0021a623
00c1a203
100002b7
7a42ae23
9ed62137
fda10113
400021b7
0021a023
0001a203
100002b7
7c42a023
10ce3137
f6310113
400001b7
0021a023
0001a203
100002b7
7c42a223
743b4137
79d10113
400011b7
0021a823
0101a203
100002b7
7c42a423
70f42137
5a310113
400021b7
0021a223
0041a203
100002b7
7c42a623
69989137
7b010113
400011b7
0021a623
00c1a203
100002b7
7c42a823
3c530137
a3010113
400021b7
0021a223
0041a203
100002b7
7c42aa23
e9ef0137
19f10113
400021b7
0021a023
0001a203
100002b7
7c42ac23
cfb5b137
49610113
400001b7
0021aa23
0141a203
100002b7
7c42ae23
d9d27137
96810113
400021b7
0021a023
0001a203
100002b7
7e42a023
4ef05137
fb410113
400001b7
0021aa23
0141a203
100002b7
7e42a223
263b7137
a6610113
400011b7
0021a623
00c1a203
100002b7
7e42a423
b3c86137
06710113
400001b7
0021a023
0001a203
100002b7
7e42a623
d9ebe137
01a10113
400001b7
0021aa23
0141a203
100002b7
7e42a823
907ef137
06410113
400021b7
0021a623
00c1a203
100002b7
7e42aa23
06a20137
95510113
400021b7
0021a623
00c1a203
100002b7
7e42ac23
c8146137
21310113
400031b7
0021a223
0041a203
100002b7
7e42ae23
38438137
dc510113
400011b7
0021a623
00c1a203
100012b7
8042a023
90d06137
6c210113
400011b7
0021a823
0101a203
100012b7
8042a223
c1ae7137
9fb10113
400001b7
0021a823
0101a203
100012b7
8042a423
353a1137
1f210113
400001b7
0021aa23
0141a203
100012b7
8042a623
96cbb137
96f10113
400031b7
0021a223
0041a203
100012b7
8042a823
90dcb137
d3710113
400021b7
0021a623
00c1a203
100012b7
8042aa23
060fa137
a1f10113
400001b7
0021a023
0001a203
100012b7
8042ac23
6a605137
bd110113
400021b7
0021a223
0041a203
100012b7
8042ae23
d5a2c137
8d110113
400021b7
0021a223
0041a203
100012b7
8242a023
fa5ea137
23b10113
400001b7
0021a823
0101a203
100012b7
8242a223
e7480137
e2a10113
400021b7
0021a023
0001a203
100012b7
8242a423
2c9d8137
98310113
400021b7
0021a623
00c1a203
100012b7
8242a623
f0b8d137
9f510113
400001b7
0021a823
0101a203
100012b7
8242a823
95ac4137
09810113
400001b7
0021a023
0001a203
100012b7
8242aa23
96510137
c0210113
400011b7
0021a823
0101a203
100012b7
8242ac23
b9307137
9dc10113
400001b7
0021aa23
0141a203
100012b7
8242ae23
b3aa7137
aef10113
400001b7
0021a023
0001a203
100012b7
8442a023
3a828137
9f010113
400011b7
0021a623
00c1a203
100012b7
8442a223
0ea79137
80310113
400001b7
0021aa23
0141a203
100012b7
8442a423
5a431137
8f110113
400021b7
0021a623
00c1a203
100012b7
8442a623
26673137
a3410113
400001b7
0021aa23
0141a203
100012b7
8442a823
3553c137
b4010113
400011b7
0021a823
0101a203
100012b7
8442aa23
94589137
0a410113
400021b7
0021a623
00c1a203
100012b7
8442ac23
7ff41137
3f810113
400001b7
0021aa23
0141a203
100012b7
8442ae23
77eee137
b3810113
400021b7
0021a223
0041a203
100012b7
8642a023
8555e137
46510113
400011b7
0021a823
0101a203
100012b7
8642a223
ebed5137
23a10113
400031b7
0021a223
0041a203
100012b7
8642a423
fb8e4137
45710113
400011b7
0021a823
0101a203
100012b7
8642a623
24445137
5d110113
400001b7
0021aa23
0141a203
100012b7
8642a823
e623c137
62210113
400001b7
0021aa23
0141a203
100012b7
8642aa23
2ceda137
41410113
400021b7
0021a623
00c1a203
100012b7
8642ac23
a9351137
e8510113
400001b7
0021a823
0101a203
100012b7
8642ae23
cc13e137
8fe10113
400011b7
0021a623
00c1a203
100012b7
8842a023
94168137
1cd10113
400001b7
0021a823
0101a203
100012b7
8842a223
56869137
b3910113
400011b7
0021a623
00c1a203
100012b7
8842a423
87d29137
68f10113
400031b7
0021a223
0041a203
100012b7
8842a623
26c06137
a3d10113
400001b7
0021a823
0101a203
100012b7
8842a823
1df70137
04010113
400001b7
0021a823
0101a203
100012b7
8842aa23
8e139137
a2b10113
400001b7
0021a823
0101a203
100012b7
8842ac23
9d1ef137
20b10113
400021b7
0021a623
00c1a203
100012b7
8842ae23
96eff137
0cf10113
400001b7
0021a823
0101a203
100012b7
8a42a023
cf21c137
5e610113
400001b7
0021a823
0101a203
100012b7
8a42a223
dcd05137
8a010113
400011b7
0021a823
0101a203
100012b7
8a42a423
30ce6137
55710113
400011b7
0021a823
0101a203
100012b7
8a42a623
2294f137
cb110113
400011b7
0021a623
00c1a203
100012b7
8a42a823
1a36a137
c9c10113
400031b7
0021a223
0041a203
100012b7
8a42aa23
e3508137
4d510113
400031b7
0021a223
0041a203
100012b7
8a42ac23
fdc8b137
7e110113
400021b7
0021a023
0001a203
100012b7
8a42ae23
22e9c137
acd10113
400011b7
0021a823
0101a203
100012b7
8c42a023
def95137
eea10113
400001b7
0021a823
0101a203
100012b7
8c42a223
e34aa137
89610113
400001b7
0021a023
0001a203
100012b7
8c42a423
ba9be137
85210113
400011b7
0021a623
00c1a203
100012b7
8c42a623
fe8f3137
b5810113
400011b7
0021a823
0101a203
100012b7
8c42a823
95fa0137
bf910113
400001b7
0021a823
0101a203
100012b7
8c42aa23
8983b137
bdf10113
400021b7
0021a023
0001a203
100012b7
8c42ac23
ff06a137
83310113
400011b7
0021a823
0101a203
100012b7
8c42ae23
8d964137
5b710113
400021b7
0021a623
00c1a203
100012b7
8e42a023
c60a6137
ee510113
400001b7
0021aa23
0141a203
100012b7
8e42a223
76329137
89010113
400001b7
0021aa23
0141a203
100012b7
8e42a423
da0f1137
fa610113
400021b7
0021a023
0001a203
100012b7
8e42a623
bd792137
83e10113
400021b7
0021a223
0041a203
100012b7
8e42a823
140c7137
a3210113
400001b7
0021a023
0001a203
100012b7
8e42aa23
e2fdd137
9d010113
400011b7
0021a623
00c1a203
100012b7
8e42ac23
5185d137
bca10113
400001b7
0021a023
0001a203
100012b7
8e42ae23
ba49c137
e8e10113
400031b7
0021a223
0041a203
100012b7
9042a023
9d70e137
89c10113
400021b7
0021a223
0041a203
100012b7
9042a223
11365137
d8310113
400021b7
0021a623
00c1a203
100012b7
9042a423
2cdcc137
4f410113
400011b7
0021a823
0101a203
100012b7
9042a623
eaf30137
ee610113
400001b7
0021a823
0101a203
100012b7
9042a823
8f5b7137
98510113
400021b7
0021a023
0001a203
100012b7
9042aa23
83589137
b9110113
400031b7
0021a223
0041a203
100012b7
9042ac23
32abc137
19310113
400001b7
0021aa23
0141a203
100012b7
9042ae23
0f0f4137
63a10113
400011b7
0021a623
00c1a203
100012b7
9242a023
10800137
2a510113
400021b7
0021a023
0001a203
100012b7
9242a223
06ade137
81c10113
400001b7
0021a823
0101a203
100012b7
9242a423
4e645137
a5d10113
400001b7
0021a023
0001a203
100012b7
9242a623
c17de137
99210113
400021b7
0021a223
0041a203
100012b7
9242a823
19276137
ce510113
400001b7
0021a823
0101a203
100012b7
9242aa23
9d690137
57010113
400021b7
0021a223
0041a203
100012b7
9242ac23
2424e137
2e110113
400001b7
0021a823
0101a203
100012b7
9242ae23
b7307137
60110113
400021b7
0021a023
0001a203
100012b7
9442a023
5fedb137
ae110113
400021b7
0021a623
00c1a203
100012b7
9442a223
78969137
40210113
400011b7
0021a623
00c1a203
100012b7
9442a423
e69ce137
79610113
400001b7
0021aa23
0141a203
100012b7
9442a623
3e893137
19c10113
400021b7
0021a223
0041a203
100012b7
9442a823
bb696137
d8c10113
400021b7
0021a023
0001a203
100012b7
9442aa23
68ef5137
5f510113
400011b7
0021a823
0101a203
100012b7
9442ac23
b948c137
d1410113
400001b7
0021aa23
0141a203
100012b7
9442ae23
fbdad137
ae910113
400001b7
0021aa23
0141a203
100012b7
9642a023
a61a9137
2fe10113
400011b7
0021a823
0101a203
100012b7
9642a223
b19d0137
42f10113
400021b7
0021a623
00c1a203
100012b7
9642a423
4f3df137
d8610113
400001b7
0021a023
0001a203
100012b7
9642a623
6c6e8137
82510113
400021b7
0021a623
00c1a203
100012b7
9642a823
c7b7f137
bcb10113
400011b7
0021a823
0101a203
100012b7
9642aa23
78a6d137
e9d10113
400001b7
0021a023
0001a203
100012b7
9642ac23
7e0ab137
b6d10113
400011b7
0021a623
00c1a203
100012b7
9642ae23
64014137
ee910113
400001b7
0021aa23
0141a203
100012b7
9842a023
98c31137
c8b10113
400001b7
0021aa23
0141a203
100012b7
9842a223
e0c51137
33910113
400021b7
0021a623
00c1a203
100012b7
9842a423
b7e4c137
1e410113
400001b7
0021a823
0101a203
100012b7
9842a623
c689a137
64410113
400001b7
0021a023
0001a203
100012b7
9842a823
1b51b137
87e10113
400011b7
0021a623
00c1a203
100012b7
9842aa23
646d5137
d8c10113
400021b7
0021a223
0041a203
100012b7
9842ac23
9dfb9137
25b10113
400011b7
0021a823
0101a203
100012b7
9842ae23
781cf137
0c310113
400001b7
0021a023
0001a203
100012b7
9a42a023
beaf4137
d2310113
400001b7
0021aa23
0141a203
100012b7
9a42a223
b5ade137
d9210113
400001b7
0021a823
0101a203
100012b7
9a42a423
059c3137
26310113
400031b7
0021a223
0041a203
100012b7
9a42a623
96ab4137
83b10113
400021b7
0021a623
00c1a203
100012b7
9a42a823
c51fb137
b9110113
400011b7
0021a623
00c1a203
100012b7
9a42aa23
d52b1137
00110113
400011b7
0021a623
00c1a203
100012b7
9a42ac23
0c789137
66110113
400001b7
0021aa23
0141a203
100012b7
9a42ae23
b13e5137
dd210113
400021b7
0021a223
0041a203
100012b7
9c42a023
56374137
f9910113
400031b7
0021a223
0041a203
100012b7
9c42a223
f63d5137
cf610113
400021b7
0021a623
00c1a203
100012b7
9c42a423
09ba1137
44310113
400021b7
0021a023
0001a203
100012b7
9c42a623
a8f2c137
d9410113
400011b7
0021a623
00c1a203
100012b7
9c42a823
eb8c8137
7fe10113
400011b7
0021a823
0101a203
100012b7
9c42aa23
8a767137
79b10113
400001b7
0021a823
0101a203
100012b7
9c42ac23
26a93137
91910113
400001b7
0021a823
0101a203
100012b7
9c42ae23
7f656137
33b10113
400001b7
0021aa23
0141a203
100012b7
9e42a023
5e549137
64210113
400011b7
0021a623
00c1a203
100012b7
9e42a223
59f0b137
5da10113
400031b7
0021a223
0041a203
100012b7
9e42a423
44d4d137
7cc10113
400021b7
0021a023
0001a203
100012b7
9e42a623
9ace8137
f0910113
400001b7
0021aa23
0141a203
100012b7
9e42a823
98979137
c5e10113
400011b7
0021a823
0101a203
100012b7
9e42aa23
3a366137
f8210113
400031b7
0021a223
0041a203
100012b7
9e42ac23
950e4137
ba310113
400031b7
0021a223
0041a203
100012b7
9e42ae23
f8c7c137
12a10113
400021b7
0021a023
0001a203
100012b7
a042a023
cc332137
fad10113
400021b7
0021a223
0041a203
100012b7
a042a223
cf5a6137
3ae10113
400001b7
0021a023
0001a203
100012b7
a042a423
c1c3d137
ae210113
400001b7
0021a023
0001a203
100012b7
a042a623
495ca137
37110113
400021b7
0021a623
00c1a203
100012b7
a042a823
03bf8137
8c410113
400011b7
0021a623
00c1a203
100012b7
a042aa23
afaaa137
c0810113
400021b7
0021a223
0041a203
100012b7
a042ac23
3d085137
37a10113
400001b7
0021aa23
0141a203
100012b7
a042ae23
61f4a137
4dd10113
400001b7
0021a823
0101a203
100012b7
a242a023
fc80b137
7e110113
400021b7
0021a623
00c1a203
100012b7
a242a223
26f3d137
4c310113
400001b7
0021a823
0101a203
100012b7
a242a423
5f6a8137
b1a10113
400001b7
0021a023
0001a203
100012b7
a242a623
6f47e137
84010113
400011b7
0021a823
0101a203
100012b7
a242a823
669fd137
ec010113
400021b7
0021a023
0001a203
100012b7
a242aa23
ccb3a137
1bd10113
400021b7
0021a623
00c1a203
100012b7
a242ac23
b37b2137
d8310113
400001b7
0021a823
0101a203
100012b7
a242ae23
058eb137
b7210113
400021b7
0021a623
00c1a203
100012b7
a442a023
a4e00137
8ab10113
400021b7
0021a023
0001a203
100012b7
a442a223
de2aa137
30c10113
400011b7
0021a623
00c1a203
100012b7
a442a423
e4563137
eb010113
400021b7
0021a223
0041a203
100012b7
a442a623
b1b66137
acb10113
400001b7
0021a023
0001a203
100012b7
a442a823
89b16137
dc010113
400011b7
0021a623
00c1a203
100012b7
a442aa23
344aa137
ddb10113
400001b7
0021a823
0101a203
100012b7
a442ac23
db109137
85310113
400021b7
0021a223
0041a203
100012b7
a442ae23
7b016137
75a10113
400001b7
0021a823
0101a203
100012b7
a642a023
74ca3137
8c710113
400001b7
0021a023
0001a203
100012b7
a642a223
55feb137
00a10113
400001b7
0021a823
0101a203
100012b7
a642a423
9b156137
ec910113
400021b7
0021a623
00c1a203
100012b7
a642a623
e3eda137
73110113
400001b7
0021aa23
0141a203
100012b7
a642a823
97651137
2d910113
400021b7
0021a623
00c1a203
100012b7
a642aa23
deb75137
1c110113
400001b7
0021a823
0101a203
100012b7
a642ac23
cde6f137
40310113
400011b7
0021a623
00c1a203
100012b7
a642ae23
3bd90137
fa810113
400011b7
0021a823
0101a203
100012b7
a842a023
c10bb137
6f810113
400011b7
0021a823
0101a203
100012b7
a842a223
0bd0b137
b6d10113
400011b7
0021a823
0101a203
100012b7
a842a423
81649137
2c210113
400021b7
0021a023
0001a203
100012b7
a842a623
0d920137
12910113
400001b7
0021a023
0001a203
100012b7
a842a823
9e680137
39910113
400021b7
0021a223
0041a203
100012b7
a842aa23
9cc6e137
19e10113
400011b7
0021a823
0101a203
100012b7
a842ac23
b027b137
44710113
400001b7
0021a823
0101a203
100012b7
a842ae23
2c2ea137
8c310113
400021b7
0021a623
00c1a203
100012b7
aa42a023
b24de137
87110113
400011b7
0021a823
0101a203
100012b7
aa42a223
a0c0b137
d3510113
400011b7
0021a823
0101a203
100012b7
aa42a423
1be67137
00710113
400001b7
0021aa23
0141a203
100012b7
aa42a623
71156137
9cf10113
400001b7
0021a023
0001a203
100012b7
aa42a823
68cb8137
bdc10113
400021b7
0021a623
00c1a203
100012b7
aa42aa23
8fa97137
c9710113
400021b7
0021a023
0001a203
100012b7
aa42ac23
7d330137
81f10113
400001b7
0021a023
0001a203
100012b7
aa42ae23
ed2d9137
2ae10113
400031b7
0021a223
0041a203
100012b7
ac42a023
83489137
4bf10113
400021b7
0021a023
0001a203
100012b7
ac42a223
66081137
f6310113
400021b7
0021a223
0041a203
100012b7
ac42a423
6f3c6137
d9010113
400011b7
0021a823
0101a203
100012b7
ac42a623
f7c43137
71010113
400021b7
0021a023
0001a203
100012b7
ac42a823
97848137
35210113
400001b7
0021aa23
0141a203
100012b7
ac42aa23
6f89c137
0b810113
400021b7
0021a623
00c1a203
100012b7
ac42ac23
f5786137
3c110113
400021b7
0021a623
00c1a203
100012b7
ac42ae23
b6034137
17210113
400001b7
0021a023
0001a203
100012b7
ae42a023
d7fb4137
ce810113
400001b7
0021a023
0001a203
100012b7
ae42a223
433dd137
2ac10113
400011b7
0021a823
0101a203
100012b7
ae42a423
b0646137
61c10113
400011b7
0021a623
00c1a203
100012b7
ae42a623
0fe39137
7fa10113
400031b7
0021a223
0041a203
100012b7
ae42a823
2458b137
a0310113
400021b7
0021a023
0001a203
100012b7
ae42aa23
4a027137
83410113
400021b7
0021a223
0041a203
100012b7
ae42ac23
e4888137
8f810113
400031b7
0021a223
0041a203
100012b7
ae42ae23
28730137
a2210113
400001b7
0021a823
0101a203
100012b7
b042a023
f3fe0137
71210113
400021b7
0021a023
0001a203
100012b7
b042a223
62dcb137
bd210113
400021b7
0021a223
0041a203
100012b7
b042a423
c7939137
ae310113
400001b7
0021a023
0001a203
100012b7
b042a623
553d3137
aea10113
400021b7
0021a023
0001a203
100012b7
b042a823
76f35137
d1c10113
400021b7
0021a223
0041a203
100012b7
b042aa23
14f20137
cf810113
400011b7
0021a623
00c1a203
100012b7
b042ac23
52255137
95210113
400001b7
0021aa23
0141a203
100012b7
b042ae23
d95d9137
aa410113
400021b7
0021a623
00c1a203
100012b7
b242a023
3d8d0137
15e10113
400001b7
0021a823
0101a203
100012b7
b242a223
ec0f9137
b7310113
400031b7
0021a223
0041a203
100012b7
b242a423
9333c137
65d10113
400001b7
0021aa23
0141a203
100012b7
b242a623
21db3137
60010113
400001b7
0021a823
0101a203
100012b7
b242a823
cb052137
15b10113
400021b7
0021a223
0041a203
100012b7
b242aa23
08979137
81a10113
400021b7
0021a223
0041a203
100012b7
b242ac23
ebece137
09610113
400021b7
0021a623
00c1a203
100012b7
b242ae23
c155c137
5b510113
400001b7
0021a823
0101a203
100012b7
b442a023
d815f137
89010113
400001b7
0021a023
0001a203
100012b7
b442a223
f2396137
1cf10113
400031b7
0021a223
0041a203
100012b7
b442a423
3f5e1137
b8b10113
400001b7
0021a023
0001a203
100012b7
b442a623
be45b137
3dd10113
400011b7
0021a623
00c1a203
100012b7
b442a823
aff31137
7e810113
400011b7
0021a623
00c1a203
100012b7
b442aa23
f4e7c137
da410113
400011b7
0021a623
00c1a203
100012b7
b442ac23
c9cd6137
2cf10113
400021b7
0021a623
00c1a203
100012b7
b442ae23
14994137
1cc10113
400031b7
0021a223
0041a203
100012b7
b642a023
8c80f137
cff10113
400031b7
0021a223
0041a203
100012b7
b642a223
8d785137
56b10113
400021b7
0021a623
00c1a203
100012b7
b642a423
dae70137
96c10113
400011b7
0021a623
00c1a203
100012b7
b642a623
56a4d137
c5610113
400021b7
0021a023
0001a203
100012b7
b642a823
0a8ce137
4da10113
400001b7
0021a823
0101a203
100012b7
b642aa23
31aea137
eca10113
400011b7
0021a823
0101a203
100012b7
b642ac23
ceb39137
49810113
400001b7
0021a023
0001a203
100012b7
b642ae23
18245137
39710113
400011b7
0021a623
00c1a203
100012b7
b842a023
7db52137
0f210113
400011b7
0021a623
00c1a203
100012b7
b842a223
e3a40137
68710113
400011b7
0021a823
0101a203
100012b7
b842a423
1965e137
22710113
400031b7
0021a223
0041a203
100012b7
b842a623
27142137
5fd10113
400001b7
0021a023
0001a203
100012b7
b842a823
06428137
cf110113
400001b7
0021a823
0101a203
100012b7
b842aa23
9e919137
9b610113
400021b7
0021a223
0041a203
100012b7
b842ac23
64add137
98810113
400001b7
0021a023
0001a203
100012b7
b842ae23
ffe0e137
1b010113
400021b7
0021a223
0041a203
100012b7
ba42a023
931ca137
bf610113
400001b7
0021a823
0101a203
100012b7
ba42a223
a588b137
83510113
400021b7
0021a623
00c1a203
100012b7
ba42a423
c0ede137
62c10113
400021b7
0021a223
0041a203
100012b7
ba42a623
617a6137
9cb10113
400021b7
0021a023
0001a203
100012b7
ba42a823
b8ab8137
8b110113
400021b7
0021a023
0001a203
100012b7
ba42aa23
b911c137
f9f10113
400001b7
0021aa23
0141a203
100012b7
ba42ac23
ed347137
cc910113
400021b7
0021a223
0041a203
100012b7
ba42ae23
634f7137
6f210113
400011b7
0021a623
00c1a203
100012b7
bc42a023
86c77137
b7a10113
400001b7
0021a823
0101a203
100012b7
bc42a223
49454137
e1710113
400001b7
0021aa23
0141a203
100012b7
bc42a423
69776137
63010113
400021b7
0021a223
0041a203
100012b7
bc42a623
ed1e2137
7c410113
400001b7
0021a023
0001a203
100012b7
bc42a823
93d72137
3c710113
400001b7
0021a823
0101a203
100012b7
bc42aa23
12118137
9ad10113
400001b7
0021aa23
0141a203
100012b7
bc42ac23
4b90a137
6c510113
400021b7
0021a023
0001a203
100012b7
bc42ae23
6085f137
d8710113
400001b7
0021aa23
0141a203
100012b7
be42a023
6a1f5137
c0710113
400031b7
0021a223
0041a203
100012b7
be42a223
f9fad137
a4e10113
400021b7
0021a223
0041a203
100012b7
be42a423
0a48d137
65510113
400031b7
0021a223
0041a203
100012b7
be42a623
ae411137
02010113
400011b7
0021a623
00c1a203
100012b7
be42a823
a7957137
e6a10113
400031b7
0021a223
0041a203
100012b7
be42aa23
29478137
57110113
400001b7
0021a823
0101a203
100012b7
be42ac23
f1d58137
03c10113
400021b7
0021a023
0001a203
100012b7
be42ae23
d483f137
3e210113
400001b7
0021aa23
0141a203
100012b7
c042a023
c2daa137
88310113
400021b7
0021a023
0001a203
100012b7
c042a223
e3df4137
5f310113
400031b7
0021a223
0041a203
100012b7
c042a423
aab34137
d0c10113
400011b7
0021a623
00c1a203
100012b7
c042a623
0f7b5137
09710113
400021b7
0021a023
0001a203
100012b7
c042a823
d4c37137
48210113
400011b7
0021a623
00c1a203
100012b7
c042aa23
d1c88137
a0b10113
400001b7
0021a823
0101a203
100012b7
c042ac23
db108137
18c10113
400021b7
0021a623
00c1a203
100012b7
c042ae23
b6e02137
c9310113
400001b7
0021a823
0101a203
100012b7
c242a023
ecb23137
a7210113
400001b7
0021a023
0001a203
100012b7
c242a223
85a9d137
21610113
400021b7
0021a223
0041a203
100012b7
c242a423
fb32e137
31f10113
400031b7
0021a223
0041a203
100012b7
c242a623
c7596137
86910113
400021b7
0021a023
0001a203
100012b7
c242a823
58947137
44310113
400011b7
0021a623
00c1a203
100012b7
c242aa23
1fc70137
2dd10113
400021b7
0021a223
0041a203
100012b7
c242ac23
81c63137
dc210113
400021b7
0021a623
00c1a203
100012b7
c242ae23
091bc137
15110113
400021b7
0021a623
00c1a203
100012b7
c442a023
6174d137
38110113
400011b7
0021a623
00c1a203
100012b7
c442a223
c95d1137
40610113
400021b7
0021a023
0001a203
100012b7
c442a423
519e8137
3b410113
400021b7
0021a023
0001a203
100012b7
c442a623
e83b2137
abe10113
400011b7
0021a823
0101a203
100012b7
c442a823
d8030137
5fd10113
400001b7
0021aa23
0141a203
100012b7
c442aa23
ec997137
fe210113
400001b7
0021aa23
0141a203
100012b7
c442ac23
92262137
d0b10113
400021b7
0021a023
0001a203
100012b7
c442ae23
3be6a137
22810113
400031b7
0021a223
0041a203
100012b7
c642a023
e4253137
e6510113
400001b7
0021aa23
0141a203
100012b7
c642a223
a163c137
dfa10113
400001b7
0021a823
0101a203
100012b7
c642a423
d0866137
b2710113
400021b7
0021a023
0001a203
100012b7
c642a623
c1fcb137
6c610113
400011b7
0021a823
0101a203
100012b7
c642a823
562a0137
fbb10113
400031b7
0021a223
0041a203
100012b7
c642aa23
7c8b2137
77e10113
400001b7
0021a823
0101a203
100012b7
c642ac23
1887b137
b7c10113
400031b7
0021a223
0041a203
100012b7
c642ae23
34c8e137
08a10113
400031b7
0021a223
0041a203
100012b7
c842a023
4bff3137
cde10113
400001b7
0021a823
0101a203
100012b7
c842a223
ca1e5137
7bb10113
400021b7
0021a623
00c1a203
100012b7
c842a423
db895137
45010113
400031b7
0021a223
0041a203
100012b7
c842a623
85172137
a7b10113
400001b7
0021a823
0101a203
100012b7
c842a823
b1a88137
4e610113
400001b7
0021a023
0001a203
100012b7
c842aa23
c4201137
cce10113
400021b7
0021a223
0041a203
100012b7
c842ac23
9166f137
a7410113
400011b7
0021a623
00c1a203
100012b7
c842ae23
95baa137
23510113
400001b7
0021aa23
0141a203
100012b7
ca42a023
1119f137
ad910113
400011b7
0021a623
00c1a203
100012b7
ca42a223
a46f7137
ac910113
400021b7
0021a623
00c1a203
100012b7
ca42a423
abee6137
de410113
400011b7
0021a623
00c1a203
100012b7
ca42a623
3aaf4137
8c710113
400011b7
0021a823
0101a203
100012b7
ca42a823
cd2f0137
9f110113
400001b7
0021a823
0101a203
100012b7
ca42aa23
52d4d137
71e10113
400021b7
0021a223
0041a203
100012b7
ca42ac23
5d6cd137
d6810113
400001b7
0021a023
0001a203
100012b7
ca42ae23
07a3d137
ec810113
400011b7
0021a823
0101a203
100012b7
cc42a023
f681c137
46c10113
400021b7
0021a223
0041a203
100012b7
cc42a223
886a9137
3cb10113
400001b7
0021aa23
0141a203
100012b7
cc42a423
7cc60137
ced10113
400021b7
0021a023
0001a203
100012b7
cc42a623
304b9137
1f410113
400021b7
0021a023
0001a203
100012b7
cc42a823
5d3b8137
d5510113
400021b7
0021a623
00c1a203
100012b7
cc42aa23
5600a137
6d510113
400021b7
0021a023
0001a203
100012b7
cc42ac23
23809137
84510113
400011b7
0021a623
00c1a203
100012b7
cc42ae23
17b69137
86410113
400031b7
0021a223
0041a203
100012b7
ce42a023
1c3e6137
3c610113
400021b7
0021a023
0001a203
100012b7
ce42a223
af29a137
34f10113
400021b7
0021a623
00c1a203
100012b7
ce42a423
51f61137
30f10113
400011b7
0021a623
00c1a203
100012b7
ce42a623
5aa81137
84e10113
400031b7
0021a223
0041a203
100012b7
ce42a823
1c775137
15810113
400021b7
0021a023
0001a203
100012b7
ce42aa23
ab278137
98110113
400001b7
0021aa23
0141a203
100012b7
ce42ac23
f3b1c137
dc410113
400021b7
0021a623
00c1a203
100012b7
ce42ae23
d25bb137
57710113
400011b7
0021a623
00c1a203
100012b7
d042a023
ce609137
62110113
400001b7
0021a023
0001a203
100012b7
d042a223
26d22137
28010113
400021b7
0021a623
00c1a203
100012b7
d042a423
317c0137
a7b10113
400021b7
0021a023
0001a203
100012b7
d042a623
f4fe2137
53e10113
400001b7
0021a023
0001a203
100012b7
d042a823
b0b40137
c3810113
400021b7
0021a223
0041a203
100012b7
d042aa23
b5bda137
03010113
400011b7
0021a623
00c1a203
100012b7
d042ac23
eb8a2137
2b910113
400011b7
0021a823
0101a203
100012b7
d042ae23
374d4137
6e810113
400021b7
0021a623
00c1a203
100012b7
d242a023
50797137
b5b10113
400001b7
0021a023
0001a203
100012b7
d242a223
088ce137
8ae10113
400011b7
0021a623
00c1a203
100012b7
d242a423
7efff137
62310113
400021b7
0021a623
00c1a203
100012b7
d242a623
3b827137
97010113
400001b7
0021a023
0001a203
100012b7
d242a823
7d860137
40010113
400001b7
0021a823
0101a203
100012b7
d242aa23
5bd40137
95c10113
400031b7
0021a223
0041a203
100012b7
d242ac23
92552137
08310113
400001b7
0021a823
0101a203
100012b7
d242ae23
bb377137
42f10113
400021b7
0021a023
0001a203
100012b7
d442a023
b9db6137
33010113
400021b7
0021a023
0001a203
100012b7
d442a223
22c94137
15f10113
400021b7
0021a223
0041a203
100012b7
d442a423
be09a137
19710113
400021b7
0021a223
0041a203
100012b7
d442a623
b4b46137
15810113
400021b7
0021a223
0041a203
100012b7
d442a823
51864137
3ef10113
400001b7
0021a023
0001a203
100012b7
d442aa23
911dd137
89610113
400001b7
0021aa23
0141a203
100012b7
d442ac23
b93bb137
8fe10113
400021b7
0021a023
0001a203
100012b7
d442ae23
97277137
36a10113
400001b7
0021aa23
0141a203
100012b7
d642a023
c6b50137
a6210113
400001b7
0021aa23
0141a203
100012b7
d642a223
438d6137
c8910113
400001b7
0021aa23
0141a203
100012b7
d642a423
57c9c137
76b10113
400021b7
0021a223
0041a203
100012b7
d642a623
e2988137
de010113
400031b7
0021a223
0041a203
100012b7
d642a823
65eb8137
9c810113
400021b7
0021a223
0041a203
100012b7
d642aa23
585b6137
9cc10113
400031b7
0021a223
0041a203
100012b7
d642ac23
43959137
f9010113
400021b7
0021a023
0001a203
100012b7
d642ae23
19220137
a3b10113
400021b7
0021a023
0001a203
100012b7
d842a023
579aa137
cf610113
400021b7
0021a623
00c1a203
100012b7
d842a223
8fc4b137
77b10113
400021b7
0021a223
0041a203
100012b7
d842a423
6916a137
df410113
400011b7
0021a623
00c1a203
100012b7
d842a623
f862c137
70810113
400011b7
0021a823
0101a203
100012b7
d842a823
8014d137
54710113
400021b7
0021a223
0041a203
100012b7
d842aa23
1f783137
5c510113
400021b7
0021a623
00c1a203
100012b7
d842ac23
2dbeb137
dae10113
400001b7
0021a823
0101a203
100012b7
d842ae23
361fb137
db210113
400001b7
0021aa23
0141a203
100012b7
da42a023
720d6137
66a10113
400001b7
0021a823
0101a203
100012b7
da42a223
3c1ca137
8fc10113
400021b7
0021a223
0041a203
100012b7
da42a423
d9548137
0ac10113
400011b7
0021a623
00c1a203
100012b7
da42a623
29dcd137
d8410113
400001b7
0021a023
0001a203
100012b7
da42a823
523a2137
34510113
400001b7
0021a023
0001a203
100012b7
da42aa23
0de3f137
39110113
400001b7
0021a023
0001a203
100012b7
da42ac23
14767137
59a10113
400001b7
0021aa23
0141a203
100012b7
da42ae23
bd5a0137
ad610113
400001b7
0021a823
0101a203
100012b7
dc42a023
5574f137
73a10113
400001b7
0021a823
0101a203
100012b7
dc42a223
98c66137
f9610113
400011b7
0021a823
0101a203
100012b7
dc42a423
4299e137
5ff10113
400001b7
0021a023
0001a203
100012b7
dc42a623
119e1137
f7110113
400001b7
0021a823
0101a203
100012b7
dc42a823
4d4f7137
ffa10113
400021b7
0021a623
00c1a203
100012b7
dc42aa23
031d6137
f3010113
400021b7
0021a623
00c1a203
100012b7
dc42ac23
3618b137
c9c10113
400011b7
0021a823
0101a203
100012b7
dc42ae23
acad3137
c9c10113
400031b7
0021a223
0041a203
100012b7
de42a023
7b725137
f5010113
400001b7
0021aa23
0141a203
100012b7
de42a223
e2ffc137
8e210113
400011b7
0021a623
00c1a203
100012b7
de42a423
8423f137
28310113
400011b7
0021a823
0101a203
100012b7
de42a623
c77d5137
79110113
400011b7
0021a823
0101a203
100012b7
de42a823
ee56c137
d4d10113
400021b7
0021a223
0041a203
100012b7
de42aa23
c8cba137
d8910113
400021b7
0021a623
00c1a203
100012b7
de42ac23
b6dd7137
22a10113
400021b7
0021a223
0041a203
100012b7
de42ae23
a413a137
74e10113
400021b7
0021a223
0041a203
100012b7
e042a023
bf95c137
40510113
400031b7
0021a223
0041a203
100012b7
e042a223
d6128137
9ff10113
400001b7
0021aa23
0141a203
100012b7
e042a423
65534137
ae310113
400021b7
0021a023
0001a203
100012b7
e042a623
70eda137
73510113
400011b7
0021a823
0101a203
100012b7
e042a823
36397137
6eb10113
400001b7
0021a023
0001a203
100012b7
e042aa23
70ecc137
75a10113
400021b7
0021a223
0041a203
100012b7
e042ac23
00ab9137
04210113
400011b7
0021a823
0101a203
100012b7
e042ae23
adfc5137
dfa10113
400011b7
0021a623
00c1a203
100012b7
e242a023
c3784137
01f10113
400001b7
0021aa23
0141a203
100012b7
e242a223
75a48137
48010113
400001b7
0021aa23
0141a203
100012b7
e242a423
bd023137
b4b10113
400021b7
0021a023
0001a203
100012b7
e242a623
9c96e137
de610113
400001b7
0021a023
0001a203
100012b7
e242a823
86be6137
74510113
400021b7
0021a023
0001a203
100012b7
e242aa23
23b1a137
8e510113
400031b7
0021a223
0041a203
100012b7
e242ac23
d4639137
6ea10113
400021b7
0021a023
0001a203
100012b7
e242ae23
823a8137
f6b10113
400021b7
0021a623
00c1a203
100012b7
e442a023
e0b43137
bf810113
400001b7
0021aa23
0141a203
100012b7
e442a223
d3349137
5b210113
400001b7
0021a823
0101a203
100012b7
e442a423
31201137
c3b10113
400001b7
0021a023
0001a203
100012b7
e442a623
ff6ff137
53710113
400021b7
0021a623
00c1a203
100012b7
e442a823
5f5da137
04f10113
400011b7
0021a623
00c1a203
100012b7
e442aa23
83111137
d6e10113
400001b7
0021a023
0001a203
100012b7
e442ac23
b8ca5137
16110113
400021b7
0021a223
0041a203
100012b7
e442ae23
69285137
be710113
400001b7
0021a823
0101a203
100012b7
e642a023
2cc43137
ffd10113
400021b7
0021a223
0041a203
100012b7
e642a223
c8d99137
f7a10113
400001b7
0021a823
0101a203
100012b7
e642a423
46fc1137
84310113
400031b7
0021a223
0041a203
100012b7
e642a623
9f0ea137
fd810113
400001b7
0021a023
0001a203
100012b7
e642a823
fbeb8137
76810113
400031b7
0021a223
0041a203
100012b7
e642aa23
604ec137
88a10113
400011b7
0021a623
00c1a203
100012b7
e642ac23
92194137
9ab10113
400001b7
0021a023
0001a203
100012b7
e642ae23
ecb1c137
9db10113
400021b7
0021a623
00c1a203
100012b7
e842a023
0142a137
d3310113
400031b7
0021a223
0041a203
100012b7
e842a223
1af7b137
96c10113
400001b7
0021aa23
0141a203
100012b7
e842a423
e688d137
f8c10113
400001b7
0021a023
0001a203
100012b7
e842a623
d5c77137
9fc10113
400001b7
0021a023
0001a203
100012b7
e842a823
60a54137
78210113
400011b7
0021a623
00c1a203
100012b7
e842aa23
3c472137
4a610113
400001b7
0021a023
0001a203
100012b7
e842ac23
978ab137
c9110113
400021b7
0021a023
0001a203
100012b7
e842ae23
e378b137
0f210113
400001b7
0021a023
0001a203
100012b7
ea42a023
e7dce137
fff10113
400011b7
0021a823
0101a203
100012b7
ea42a223
3f33d137
1b410113
400011b7
0021a823
0101a203
100012b7
ea42a423
8d82e137
1e210113
400011b7
0021a823
0101a203
100012b7
ea42a623
62208137
8fb10113
400021b7
0021a023
0001a203
100012b7
ea42a823
5b64f137
90910113
400021b7
0021a023
0001a203
100012b7
ea42aa23
f5b3e137
79a10113
400011b7
0021a623
00c1a203
100012b7
ea42ac23
2c1d1137
72210113
400021b7
0021a623
00c1a203
100012b7
ea42ae23
b46cf137
e5510113
400011b7
0021a823
0101a203
100012b7
ec42a023
91f67137
91e10113
400001b7
0021a023
0001a203
100012b7
ec42a223
65ba6137
0d410113
400001b7
0021a023
0001a203
100012b7
ec42a423
bd2e9137
ea610113
400001b7
0021a823
0101a203
100012b7
ec42a623
0348f137
3dc10113
400021b7
0021a023
0001a203
100012b7
ec42a823
7bee5137
26210113
400001b7
0021aa23
0141a203
100012b7
ec42aa23
26219137
2f710113
400011b7
0021a623
00c1a203
100012b7
ec42ac23
a2c93137
4f810113
400031b7
0021a223
0041a203
100012b7
ec42ae23
e81b3137
69810113
400001b7
0021aa23
0141a203
100012b7
ee42a023
f59d4137
75510113
400001b7
0021a023
0001a203
100012b7
ee42a223
af110137
dea10113
400001b7
0021a023
0001a203
100012b7
ee42a423
e7fd9137
7be10113
400021b7
0021a623
00c1a203
100012b7
ee42a623
4605f137
ade10113
400011b7
0021a823
0101a203
100012b7
ee42a823
58abc137
90010113
400021b7
0021a023
0001a203
100012b7
ee42aa23
ed63f137
cfb10113
400011b7
0021a623
00c1a203
100012b7
ee42ac23
4ec79137
bad10113
400001b7
0021a823
0101a203
100012b7
ee42ae23
60ea4137
c8910113
400001b7
0021aa23
0141a203
100012b7
f042a023
c1a08137
06810113
400001b7
0021a023
0001a203
100012b7
f042a223
eacf7137
58310113
400011b7
0021a823
0101a203
100012b7
f042a423
3b1fe137
51410113
400021b7
0021a223
0041a203
100012b7
f042a623
3382a137
46e10113
400031b7
0021a223
0041a203
100012b7
f042a823
3ef27137
fe010113
400021b7
0021a223
0041a203
100012b7
f042aa23
1a923137
fd910113
400011b7
0021a823
0101a203
100012b7
f042ac23
a6a74137
b1310113
400011b7
0021a823
0101a203
100012b7
f042ae23
175bd137
d7c10113
400001b7
0021a823
0101a203
100012b7
f242a023
bca48137
78a10113
400001b7
0021aa23
0141a203
100012b7
f242a223
f1142137
bec10113
400001b7
0021a023
0001a203
100012b7
f242a423
ebfc9137
64a10113
400011b7
0021a623
00c1a203
100012b7
f242a623
58909137
b1110113
400011b7
0021a823
0101a203
100012b7
f242a823
74ff1137
f2a10113
400011b7
0021a823
0101a203
100012b7
f242aa23
7bc24137
38810113
400001b7
0021a823
0101a203
100012b7
f242ac23
cb8d8137
68510113
400001b7
0021a023
0001a203
100012b7
f242ae23
f6dc2137
92e10113
400011b7
0021a823
0101a203
100012b7
f442a023
73d10137
47f10113
400031b7
0021a223
0041a203
100012b7
f442a223
6e61d137
47010113
400011b7
0021a623
00c1a203
100012b7
f442a423
bbef6137
b1c10113
400021b7
0021a623
00c1a203
100012b7
f442a623
f718b137
40310113
400001b7
0021a823
0101a203
100012b7
f442a823
30c39137
d0810113
400021b7
0021a023
0001a203
100012b7
f442aa23
501e9137
f2f10113
400011b7
0021a623
00c1a203
100012b7
f442ac23
a42ca137
5b410113
400011b7
0021a623
00c1a203
100012b7
f442ae23
5bed3137
a3c10113
400021b7
0021a023
0001a203
100012b7
f642a023
658d6137
e6e10113
400011b7
0021a823
0101a203
100012b7
f642a223
9645b137
d9b10113
400001b7
0021a023
0001a203
100012b7
f642a423
ec700137
19210113
400001b7
0021aa23
0141a203
100012b7
f642a623
3fe5a137
fa210113
400001b7
0021a823
0101a203
100012b7
f642a823
60a9b137
9a110113
400001b7
0021a823
0101a203
100012b7
f642aa23
d9ed2137
10410113
400011b7
0021a623
00c1a203
100012b7
f642ac23
953d3137
53110113
400001b7
0021a023
0001a203
100012b7
f642ae23
bbe78137
08010113
400011b7
0021a623
00c1a203
100012b7
f842a023
ca4b5137
3ef10113
400011b7
0021a623
00c1a203
100012b7
f842a223
61b60137
15310113
400021b7
0021a023
0001a203
100012b7
f842a423
ceea0137
05310113
400021b7
0021a223
0041a203
100012b7
f842a623
b8afa137
23a10113
400001b7
0021aa23
0141a203
100012b7
f842a823
b283c137
de210113
400021b7
0021a023
0001a203
100012b7
f842aa23
79cd7137
79a10113
400021b7
0021a223
0041a203
100012b7
f842ac23
4056c137
a7e10113
400011b7
0021a823
0101a203
100012b7
f842ae23
b34cf137
aa310113
400011b7
0021a623
00c1a203
100012b7
fa42a023
b146d137
86910113
400011b7
0021a823
0101a203
100012b7
fa42a223
26098137
b7510113
400021b7
0021a023
0001a203
100012b7
fa42a423
c110e137
a2e10113
400021b7
0021a623
00c1a203
100012b7
fa42a623
3fd74137
79410113
400031b7
0021a223
0041a203
100012b7
fa42a823
1004f137
04010113
400001b7
0021aa23
0141a203
100012b7
fa42aa23
f76eb137
69c10113
400021b7
0021a023
0001a203
100012b7
fa42ac23
27440137
59610113
400021b7
0021a023
0001a203
100012b7
fa42ae23
e608b137
a2810113
400011b7
0021a823
0101a203
100012b7
fc42a023
652e1137
0a110113
400021b7
0021a023
0001a203
100012b7
fc42a223
137d6137
40f10113
400031b7
0021a223
0041a203
100012b7
fc42a423
d41ab137
8c010113
400001b7
0021a823
0101a203
100012b7
fc42a623
68297137
d7910113
400001b7
0021aa23
0141a203
100012b7
fc42a823
ff8a7137
b6010113
400011b7
0021a823
0101a203
100012b7
fc42aa23
7ced7137
3c510113
400021b7
0021a023
0001a203
100012b7
fc42ac23
9fc90137
c3910113
400031b7
0021a223
0041a203
100012b7
fc42ae23
80094137
05710113
400011b7
0021a823
0101a203
100012b7
fe42a023
94d36137
06410113
400021b7
0021a223
0041a203
100012b7
fe42a223
18451137
c0510113
400001b7
0021aa23
0141a203
100012b7
fe42a423
1ad0f137
20510113
400011b7
0021a823
0101a203
100012b7
fe42a623
6e82a137
17a10113
400011b7
0021a623
00c1a203
100012b7
fe42a823
a2703137
2ba10113
400001b7
0021a823
0101a203
100012b7
fe42aa23
b30f0137
70b10113
400011b7
0021a823
0101a203
100012b7
fe42ac23
63c1a137
cbb10113
400021b7
0021a223
0041a203
100012b7
fe42ae23
766c4137
12010113
400001b7
0021a823
0101a203
100012b7
0042a023
190a7137
b4d10113
400011b7
0021a623
00c1a203
100012b7
0042a223
46176137
cc010113
400021b7
0021a223
0041a203
100012b7
0042a423
9fe09137
f7710113
400021b7
0021a223
0041a203
100012b7
0042a623
c6828137
43110113
400021b7
0021a223
0041a203
100012b7
0042a823
7c560137
c7610113
400001b7
0021aa23
0141a203
100012b7
0042aa23
a4c11137
5bb10113
400021b7
0021a223
0041a203
100012b7
0042ac23
f8c55137
7ea10113
400021b7
0021a023
0001a203
100012b7
0042ae23
29e76137
a7610113
400011b7
0021a623
00c1a203
100012b7
0242a023
73e7e137
65710113
400001b7
0021aa23
0141a203
100012b7
0242a223
f6823137
a5410113
400021b7
0021a623
00c1a203
100012b7
0242a423
29eaa137
00f10113
400011b7
0021a823
0101a203
100012b7
0242a623
aaf56137
f2d10113
400011b7
0021a623
00c1a203
100012b7
0242a823
77dd5137
61c10113
400031b7
0021a223
0041a203
100012b7
0242aa23
038c5137
26e10113
400021b7
0021a223
0041a203
100012b7
0242ac23
59c57137
1ee10113
400021b7
0021a223
0041a203
100012b7
0242ae23
1e98f137
bf910113
400021b7
0021a223
0041a203
100012b7
0442a023
ffa5c137
1e110113
400021b7
0021a623
00c1a203
100012b7
0442a223
9b1cb137
2f410113
400011b7
0021a623
00c1a203
100012b7
0442a423
898a8137
60710113
400001b7
0021a023
0001a203
100012b7
0442a623
53690137
3c210113
400021b7
0021a223
0041a203
100012b7
0442a823
23c16137
ff810113
400011b7
0021a623
00c1a203
100012b7
0442aa23
b97e7137
57d10113
400001b7
0021a823
0101a203
100012b7
0442ac23
05994137
bc510113
400021b7
0021a623
00c1a203
100012b7
0442ae23
5c7e9137
1b410113
400021b7
0021a623
00c1a203
100012b7
0642a023
9df22137
d5f10113
400001b7
0021aa23
0141a203
100012b7
0642a223
ec619137
d2210113
400001b7
0021aa23
0141a203
100012b7
0642a423
bf756137
34010113
400021b7
0021a623
00c1a203
100012b7
0642a623
6c60b137
b5610113
400011b7
0021a623
00c1a203
100012b7
0642a823
f5ea7137
b4e10113
400021b7
0021a223
0041a203
100012b7
0642aa23
787b1137
ec410113
400001b7
0021a823
0101a203
100012b7
0642ac23
f769e137
7ac10113
400011b7
0021a623
00c1a203
100012b7
0642ae23
f22db137
3f010113
400001b7
0021aa23
0141a203
100012b7
0842a023
6a42e137
7dd10113
400011b7
0021a823
0101a203
100012b7
0842a223
de408137
83f10113
400021b7
0021a023
0001a203
100012b7
0842a423
d33a1137
b2910113
400001b7
0021a023
0001a203
100012b7
0842a623
bd316137
a0710113
400001b7
0021a823
0101a203
100012b7
0842a823
cd3e8137
71a10113
400021b7
0021a623
00c1a203
100012b7
0842aa23
17da0137
65010113
400001b7
0021a023
0001a203
100012b7
0842ac23
f8a1b137
f2e10113
400001b7
0021a823
0101a203
100012b7
0842ae23
078a5137
2a710113
400021b7
0021a023
0001a203
100012b7
0a42a023
5205d137
37810113
400021b7
0021a023
0001a203
100012b7
0a42a223
7fd57137
02b10113
400001b7
0021a023
0001a203
100012b7
0a42a423
25593137
db110113
400031b7
0021a223
0041a203
100012b7
0a42a623
dfb08137
64a10113
400001b7
0021a823
0101a203
100012b7
0a42a823
81872137
90610113
400011b7
0021a823
0101a203
100012b7
0a42aa23
4193a137
32210113
400031b7
0021a223
0041a203
100012b7
0a42ac23
fcbf5137
85610113
400001b7
0021a823
0101a203
100012b7
0a42ae23
efefc137
b5510113
400021b7
0021a223
0041a203
100012b7
0c42a023
9da76137
56d10113
400021b7
0021a623
00c1a203
100012b7
0c42a223
30cc6137
65410113
400021b7
0021a023
0001a203
100012b7
0c42a423
6e222137
5d210113
400011b7
0021a823
0101a203
100012b7
0c42a623
79585137
14d10113
400011b7
0021a623
00c1a203
100012b7
0c42a823
77725137
09910113
400021b7
0021a223
0041a203
100012b7
0c42aa23
bf507137
a2310113
400021b7
0021a023
0001a203
100012b7
0c42ac23
8e710137
7ad10113
400031b7
0021a223
0041a203
100012b7
0c42ae23
0f0d7137
7b510113
400021b7
0021a623
00c1a203
100012b7
0e42a023
cd2d7137
9e810113
400011b7
0021a623
00c1a203
100012b7
0e42a223
5b997137
dea10113
400001b7
0021a823
0101a203
100012b7
0e42a423
53d63137
c5510113
400021b7
0021a023
0001a203
100012b7
0e42a623
a0c47137
59410113
400021b7
0021a623
00c1a203
100012b7
0e42a823
c7965137
fe310113
400001b7
0021a823
0101a203
100012b7
0e42aa23
3e94f137
9c110113
400011b7
0021a623
00c1a203
100012b7
0e42ac23
a8df5137
f1310113
400021b7
0021a223
0041a203
100012b7
0e42ae23
bea1c137
9b010113
400021b7
0021a223
0041a203
100012b7
1042a023
90a3c137
4bc10113
400001b7
0021a023
0001a203
100012b7
1042a223
42f27137
51f10113
400011b7
0021a823
0101a203
100012b7
1042a423
a8171137
81210113
400011b7
0021a623
00c1a203
100012b7
1042a623
aef04137
c3910113
400011b7
0021a623
00c1a203
100012b7
1042a823
8d22f137
a2610113
400011b7
0021a623
00c1a203
100012b7
1042aa23
7039a137
d0e10113
400021b7
0021a223
0041a203
100012b7
1042ac23
882c9137
8ec10113
400001b7
0021a823
0101a203
100012b7
1042ae23
cc48d137
eed10113
400021b7
0021a623
00c1a203
100012b7
1242a023
1e35c137
5eb10113
400021b7
0021a623
00c1a203
100012b7
1242a223
bff5e137
26e10113
400011b7
0021a823
0101a203
100012b7
1242a423
b31ba137
b9010113
400001b7
0021a023
0001a203
100012b7
1242a623
75ba5137
2a710113
400001b7
0021aa23
0141a203
100012b7
1242a823
39138137
65210113
400011b7
0021a623
00c1a203
100012b7
1242aa23
88d87137
fb110113
400021b7
0021a023
0001a203
100012b7
1242ac23
e9612137
6f010113
400021b7
0021a023
0001a203
100012b7
1242ae23
ffb34137
88110113
400011b7
0021a823
0101a203
100012b7
1442a023
6a6d0137
a9510113
400031b7
0021a223
0041a203
100012b7
1442a223
b09f8137
13210113
400001b7
0021a023
0001a203
100012b7
1442a423
799b8137
99410113
400011b7
0021a623
00c1a203
100012b7
1442a623
604c8137
9d510113
400001b7
0021a823
0101a203
100012b7
1442a823
d88ad137
94e10113
400031b7
0021a223
0041a203
100012b7
1442aa23
a3581137
7df10113
400001b7
0021a823
0101a203
100012b7
1442ac23
1d977137
8a910113
400001b7
0021a023
0001a203
100012b7
1442ae23
ddda3137
fd110113
400001b7
0021a023
0001a203
100012b7
1642a023
83a54137
30310113
400011b7
0021a623
00c1a203
100012b7
1642a223
edbe9137
9f910113
400011b7
0021a823
0101a203
100012b7
1642a423
fb9b9137
32f10113
400001b7
0021a023
0001a203
100012b7
1642a623
12ca4137
d2810113
400001b7
0021a823
0101a203
100012b7
1642a823
712b9137
55110113
400011b7
0021a823
0101a203
100012b7
1642aa23
38bdf137
b8110113
400021b7
0021a023
0001a203
100012b7
1642ac23
6cae2137
0b010113
400011b7
0021a823
0101a203
100012b7
1642ae23
6e22b137
8e610113
400021b7
0021a223
0041a203
100012b7
1842a023
a6d47137
08810113
400021b7
0021a223
0041a203
100012b7
1842a223
8e1ec137
c6710113
400021b7
0021a223
0041a203
100012b7
1842a423
2cd61137
37510113
400001b7
0021a823
0101a203
100012b7
1842a623
61aa7137
c6e10113
400001b7
0021aa23
0141a203
100012b7
1842a823
ff907137
b3910113
400031b7
0021a223
0041a203
100012b7
1842aa23
f773e137
5a410113
400011b7
0021a623
00c1a203
100012b7
1842ac23
95281137
f3710113
400021b7
0021a223
0041a203
100012b7
1842ae23
48281137
38610113
400001b7
0021a023
0001a203
100012b7
1a42a023
37c4a137
bba10113
400021b7
0021a023
0001a203
100012b7
1a42a223
7c321137
c3710113
400011b7
0021a823
0101a203
100012b7
1a42a423
dd133137
e3710113
400021b7
0021a223
0041a203
100012b7
1a42a623
d405a137
48e10113
400001b7
0021a823
0101a203
100012b7
1a42a823
41683137
92310113
400021b7
0021a623
00c1a203
100012b7
1a42aa23
79429137
7f610113
400031b7
0021a223
0041a203
100012b7
1a42ac23
00f5f137
d6910113
400001b7
0021aa23
0141a203
100012b7
1a42ae23
bdbe2137
ce110113
400031b7
0021a223
0041a203
100012b7
1c42a023
bb560137
da010113
400011b7
0021a623
00c1a203
100012b7
1c42a223
18cbf137
a7110113
400011b7
0021a823
0101a203
100012b7
1c42a423
3bc42137
a0610113
400001b7
0021a823
0101a203
100012b7
1c42a623
4d3bb137
38710113
400031b7
0021a223
0041a203
100012b7
1c42a823
18b09137
d8f10113
400021b7
0021a223
0041a203
100012b7
1c42aa23
9a0f2137
58d10113
400001b7
0021a823
0101a203
100012b7
1c42ac23
d2778137
88410113
400021b7
0021a623
00c1a203
100012b7
1c42ae23
2d0b4137
b9110113
400021b7
0021a223
0041a203
100012b7
1e42a023
f863b137
d1a10113
400001b7
0021a823
0101a203
100012b7
1e42a223
0507b137
a7c10113
400001b7
0021aa23
0141a203
100012b7
1e42a423
0b771137
74310113
400001b7
0021a823
0101a203
100012b7
1e42a623
feb95137
ef510113
400031b7
0021a223
0041a203
100012b7
1e42a823
15cb6137
ccb10113
400021b7
0021a223
0041a203
100012b7
1e42aa23
9da84137
58610113
400001b7
0021aa23
0141a203
100012b7
1e42ac23
ed939137
72910113
400021b7
0021a623
00c1a203
100012b7
1e42ae23
48e97137
ca310113
400001b7
0021a823
0101a203
100012b7
2042a023
77c33137
e2310113
400021b7
0021a623
00c1a203
100012b7
2042a223
d50e4137
c5710113
400021b7
0021a223
0041a203
100012b7
2042a423
b7068137
ce110113
400021b7
0021a223
0041a203
100012b7
2042a623
6e825137
3fe10113
400001b7
0021aa23
0141a203
100012b7
2042a823
0d9c9137
33110113
400031b7
0021a223
0041a203
100012b7
2042aa23
18f4f137
b1c10113
400001b7
0021a823
0101a203
100012b7
2042ac23
1f48e137
55d10113
400001b7
0021a823
0101a203
100012b7
2042ae23
95df1137
f9410113
400021b7
0021a023
0001a203
100012b7
2242a023
19b15137
deb10113
400011b7
0021a623
00c1a203
100012b7
2242a223
255f9137
7f510113
400001b7
0021aa23
0141a203
100012b7
2242a423
f1528137
f9210113
400021b7
0021a623
00c1a203
100012b7
2242a623
5a96f137
57d10113
400021b7
0021a223
0041a203
100012b7
2242a823
d1b70137
76710113
400011b7
0021a623
00c1a203
100012b7
2242aa23
4b411137
63610113
400021b7
0021a623
00c1a203
100012b7
2242ac23
6977e137
0c710113
400031b7
0021a223
0041a203
100012b7
2242ae23
eefda137
cc510113
400011b7
0021a623
00c1a203
100012b7
2442a023
fe3d7137
ec710113
400031b7
0021a223
0041a203
100012b7
2442a223
58ee1137
0a210113
400001b7
0021a823
0101a203
100012b7
2442a423
70979137
2a510113
400011b7
0021a823
0101a203
100012b7
2442a623
62c83137
eb710113
400021b7
0021a223
0041a203
100012b7
2442a823
80fec137
b9a10113
400031b7
0021a223
0041a203
100012b7
2442aa23
e9041137
78610113
400021b7
0021a023
0001a203
100012b7
2442ac23
cfda1137
27c10113
400031b7
0021a223
0041a203
100012b7
2442ae23
ae1ca137
1f510113
400021b7
0021a623
00c1a203
100012b7
2642a023
50dba137
4e110113
400021b7
0021a223
0041a203
100012b7
2642a223
0508a137
6b510113
400011b7
0021a823
0101a203
100012b7
2642a423
5c114137
f2910113
400011b7
0021a623
00c1a203
100012b7
2642a623
9f600137
c1c10113
400021b7
0021a223
0041a203
100012b7
2642a823
b6400137
ca210113
400001b7
0021aa23
0141a203
100012b7
2642aa23
05241137
6d410113
400021b7
0021a223
0041a203
100012b7
2642ac23
39220137
04c10113
400021b7
0021a623
00c1a203
100012b7
2642ae23
abb44137
def10113
400021b7
0021a223
0041a203
100012b7
2842a023
a2140137
4c110113
400031b7
0021a223
0041a203
100012b7
2842a223
32e26137
dd310113
400031b7
0021a223
0041a203
100012b7
2842a423
05241137
72810113
400011b7
0021a623
00c1a203
100012b7
2842a623
b85ed137
f6410113
400001b7
0021a023
0001a203
100012b7
2842a823
04af0137
7f810113
400021b7
0021a223
0041a203
100012b7
2842aa23
1ee56137
e3d10113
400011b7
0021a623
00c1a203
100012b7
2842ac23
15b7a137
e5610113
400031b7
0021a223
0041a203
100012b7
2842ae23
d6a3a137
cbd10113
400001b7
0021a023
0001a203
100012b7
2a42a023
0e24f137
2a710113
400031b7
0021a223
0041a203
100012b7
2a42a223
bff69137
44210113
400021b7
0021a023
0001a203
100012b7
2a42a423
317ab137
2bf10113
400001b7
0021aa23
0141a203
100012b7
2a42a623
72439137
86b10113
400021b7
0021a623
00c1a203
100012b7
2a42a823
f1de9137
52610113
400031b7
0021a223
0041a203
100012b7
2a42aa23
6c2b1137
42e10113
400021b7
0021a023
0001a203
100012b7
2a42ac23
88288137
0af10113
400021b7
0021a023
0001a203
100012b7
2a42ae23
75689137
95a10113
400021b7
0021a023
0001a203
100012b7
2c42a023
f9b33137
ac810113
400001b7
0021a023
0001a203
100012b7
2c42a223
bfb14137
87a10113
400021b7
0021a023
0001a203
100012b7
2c42a423
0f82a137
91910113
400001b7
0021a823
0101a203
100012b7
2c42a623
9a3b7137
ecb10113
400011b7
0021a623
00c1a203
100012b7
2c42a823
2a6f2137
ff410113
400021b7
0021a623
00c1a203
100012b7
2c42aa23
aed7d137
7f410113
400031b7
0021a223
0041a203
100012b7
2c42ac23
17a0b137
c3a10113
400011b7
0021a823
0101a203
100012b7
2c42ae23
1189b137
59b10113
400031b7
0021a223
0041a203
100012b7
2e42a023
959bf137
bd810113
400001b7
0021a823
0101a203
100012b7
2e42a223
2f0eb137
bdf10113
400021b7
0021a223
0041a203
100012b7
2e42a423
a8a4b137
e4810113
400031b7
0021a223
0041a203
100012b7
2e42a623
05fed137
72810113
400021b7
0021a023
0001a203
100012b7
2e42a823
618f7137
2af10113
400031b7
0021a223
0041a203
100012b7
2e42aa23
c16fb137
2a410113
400001b7
0021aa23
0141a203
100012b7
2e42ac23
e69ae137
4d710113
400011b7
0021a823
0101a203
100012b7
2e42ae23
7eb5f137
f8710113
400011b7
0021a823
0101a203
100012b7
3042a023
49278137
17510113
400031b7
0021a223
0041a203
100012b7
3042a223
c5529137
74110113
400021b7
0021a623
00c1a203
100012b7
3042a423
0e57e137
92d10113
400011b7
0021a623
00c1a203
100012b7
3042a623
89959137
ed410113
400011b7
0021a623
00c1a203
100012b7
3042a823
f70bf137
71410113
400011b7
0021a623
00c1a203
100012b7
3042aa23
6d516137
27e10113
400011b7
0021a623
00c1a203
100012b7
3042ac23
09d33137
fd610113
400021b7
0021a623
00c1a203
100012b7
3042ae23
8ceae137
f1d10113
400011b7
0021a823
0101a203
100012b7
3242a023
0bed6137
42910113
400021b7
0021a623
00c1a203
100012b7
3242a223
729b6137
77a10113
400011b7
0021a623
00c1a203
100012b7
3242a423
06831137
d2110113
400021b7
0021a023
0001a203
100012b7
3242a623
5f92f137
42910113
400021b7
0021a023
0001a203
100012b7
3242a823
2c7a3137
ec610113
400031b7
0021a223
0041a203
100012b7
3242aa23
72d24137
c8310113
400021b7
0021a023
0001a203
100012b7
3242ac23
c3a68137
9ea10113
400011b7
0021a623
00c1a203
100012b7
3242ae23
60986137
fcf10113
400001b7
0021aa23
0141a203
100012b7
3442a023
67f71137
c4b10113
400021b7
0021a623
00c1a203
100012b7
3442a223
3d048137
4d510113
400021b7
0021a223
0041a203
100012b7
3442a423
01ea4137
e1510113
400021b7
0021a623
00c1a203
100012b7
3442a623
bda17137
84310113
400031b7
0021a223
0041a203
100012b7
3442a823
099a2137
53810113
400021b7
0021a223
0041a203
100012b7
3442aa23
183a0137
71310113
400011b7
0021a623
00c1a203
100012b7
3442ac23
f8e2a137
02310113
400001b7
0021aa23
0141a203
100012b7
3442ae23
d5c4b137
5af10113
400001b7
0021a023
0001a203
100012b7
3642a023
8b27d137
90e10113
400011b7
0021a823
0101a203
100012b7
3642a223
22a67137
34a10113
400001b7
0021aa23
0141a203
100012b7
3642a423
44d7e137
47210113
400011b7
0021a823
0101a203
100012b7
3642a623
4e8bb137
79110113
400021b7
0021a023
0001a203
100012b7
3642a823
76f56137
7df10113
400001b7
0021aa23
0141a203
100012b7
3642aa23
8655a137
bfd10113
400001b7
0021a823
0101a203
100012b7
3642ac23
ecda0137
89f10113
400011b7
0021a623
00c1a203
100012b7
3642ae23
218d3137
f3510113
400021b7
0021a623
00c1a203
100012b7
3842a023
38c2f137
ddf10113
400021b7
0021a623
00c1a203
100012b7
3842a223
47e18137
60210113
400011b7
0021a823
0101a203
100012b7
3842a423
e6ab5137
0d710113
400021b7
0021a223
0041a203
100012b7
3842a623
69ac7137
abd10113
400001b7
0021a023
0001a203
100012b7
3842a823
75718137
10410113
400031b7
0021a223
0041a203
100012b7
3842aa23
9458d137
67010113
400001b7
0021aa23
0141a203
100012b7
3842ac23
81178137
72b10113
400001b7
0021a023
0001a203
100012b7
3842ae23
9420c137
42b10113
400001b7
0021a823
0101a203
100012b7
3a42a023
34b95137
93210113
400001b7
0021a823
0101a203
100012b7
3a42a223
29608137
a1d10113
400021b7
0021a023
0001a203
100012b7
3a42a423
bbe11137
cdb10113
400011b7
0021a623
00c1a203
100012b7
3a42a623
9f828137
68410113
400011b7
0021a823
0101a203
100012b7
3a42a823
936ad137
43f10113
400001b7
0021a823
0101a203
100012b7
3a42aa23
eae54137
0b010113
400001b7
0021a823
0101a203
100012b7
3a42ac23
ac292137
b2910113
400031b7
0021a223
0041a203
100012b7
3a42ae23
cda90137
cc510113
400001b7
0021a023
0001a203
100012b7
3c42a023
3433b137
18510113
400021b7
0021a223
0041a203
100012b7
3c42a223
27b99137
62510113
400001b7
0021a023
0001a203
100012b7
3c42a423
4164c137
e8610113
400021b7
0021a023
0001a203
100012b7
3c42a623
62082137
34510113
400021b7
0021a223
0041a203
100012b7
3c42a823
e32bb137
75110113
400011b7
0021a623
00c1a203
100012b7
3c42aa23
159c2137
f2210113
400001b7
0021aa23
0141a203
100012b7
3c42ac23
f2e51137
6c610113
400001b7
0021a023
0001a203
100012b7
3c42ae23
652c6137
4e910113
400001b7
0021a823
0101a203
100012b7
3e42a023
61d08137
21f10113
400001b7
0021aa23
0141a203
100012b7
3e42a223
fc706137
71010113
400011b7
0021a823
0101a203
100012b7
3e42a423
ce94f137
c5f10113
400001b7
0021a023
0001a203
100012b7
3e42a623
8e76f137
0c510113
400021b7
0021a023
0001a203
100012b7
3e42a823
fe2aa137
28510113
400001b7
0021a823
0101a203
100012b7
3e42aa23
82ea7137
8d210113
400031b7
0021a223
0041a203
100012b7
3e42ac23
ffe08137
fbf10113
400031b7
0021a223
0041a203
100012b7
3e42ae23
b211b137
59f10113
400001b7
0021a823
0101a203
100012b7
4042a023
fcc3b137
17110113
400021b7
0021a223
0041a203
100012b7
4042a223
e1f42137
6ed10113
400031b7
0021a223
0041a203
100012b7
4042a423
7e4ab137
59a10113
400001b7
0021a023
0001a203
100012b7
4042a623
59fe7137
8e810113
400031b7
0021a223
0041a203
100012b7
4042a823
a9d40137
86e10113
400021b7
0021a623
00c1a203
100012b7
4042aa23
9d41b137
6ff10113
400021b7
0021a023
0001a203
100012b7
4042ac23
52d5f137
89710113
400011b7
0021a623
00c1a203
100012b7
4042ae23
cbef9137
06c10113
400001b7
0021aa23
0141a203
100012b7
4242a023
da66c137
bbe10113
400031b7
0021a223
0041a203
100012b7
4242a223
ec319137
41310113
400001b7
0021a023
0001a203
100012b7
4242a423
67909137
3ae10113
400011b7
0021a823
0101a203
100012b7
4242a623
f23a3137
68210113
400001b7
0021a023
0001a203
100012b7
4242a823
1e12f137
c9210113
400011b7
0021a823
0101a203
100012b7
4242aa23
9e422137
31310113
400001b7
0021a023
0001a203
100012b7
4242ac23
b9a3b137
d3810113
400021b7
0021a223
0041a203
100012b7
4242ae23
16644137
b1110113
400001b7
0021a023
0001a203
100012b7
4442a023
9bd24137
20710113
400021b7
0021a023
0001a203
100012b7
4442a223
8e3a9137
6a110113
400001b7
0021aa23
0141a203
100012b7
4442a423
1a7ba137
05c10113
400001b7
0021a823
0101a203
100012b7
4442a623
6263a137
74910113
400031b7
0021a223
0041a203
100012b7
4442a823
cc2c0137
17810113
400031b7
0021a223
0041a203
100012b7
4442aa23
5e42d137
bc310113
400011b7
0021a623
00c1a203
100012b7
4442ac23
c643c137
67510113
400001b7
0021aa23
0141a203
100012b7
4442ae23
1b641137
67710113
400021b7
0021a623
00c1a203
100012b7
4642a023
322ac137
b5f10113
400001b7
0021aa23
0141a203
100012b7
4642a223
cb06f137
ef010113
400021b7
0021a023
0001a203
100012b7
4642a423
6687b137
e2510113
400021b7
0021a623
00c1a203
100012b7
4642a623
d66c0137
1c710113
400031b7
0021a223
0041a203
100012b7
4642a823
bb68e137
80810113
400011b7
0021a623
00c1a203
100012b7
4642aa23
1d18c137
5a510113
400011b7
0021a823
0101a203
100012b7
4642ac23
7378d137
0b810113
400031b7
0021a223
0041a203
100012b7
4642ae23
2fac5137
26810113
400021b7
0021a623
00c1a203
100012b7
4842a023
1f071137
02b10113
400011b7
0021a623
00c1a203
100012b7
4842a223
c85cc137
6a410113
400011b7
0021a823
0101a203
100012b7
4842a423
50363137
87910113
400001b7
0021aa23
0141a203
100012b7
4842a623
4d6e2137
ea210113
400011b7
0021a823
0101a203
100012b7
4842a823
65b40137
83510113
400021b7
0021a623
00c1a203
100012b7
4842aa23
dbd28137
90810113
400001b7
0021aa23
0141a203
100012b7
4842ac23
cb8d4137
ef910113
400001b7
0021aa23
0141a203
100012b7
4842ae23
03092137
2e710113
400001b7
0021a823
0101a203
100012b7
4a42a023
59279137
cd910113
400031b7
0021a223
0041a203
100012b7
4a42a223
6f6b0137
31110113
400021b7
0021a623
00c1a203
100012b7
4a42a423
52e03137
f0010113
400021b7
0021a023
0001a203
100012b7
4a42a623
6feec137
07110113
400001b7
0021a823
0101a203
100012b7
4a42a823
24784137
34e10113
400001b7
0021a823
0101a203
100012b7
4a42aa23
99dc3137
42b10113
400021b7
0021a623
00c1a203
100012b7
4a42ac23
49dd1137
84010113
400001b7
0021a023
0001a203
100012b7
4a42ae23
4285f137
ca310113
400001b7
0021aa23
0141a203
100012b7
4c42a023
4f1cd137
c0510113
400011b7
0021a823
0101a203
100012b7
4c42a223
8ac95137
97110113
400021b7
0021a223
0041a203
100012b7
4c42a423
22c96137
98f10113
400011b7
0021a823
0101a203
100012b7
4c42a623
c28c6137
73910113
400021b7
0021a023
0001a203
100012b7
4c42a823
1a603137
adb10113
400001b7
0021aa23
0141a203
100012b7
4c42aa23
112ee137
21210113
400021b7
0021a023
0001a203
100012b7
4c42ac23
bcda3137
4f510113
400021b7
0021a623
00c1a203
100012b7
4c42ae23
73ac7137
19c10113
400021b7
0021a223
0041a203
100012b7
4e42a023
b98a3137
5ec10113
400001b7
0021a823
0101a203
100012b7
4e42a223
220a8137
64510113
400001b7
0021a023
0001a203
100012b7
4e42a423
0f59b137
75110113
400021b7
0021a223
0041a203
100012b7
4e42a623
42e99137
67610113
400001b7
0021a023
0001a203
100012b7
4e42a823
c2afa137
6a910113
400001b7
0021aa23
0141a203
100012b7
4e42aa23
99adf137
76910113
400021b7
0021a623
00c1a203
100012b7
4e42ac23
98ce6137
d4e10113
400021b7
0021a223
0041a203
100012b7
4e42ae23
6d633137
62d10113
400011b7
0021a623
00c1a203
100012b7
5042a023
5d482137
22d10113
400031b7
0021a223
0041a203
100012b7
5042a223
646e6137
fd310113
400011b7
0021a823
0101a203
100012b7
5042a423
0307b137
d3010113
400031b7
0021a223
0041a203
100012b7
5042a623
b699b137
6e010113
400011b7
0021a623
00c1a203
100012b7
5042a823
36e08137
4dc10113
400011b7
0021a823
0101a203
100012b7
5042aa23
26fd0137
75a10113
400001b7
0021aa23
0141a203
100012b7
5042ac23
cef69137
7c310113
400021b7
0021a023
0001a203
100012b7
5042ae23
d54ec137
58110113
400011b7
0021a623
00c1a203
100012b7
5242a023
d9c28137
e5d10113
400001b7
0021aa23
0141a203
100012b7
5242a223
2bbfb137
c8610113
400021b7
0021a623
00c1a203
100012b7
5242a423
76132137
def10113
400021b7
0021a623
00c1a203
100012b7
5242a623
f7f41137
88d10113
400021b7
0021a623
00c1a203
100012b7
5242a823
a1193137
03210113
400001b7
0021a023
0001a203
100012b7
5242aa23
c52d6137
7b810113
400001b7
0021a823
0101a203
100012b7
5242ac23
a8f72137
c0610113
400011b7
0021a823
0101a203
100012b7
5242ae23
1624f137
32410113
400001b7
0021a023
0001a203
100012b7
5442a023
600d0137
dab10113
400011b7
0021a823
0101a203
100012b7
5442a223
a0a00137
ff510113
400021b7
0021a623
00c1a203
100012b7
5442a423
7ce1a137
7ba10113
400001b7
0021a023
0001a203
100012b7
5442a623
67c60137
dbd10113
400021b7
0021a023
0001a203
100012b7
5442a823
c5d48137
0b310113
400021b7
0021a023
0001a203
100012b7
5442aa23
49fe0137
6ab10113
400001b7
0021aa23
0141a203
100012b7
5442ac23
b03fc137
f6610113
400011b7
0021a623
00c1a203
100012b7
5442ae23
5c74d137
65010113
400001b7
0021a823
0101a203
100012b7
5642a023
b6aa3137
70a10113
400011b7
0021a823
0101a203
100012b7
5642a223
4d8a3137
90410113
400011b7
0021a823
0101a203
100012b7
5642a423
5bd08137
bab10113
400011b7
0021a623
00c1a203
100012b7
5642a623
fe630137
2ab10113
400001b7
0021a823
0101a203
100012b7
5642a823
8e247137
59f10113
400001b7
0021a823
0101a203
100012b7
5642aa23
f51af137
78610113
400011b7
0021a823
0101a203
100012b7
5642ac23
1e52d137
0ca10113
400021b7
0021a223
0041a203
100012b7
5642ae23
37563137
b5610113
400001b7
0021a823
0101a203
100012b7
5842a023
5f16a137
00310113
400031b7
0021a223
0041a203
100012b7
5842a223
5208c137
46410113
400001b7
0021a823
0101a203
100012b7
5842a423
691a7137
15d10113
400001b7
0021a023
0001a203
100012b7
5842a623
29eba137
89810113
400011b7
0021a623
00c1a203
100012b7
5842a823
06c12137
51a10113
400001b7
0021a823
0101a203
100012b7
5842aa23
f37c3137
a1910113
400011b7
0021a623
00c1a203
100012b7
5842ac23
e7c0e137
dbb10113
400011b7
0021a823
0101a203
100012b7
5842ae23
7479b137
f9d10113
400011b7
0021a823
0101a203
100012b7
5a42a023
f6b14137
cdb10113
400011b7
0021a823
0101a203
100012b7
5a42a223
66953137
29510113
400031b7
0021a223
0041a203
100012b7
5a42a423
c4431137
aa310113
400031b7
0021a223
0041a203
100012b7
5a42a623
651ce137
d2410113
400011b7
0021a623
00c1a203
100012b7
5a42a823
e70a1137
4fb10113
400011b7
0021a823
0101a203
100012b7
5a42aa23
4d9de137
72310113
400001b7
0021a023
0001a203
100012b7
5a42ac23
1c352137
09810113
400021b7
0021a023
0001a203
100012b7
5a42ae23
e3d0f137
ff610113
400001b7
0021a023
0001a203
100012b7
5c42a023
85c38137
a9110113
400011b7
0021a823
0101a203
100012b7
5c42a223
81207137
9e410113
400001b7
0021aa23
0141a203
100012b7
5c42a423
8f9b7137
be510113
400031b7
0021a223
0041a203
100012b7
5c42a623
4c413137
2df10113
400001b7
0021aa23
0141a203
100012b7
5c42a823
c0b7e137
e7410113
400001b7
0021aa23
0141a203
100012b7
5c42aa23
5c89f137
55510113
400021b7
0021a623
00c1a203
100012b7
5c42ac23
0d86d137
01a10113
400011b7
0021a623
00c1a203
100012b7
5c42ae23
5aa15137
6ae10113
400021b7
0021a023
0001a203
100012b7
5e42a023
f07e9137
c0110113
400001b7
0021aa23
0141a203
100012b7
5e42a223
70a56137
db210113
400001b7
0021aa23
0141a203
100012b7
5e42a423
661f6137
73210113
400011b7
0021a623
00c1a203
100012b7
5e42a623
f0b0f137
40410113
400001b7
0021aa23
0141a203
100012b7
5e42a823
17f82137
d8c10113
400001b7
0021a023
0001a203
100012b7
5e42aa23
0b01f137
23a10113
400031b7
0021a223
0041a203
100012b7
5e42ac23
f93e2137
42a10113
400021b7
0021a023
0001a203
100012b7
5e42ae23
6c4f4137
b6e10113
400001b7
0021a023
0001a203
100012b7
6042a023
86bf7137
ccc10113
400001b7
0021a823
0101a203
100012b7
6042a223
ee60d137
b5210113
400031b7
0021a223
0041a203
100012b7
6042a423
132e0137
fa910113
400021b7
0021a023
0001a203
100012b7
6042a623
23580137
81810113
400021b7
0021a223
0041a203
100012b7
6042a823
1f3fd137
4a610113
400001b7
0021a823
0101a203
100012b7
6042aa23
e72d5137
82e10113
400001b7
0021a823
0101a203
100012b7
6042ac23
fbc03137
c0f10113
400021b7
0021a623
00c1a203
100012b7
6042ae23
87098137
7f010113
400001b7
0021aa23
0141a203
100012b7
6242a023
f6d52137
2f710113
400001b7
0021a023
0001a203
100012b7
6242a223
6d935137
39c10113
400021b7
0021a623
00c1a203
100012b7
6242a423
bdfd1137
86010113
400021b7
0021a623
00c1a203
100012b7
6242a623
dfe18137
38c10113
400011b7
0021a623
00c1a203
100012b7
6242a823
4d3db137
21210113
400031b7
0021a223
0041a203
100012b7
6242aa23
ae2c9137
4b110113
400021b7
0021a623
00c1a203
100012b7
6242ac23
17c9f137
a9410113
400021b7
0021a623
00c1a203
100012b7
6242ae23
8aefd137
cc310113
400031b7
0021a223
0041a203
100012b7
6442a023
caa10137
ba510113
400001b7
0021a823
0101a203
100012b7
6442a223
d3c40137
39710113
400001b7
0021a023
0001a203
100012b7
6442a423
be7e4137
dec10113
400031b7
0021a223
0041a203
100012b7
6442a623
5a503137
06710113
400001b7
0021aa23
0141a203
100012b7
6442a823
2e943137
f8810113
400001b7
0021a823
0101a203
100012b7
6442aa23
b111b137
8e210113
400011b7
0021a823
0101a203
100012b7
6442ac23
9aab7137
d2010113
400001b7
0021a823
0101a203
100012b7
6442ae23
cf249137
8bb10113
400001b7
0021aa23
0141a203
100012b7
6642a023
730f8137
4c510113
400001b7
0021a023
0001a203
100012b7
6642a223
9d50c137
d7c10113
400031b7
0021a223
0041a203
100012b7
6642a423
dba63137
01610113
400021b7
0021a623
00c1a203
100012b7
6642a623
38629137
4fc10113
400001b7
0021aa23
0141a203
100012b7
6642a823
07f2c137
63510113
400001b7
0021a823
0101a203
100012b7
6642aa23
a59eb137
c9e10113
400021b7
0021a623
00c1a203
100012b7
6642ac23
0894d137
83f10113
400001b7
0021a023
0001a203
100012b7
6642ae23
a02db137
78710113
400021b7
0021a623
00c1a203
100012b7
6842a023
c453c137
98c10113
400021b7
0021a623
00c1a203
100012b7
6842a223
2f1df137
99d10113
400001b7
0021a023
0001a203
100012b7
6842a423
a50fe137
7b410113
400001b7
0021aa23
0141a203
100012b7
6842a623
eeb2e137
d7010113
400021b7
0021a023
0001a203
100012b7
6842a823
94cce137
1f610113
400031b7
0021a223
0041a203
100012b7
6842aa23
3c7f2137
f5b10113
400001b7
0021aa23
0141a203
100012b7
6842ac23
e27f9137
73810113
400001b7
0021a823
0101a203
100012b7
6842ae23
68a90137
af010113
400011b7
0021a623
00c1a203
100012b7
6a42a023
1a97b137
0d710113
400001b7
0021aa23
0141a203
100012b7
6a42a223
7671b137
7d110113
400021b7
0021a023
0001a203
100012b7
6a42a423
5af18137
6f210113
400001b7
0021a023
0001a203
100012b7
6a42a623
7a217137
2f110113
400001b7
0021a023
0001a203
100012b7
6a42a823
a3ec2137
ed810113
400021b7
0021a023
0001a203
100012b7
6a42aa23
5bac5137
6db10113
400021b7
0021a623
00c1a203
100012b7
6a42ac23
a4242137
07110113
400021b7
0021a623
00c1a203
100012b7
6a42ae23
d4244137
54e10113
400011b7
0021a623
00c1a203
100012b7
6c42a023
0d5c9137
72510113
400021b7
0021a623
00c1a203
100012b7
6c42a223
dc80d137
33c10113
400001b7
0021aa23
0141a203
100012b7
6c42a423
26887137
34e10113
400011b7
0021a823
0101a203
100012b7
6c42a623
6f1fd137
d5010113
400001b7
0021aa23
0141a203
100012b7
6c42a823
41678137
c0c10113
400021b7
0021a223
0041a203
100012b7
6c42aa23
715c2137
3f210113
400011b7
0021a823
0101a203
100012b7
6c42ac23
15127137
40b10113
400021b7
0021a023
0001a203
100012b7
6c42ae23
2a6d8137
5a810113
400021b7
0021a223
0041a203
100012b7
6e42a023
cc150137
86410113
400001b7
0021a823
0101a203
100012b7
6e42a223
74a39137
a8f10113
400021b7
0021a223
0041a203
100012b7
6e42a423
763b7137
f5410113
400021b7
0021a223
0041a203
100012b7
6e42a623
652ae137
b6710113
400001b7
0021a023
0001a203
100012b7
6e42a823
0261d137
de110113
400001b7
0021a023
0001a203
100012b7
6e42aa23
fede2137
a6b10113
400021b7
0021a623
00c1a203
100012b7
6e42ac23
42bd5137
f8e10113
400001b7
0021a823
0101a203
100012b7
6e42ae23
84e14137
25e10113
400001b7
0021a023
0001a203
100012b7
7042a023
07e65137
55d10113
400001b7
0021a823
0101a203
100012b7
7042a223
fb319137
db810113
400011b7
0021a823
0101a203
100012b7
7042a423
69908137
f9510113
400021b7
0021a023
0001a203
100012b7
7042a623
2e3d5137
27d10113
400001b7
0021a023
0001a203
100012b7
7042a823
bab5c137
61b10113
400031b7
0021a223
0041a203
100012b7
7042aa23
66f6f137
af310113
400031b7
0021a223
0041a203
100012b7
7042ac23
8d88a137
35810113
400021b7
0021a023
0001a203
100012b7
7042ae23
51ac5137
f8f10113
400021b7
0021a023
0001a203
100012b7
7242a023
f2452137
c5f10113
400031b7
0021a223
0041a203
100012b7
7242a223
efd80137
22410113
400031b7
0021a223
0041a203
100012b7
7242a423
b8ed8137
a0510113
400001b7
0021aa23
0141a203
100012b7
7242a623
3d345137
46210113
400001b7
0021aa23
0141a203
100012b7
7242a823
a1f48137
a9e10113
400021b7
0021a023
0001a203
100012b7
7242aa23
72cde137
14310113
400031b7
0021a223
0041a203
100012b7
7242ac23
346ff137
20310113
400001b7
0021a023
0001a203
100012b7
7242ae23
f12bd137
1b410113
400001b7
0021a023
0001a203
100012b7
7442a023
647fb137
08c10113
400021b7
0021a223
0041a203
100012b7
7442a223
17bb9137
bd810113
400031b7
0021a223
0041a203
100012b7
7442a423
843c6137
0ed10113
400001b7
0021aa23
0141a203
100012b7
7442a623
04c7a137
a0910113
400001b7
0021a023
0001a203
100012b7
7442a823
786ea137
d3810113
400021b7
0021a023
0001a203
100012b7
7442aa23
8d3c1137
51b10113
400031b7
0021a223
0041a203
100012b7
7442ac23
0ae8d137
83010113
400011b7
0021a823
0101a203
100012b7
7442ae23
a1d0a137
66110113
400001b7
0021aa23
0141a203
100012b7
7642a023
eb479137
12410113
400011b7
0021a823
0101a203
100012b7
7642a223
bb5f1137
cef10113
400021b7
0021a623
00c1a203
100012b7
7642a423
6903d137
a2210113
400021b7
0021a623
00c1a203
100012b7
7642a623
00100393
100022b7
9072a023
0000006f
00000013
00000013
00000013
00000013
00000013
00000013
00000013
00000013
00000013
00000013
00000013
00000013
00000013
00000013
00000013
00000013
00000013
00000013
00000013
00000013
00000013
00000013
00000013
00000013
00000013
00000013
00000013
00000013
00000013
00000013
00000013
00000013
00000013
00000013
00000013
00000013
00000013
00000013
00000013
00000013
00000013
00000013
00000013
00000013
00000013
00000013
00000013
00000013
00000013
00000013
00000013
00000013
00000013
00000013
00000013
00000013
00000013
00000013
00000013
00000013
00000013
00000013
00000013
00000013
00000013
00000013
00000013
00000013
00000013
00000013
00000013
00000013
00000013
00000013
00000013
00000013
00000013
00000013
00000013
00000013
00000013
00000013
00000013
00000013
00000013
00000013
00000013
00000013
00000013
00000013
00000013
00000013
00000013
00000013
00000013
00000013
00000013
00000013
00000013
00000013
00000013
00000013
00000013
00000013
00000013
00000013
00000013
00000013
00000013
00000013
00000013
00000013
00000013
00000013
00000013
00000013
00000013
00000013
00000013
00000013
00000013
00000013
00000013
00000013
00000013
00000013
00000013
00000013
00000013
00000013
00000013
00000013
00000013
00000013
00000013
00000013
00000013
00000013
00000013
00000013
00000013
00000013
00000013
00000013
00000013
00000013
00000013
00000013
00000013
00000013
00000013
00000013
00000013
00000013
00000013
00000013
00000013
00000013
00000013
00000013
00000013
00000013
00000013
00000013
00000013
00000013
00000013
00000013
00000013
00000013
00000013
00000013
00000013
00000013
00000013
00000013
00000013
00000013
00000013
00000013
00000013
00000013
00000013
00000013
00000013
00000013
00000013
00000013
00000013
00000013
00000013
00000013
00000013
00000013
00000013
00000013
00000013
00000013
00000013
00000013
00000013
00000013
00000013
00000013
00000013
00000013
00000013
00000013
00000013
00000013
00000013
00000013
00000013
00000013
00000013
00000013
00000013
00000013
00000013
00000013
00000013
00000013
00000013
00000013
00000013
00000013
00000013
00000013
00000013
00000013
00000013
00000013
00000013
00000013
00000013
00000013
00000013
00000013
00000013
00000013
00000013
00000013
00000013
00000013
00000013
00000013
00000013
00000013
00000013
00000013
00000013
00000013
00000013
00000013
00000013
00000013
00000013
00000013
00000013
00000013
00000013
00000013
00000013
00000013
00000013
00000013
00000013
00000013
00000013
00000013
00000013
00000013
00000013
00000013
00000013
00000013
00000013
00000013
00000013
00000013
00000013
00000013
00000013
00000013
00000013
00000013
00000013
00000013
00000013
00000013
00000013
00000013
00000013
00000013
00000013
00000013
00000013
00000013
00000013
00000013
00000013
00000013
00000013
00000013
00000013
00000013
00000013
00000013
00000013
00000013
00000013
00000013
00000013
00000013
00000013
00000013
00000013
00000013
00000013
00000013
00000013
00000013
00000013
00000013
00000013
00000013
00000013
00000013
00000013
00000013
00000013
00000013
00000013
00000013
00000013
00000013
00000013
00000013
00000013
00000013
00000013
00000013
00000013
00000013
00000013
00000013
00000013
00000013
00000013
00000013
00000013
00000013
00000013
00000013
00000013
00000013
00000013
00000013
00000013
00000013
00000013
00000013
00000013
00000013
00000013
00000013
00000013
00000013
00000013
00000013
00000013
00000013
00000013
00000013
00000013
00000013
00000013
00000013
00000013
00000013
00000013
00000013
00000013
00000013
00000013
00000013
00000013
00000013
00000013
00000013
00000013
00000013
00000013
00000013
00000013
00000013
00000013
00000013
00000013
00000013
00000013
00000013
00000013
00000013
00000013
00000013
00000013
00000013
00000013
00000013
00000013
00000013
00000013
00000013
00000013
00000013
00000013
00000013
00000013
00000013
00000013
00000013
00000013
00000013
00000013
00000013
00000013
00000013
00000013
00000013
00000013
00000013
00000013
00000013
00000013
00000013
00000013
00000013
00000013
00000013
00000013
00000013
00000013
00000013
00000013
00000013
00000013
00000013
00000013
00000013
00000013
00000013
00000013
00000013
00000013
00000013
00000013
00000013
00000013
00000013
00000013
00000013
00000013
00000013
00000013
00000013
00000013
00000013
00000013
00000013
00000013
00000013
00000013
00000013
00000013
00000013
00000013
00000013
00000013
00000013
00000013
00000013
00000013
00000013
00000013
00000013
00000013
00000013
00000013
00000013
00000013
00000013
00000013
00000013
00000013
00000013
00000013
00000013
00000013
00000013
00000013
00000013
00000013
00000013
00000013
00000013
00000013
00000013
00000013
00000013
00000013
00000013
00000013
00000013
00000013
00000013
00000013
00000013
00000013
00000013
00000013
00000013
00000013
00000013
00000013
00000013
00000013
00000013
00000013
00000013
00000013
00000013
00000013
00000013
00000013
00000013
00000013
00000013
00000013
00000013
00000013
00000013
00000013
00000013
00000013
00000013
00000013
00000013
00000013
00000013
00000013
00000013
00000013
00000013
00000013
00000013
00000013
00000013
00000013
00000013
00000013
00000013
00000013
00000013
00000013
00000013
00000013
00000013
00000013
00000013
00000013
00000013
00000013
00000013
00000013
00000013
00000013
00000013
00000013
00000013
00000013
00000013
00000013
00000013
00000013
00000013
00000013
00000013
00000013
00000013
00000013
00000013
00000013
00000013
00000013
00000013
00000013
00000013
00000013
00000013
00000013
00000013
00000013
00000013
00000013
00000013
00000013
00000013
00000013
00000013
00000013
00000013
00000013
00000013
00000013
00000013
00000013
00000013
00000013
00000013
00000013
00000013
00000013
00000013
00000013
00000013
00000013
00000013
00000013
00000013
00000013
00000013
00000013
00000013
00000013
00000013
00000013
00000013
00000013
00000013
00000013
00000013
00000013
00000013
00000013
00000013
00000013
00000013
00000013
00000013
00000013
00000013
00000013
00000013
00000013
00000013
00000013
00000013
00000013
00000013
00000013
00000013
00000013
00000013
00000013
00000013
00000013
00000013
00000013
00000013
00000013
00000013
00000013
00000013
00000013
00000013
00000013
00000013
00000013
00000013
00000013
00000013
00000013
00000013
00000013
00000013
00000013
00000013
00000013
00000013
00000013
00000013
00000013
00000013
00000013
00000013
00000013
00000013
00000013
00000013
00000013
00000013
00000013
00000013
00000013
00000013
00000013
00000013
00000013
00000013
00000013
00000013
00000013
00000013
00000013
00000013
00000013
00000013
00000013
00000013
00000013
00000013
00000013
00000013
00000013
00000013
00000013
00000013
00000013
00000013
00000013
00000013
00000013
00000013
00000013
00000013
00000013
00000013
00000013
00000013
00000013
00000013
00000013
00000013
00000013
00000013
00000013
00000013
00000013
00000013
00000013
00000013
00000013
00000013
00000013
00000013
00000013
00000013
00000013
00000013
00000013
00000013
00000013
00000013
00000013
00000013
00000013
00000013
00000013
00000013
00000013
00000013
00000013
00000013
00000013
00000013
00000013
00000013
00000013
00000013
00000013
00000013
00000013
00000013
00000013
00000013
00000013
00000013
00000013
00000013
00000013
00000013
00000013
00000013
00000013
00000013
00000013
00000013
00000013
00000013
00000013
00000013
00000013
00000013
00000013
00000013
00000013
00000013
00000013
00000013
00000013
00000013
00000013
00000013
00000013
00000013
00000013
00000013
00000013
00000013
00000013
00000013
00000013
00000013
00000013
00000013
00000013
00000013
00000013
00000013
00000013
00000013
00000013
00000013
00000013
00000013
00000013
00000013
00000013
00000013
00000013
00000013
00000013
00000013
00000013
00000013
00000013
00000013
00000013
00000013
00000013
00000013
00000013
00000013
00000013
00000013
00000013
00000013
00000013
00000013
00000013
00000013
00000013
00000013
00000013
00000013
00000013
00000013
00000013
00000013
00000013
00000013
00000013
00000013
00000013
00000013
00000013
00000013
00000013
00000013
00000013
00000013
00000013
00000013
00000013
00000013
00000013
00000013
00000013
00000013
00000013
00000013
00000013
00000013
00000013
00000013
00000013
00000013
00000013
00000013
00000013
00000013
00000013
00000013
00000013
00000013
00000013
00000013
00000013
00000013
00000013
00000013
00000013
00000013
00000013
00000013
00000013
00000013
00000013
00000013
00000013
00000013
00000013
00000013
00000013
00000013
00000013
00000013
00000013
00000013
00000013
00000013
00000013
00000013
00000013
00000013
00000013
00000013
00000013
00000013
00000013
00000013
00000013
00000013
00000013
00000013
00000013
00000013
00000013
00000013
00000013
00000013
00000013
00000013
00000013
00000013
00000013
00000013
00000013
00000013
00000013
00000013
00000013
00000013
00000013
00000013
00000013
00000013
00000013
00000013
00000013
00000013
00000013
00000013
00000013
00000013
00000013
00000013
00000013
00000013
00000013
00000013
00000013
00000013
00000013
00000013
00000013
00000013
00000013
00000013
00000013
00000013
00000013
00000013
00000013
00000013
00000013
00000013
00000013
00000013
00000013
00000013
00000013
00000013
00000013
00000013
00000013
00000013
00000013
00000013
00000013
00000013
00000013
00000013
00000013
00000013
00000013
00000013
00000013
00000013
00000013
00000013
00000013
00000013
00000013
00000013
00000013
00000013
00000013
00000013
00000013
00000013
00000013
00000013
00000013
00000013
00000013
00000013
00000013
00000013
00000013
00000013
00000013
00000013
00000013
00000013
00000013
00000013
00000013
00000013
00000013
00000013
00000013
00000013
00000013
00000013
00000013
00000013
00000013
00000013
00000013
00000013
00000013
00000013
00000013
00000013
00000013
00000013
00000013
00000013
00000013
00000013
00000013
00000013
00000013
00000013
00000013
00000013
00000013
00000013
00000013
00000013
00000013
00000013
00000013
00000013
00000013
00000013
00000013
00000013
00000013
00000013
00000013
00000013
00000013
00000013
00000013
00000013
00000013
00000013
00000013
00000013
00000013
00000013
00000013
00000013
00000013
00000013
00000013
00000013
00000013
00000013
00000013
00000013
00000013
00000013
00000013
00000013
00000013
00000013
00000013
00000013
00000013
00000013
00000013
00000013
00000013
00000013
00000013
00000013
00000013
00000013
00000013
00000013
00000013
00000013
00000013
00000013
00000013
00000013
00000013
00000013
00000013
00000013
00000013
00000013
00000013
00000013
00000013
00000013
00000013
00000013
00000013
00000013
00000013
00000013
00000013
00000013
00000013
00000013
00000013
00000013
00000013
00000013
00000013
00000013
00000013
00000013
00000013
00000013
00000013
00000013
00000013
00000013
00000013
00000013
00000013
00000013
00000013
00000013
00000013
00000013
00000013
00000013
00000013
00000013
00000013
00000013
00000013
00000013
00000013
00000013
00000013
00000013
00000013
00000013
00000013
00000013
00000013
00000013
00000013
00000013
00000013
00000013
00000013
00000013
00000013
00000013
00000013
00000013
00000013
00000013
00000013
00000013
00000013
00000013
00000013
00000013
00000013
00000013
00000013
00000013
00000013
00000013
00000013
00000013
00000013
00000013
00000013
00000013
00000013
00000013
00000013
00000013
00000013
00000013
00000013
00000013
00000013
00000013
00000013
00000013
00000013
00000013
00000013
00000013
00000013
00000013
00000013
00000013
00000013
00000013
00000013
00000013
00000013
00000013
00000013
00000013
00000013
00000013
00000013
00000013
00000013
00000013
00000013
00000013
00000013
00000013
00000013
00000013
00000013
00000013
00000013
00000013
00000013
00000013
00000013
00000013
00000013
00000013
00000013
00000013
00000013
00000013
00000013
00000013
00000013
00000013
00000013
00000013
00000013
00000013
00000013
00000013
00000013
00000013
00000013
00000013
00000013
00000013
00000013
00000013
00000013
00000013
00000013
00000013
00000013
00000013
00000013
00000013
00000013
00000013
00000013
00000013
00000013
00000013
00000013
00000013
00000013
00000013
00000013
00000013
00000013
00000013
00000013
00000013
00000013
00000013
00000013
00000013
00000013
00000013
00000013
00000013
00000013
00000013
00000013
00000013
00000013
00000013
00000013
00000013
00000013
00000013
00000013
00000013
00000013
00000013
00000013
00000013
00000013
00000013
00000013
00000013
00000013
00000013
00000013
00000013
00000013
00000013
00000013
00000013
00000013
00000013
00000013
00000013
00000013
00000013
00000013
00000013
00000013
00000013
00000013
00000013
00000013
00000013
00000013
00000013
00000013
00000013
00000013
00000013
00000013
00000013
00000013
00000013
00000013
00000013
00000013
00000013
00000013
00000013
00000013
00000013
00000013
00000013
00000013
00000013
00000013
00000013
00000013
00000013
00000013
00000013
00000013
00000013
00000013
00000013
00000013
00000013
00000013
00000013
00000013
00000013
00000013
00000013
00000013
00000013
00000013
00000013
00000013
00000013
00000013
00000013
00000013
00000013
00000013
00000013
00000013
00000013
00000013
00000013
00000013
00000013
00000013
00000013
00000013
00000013
00000013
00000013
00000013
00000013
00000013
00000013
00000013
00000013
00000013
00000013
00000013
00000013
00000013
00000013
00000013
00000013
00000013
00000013
00000013
00000013
00000013
00000013
00000013
00000013
00000013
00000013
00000013
00000013
00000013
00000013
00000013
00000013
00000013
00000013
00000013
00000013
00000013
00000013
00000013
00000013
00000013
00000013
00000013
00000013
00000013
00000013
00000013
00000013
00000013
00000013
00000013
00000013
00000013
00000013
00000013
00000013
00000013
00000013
00000013
00000013
00000013
00000013
00000013
00000013
00000013
00000013
00000013
00000013
00000013
00000013
00000013
00000013
00000013
00000013
00000013
00000013
00000013
00000013
00000013
00000013
00000013
00000013
00000013
00000013
00000013
00000013
00000013
00000013
00000013
00000013
00000013
00000013
00000013
00000013
00000013
00000013
00000013
00000013
00000013
00000013
00000013
00000013
00000013
00000013
00000013
00000013
00000013
00000013
00000013
00000013
00000013
00000013
00000013
00000013
00000013
00000013
00000013
00000013
00000013
00000013
00000013
00000013
00000013
00000013
00000013
00000013
00000013
00000013
00000013
00000013
00000013
00000013
00000013
00000013
00000013
00000013
00000013
00000013
00000013
00000013
00000013
00000013
00000013
00000013
00000013
00000013
00000013
00000013
00000013
00000013
00000013
00000013
00000013
00000013
00000013
00000013
00000013
00000013
00000013
00000013
00000013
00000013
00000013
00000013
00000013
00000013
00000013
00000013
00000013
00000013
00000013
00000013
00000013
00000013
00000013
00000013
00000013
00000013
00000013
00000013
00000013
00000013
00000013
00000013
00000013
00000013
00000013
00000013
00000013
00000013
00000013
00000013
00000013
00000013
00000013
00000013
00000013
00000013
00000013
00000013
00000013
00000013
00000013
00000013
00000013
00000013
00000013
00000013
00000013
00000013
00000013
00000013
00000013
00000013
00000013
00000013
00000013
00000013
00000013
00000013
00000013
00000013
00000013
00000013
00000013
00000013
00000013
00000013
00000013
00000013
00000013
00000013
00000013
00000013
00000013
00000013
00000013
00000013
00000013
00000013
00000013
00000013
00000013
00000013
00000013
00000013
00000013
00000013
00000013
00000013
00000013
00000013
00000013
00000013
00000013
00000013
00000013
00000013
00000013
00000013
00000013
00000013
00000013
00000013
00000013
00000013
00000013
00000013
00000013
00000013
00000013
00000013
00000013
00000013
00000013
00000013
00000013
00000013
00000013
00000013
00000013
00000013
00000013
00000013
00000013
00000013
00000013
00000013
00000013
00000013
00000013
00000013
00000013
00000013
00000013
00000013
00000013
00000013
00000013
00000013
00000013
00000013
00000013
00000013
00000013
00000013
00000013
00000013
00000013
00000013
00000013
00000013
00000013
00000013
00000013
00000013
00000013
00000013
00000013
00000013
00000013
00000013
00000013
00000013
00000013
00000013
00000013
00000013
00000013
00000013
00000013
00000013
00000013
00000013
00000013
00000013
00000013
00000013
00000013
00000013
00000013
00000013
00000013
00000013
00000013
00000013
00000013
00000013
00000013
00000013
00000013
00000013
00000013
00000013
00000013
00000013
00000013
00000013
00000013
00000013
00000013
00000013
00000013
00000013
00000013
00000013
00000013
00000013
00000013
00000013
00000013
00000013
00000013
00000013
00000013
00000013
00000013
00000013
00000013
00000013
00000013
00000013
00000013
00000013
00000013
00000013
00000013
00000013
00000013
00000013
00000013
00000013
00000013
00000013
00000013
00000013
00000013
00000013
00000013
00000013
00000013
00000013
00000013
00000013
00000013
00000013
00000013
00000013
00000013
00000013
00000013
00000013
00000013
00000013
00000013
00000013
00000013
00000013
00000013
00000013
00000013
00000013
00000013
00000013
00000013
00000013
00000013
00000013
00000013
00000013
00000013
00000013
00000013
00000013
00000013
00000013
00000013
00000013
00000013
00000013
00000013
00000013
00000013
00000013
00000013
00000013
00000013
00000013
00000013
00000013
00000013
00000013
00000013
00000013
00000013
00000013
00000013
00000013
00000013
00000013
00000013
00000013
00000013
00000013
00000013
00000013
00000013
00000013
00000013
00000013
00000013
00000013
00000013
00000013
00000013
00000013
00000013
00000013
00000013
00000013
00000013
00000013
00000013
00000013
00000013
00000013
00000013
00000013
00000013
00000013
00000013
00000013
00000013
00000013
00000013
00000013
00000013
00000013
00000013
00000013
00000013
00000013
00000013
00000013
00000013
00000013
00000013
00000013
00000013
00000013
00000013
00000013
00000013
00000013
00000013
00000013
00000013
00000013
00000013
00000013
00000013
00000013
00000013
00000013
00000013
00000013
00000013
00000013
00000013
00000013
00000013
00000013
00000013
00000013
00000013
00000013
00000013
00000013
00000013
00000013
00000013
00000013
00000013
00000013
00000013
00000013
00000013
00000013
00000013
00000013
00000013
00000013
00000013
00000013
00000013
00000013
00000013
00000013
00000013
00000013
00000013
00000013
00000013
00000013
00000013
00000013
00000013
00000013
00000013
00000013
00000013
00000013
00000013
00000013
00000013
00000013
00000013
00000013
00000013
00000013
00000013
00000013
00000013
00000013
00000013
00000013
00000013
00000013
00000013
00000013
00000013
00000013
00000013
00000013
00000013
00000013
00000013
00000013
00000013
00000013
00000013
00000013
00000013
00000013
00000013
00000013
00000013
00000013
00000013
00000013
00000013
00000013
00000013
00000013
00000013
00000013
00000013
00000013
00000013
00000013
00000013
00000013
00000013
00000013
00000013
00000013
00000013
00000013
00000013
00000013
00000013
00000013
00000013
00000013
00000013
00000013
00000013
00000013
00000013
00000013
00000013
00000013
00000013
00000013
00000013
00000013
00000013
00000013
00000013
00000013
00000013
00000013
00000013
00000013
00000013
00000013
00000013
00000013
00000013
00000013
00000013
00000013
00000013
00000013
00000013
00000013
00000013
00000013
00000013
00000013
00000013
00000013
00000013
00000013
00000013
00000013
00000013
00000013
00000013
00000013
00000013
00000013
00000013
00000013
00000013
00000013
00000013
00000013
00000013
00000013
00000013
00000013
00000013
00000013
00000013
00000013
00000013
00000013
00000013
00000013
00000013
00000013
00000013
00000013
00000013
00000013
00000013
00000013
00000013
00000013
00000013
00000013
00000013
00000013
00000013
00000013
00000013
00000013
00000013
00000013
00000013
00000013
00000013
00000013
00000013
00000013
00000013
00000013
00000013
00000013
00000013
00000013
00000013
00000013
00000013
00000013
00000013
00000013
00000013
00000013
00000013
00000013
00000013
00000013
00000013
00000013
00000013
00000013
00000013
00000013
00000013
00000013
00000013
00000013
00000013
00000013
00000013
00000013
00000013
00000013
00000013
00000013
00000013
00000013
00000013
00000013
00000013
00000013
00000013
00000013
00000013
00000013
00000013
00000013
00000013
00000013
00000013
00000013
00000013
00000013
00000013
00000013
00000013
00000013
00000013
00000013
00000013
00000013
00000013
00000013
00000013
00000013
00000013
00000013
00000013
00000013
00000013
00000013
00000013
00000013
00000013
00000013
00000013
00000013
00000013
00000013
00000013
00000013
00000013
00000013
00000013
00000013
00000013
00000013
00000013
00000013
00000013
00000013
00000013
00000013
00000013
00000013
00000013
00000013
00000013
00000013
00000013
00000013
00000013
00000013
00000013
00000013
00000013
00000013
00000013
00000013
00000013
00000013
00000013
00000013
00000013
00000013
00000013
00000013
00000013
00000013
00000013
00000013
00000013
00000013
00000013
00000013
00000013
00000013
00000013
00000013
00000013
00000013
00000013
00000013
00000013
00000013
00000013
00000013
00000013
00000013
00000013
00000013
00000013
00000013
00000013
00000013
00000013
00000013
00000013
00000013
00000013
00000013
00000013
00000013
00000013
00000013
00000013
00000013
00000013
00000013
00000013
00000013
00000013
00000013
00000013
00000013
00000013
00000013
00000013
00000013
00000013
00000013
00000013
00000013
00000013
00000013
00000013
00000013
00000013
00000013
00000013
00000013
00000013
00000013
00000013
00000013
00000013
00000013
00000013
00000013
00000013
00000013
00000013
00000013
00000013
00000013
00000013
00000013
00000013
00000013
00000013
00000013
00000013
00000013
00000013
00000013
00000013
00000013
00000013
00000013
00000013
00000013
00000013
00000013
00000013
00000013
00000013
00000013
00000013
00000013
00000013
00000013
00000013
00000013
00000013
00000013
00000013
00000013
00000013
00000013
00000013
00000013
00000013
00000013
00000013
00000013
00000013
00000013
00000013
00000013
00000013
00000013
00000013
00000013
00000013
00000013
00000013
00000013
00000013
00000013
00000013
00000013
00000013
00000013
00000013
00000013
00000013
00000013
00000013
00000013
00000013
00000013
00000013
00000013
00000013
00000013
00000013
00000013
00000013
00000013
00000013
00000013
00000013
00000013
00000013
00000013
00000013
00000013
00000013
00000013
00000013
00000013
00000013
00000013
00000013
00000013
00000013
00000013
00000013
00000013
00000013
00000013
00000013
00000013
00000013
00000013
00000013
00000013
00000013
00000013
00000013
00000013
00000013
00000013
00000013
00000013
00000013
00000013
00000013
00000013
00000013
00000013
00000013
00000013
00000013
00000013
00000013
00000013
00000013
00000013
00000013
00000013
00000013
00000013
00000013
00000013
00000013
00000013
00000013
00000013
00000013
00000013
00000013
00000013
00000013
00000013
00000013
00000013
00000013
00000013
00000013
00000013
00000013
00000013
00000013
00000013
00000013
00000013
00000013
00000013
00000013
00000013
00000013
00000013
00000013
00000013
00000013
00000013
00000013
00000013
00000013
00000013
00000013
00000013
00000013
00000013
00000013
00000013
00000013
00000013
00000013
00000013
00000013
00000013
00000013
00000013
00000013
00000013
00000013
00000013
00000013
00000013
00000013
00000013
00000013
00000013
00000013
00000013
00000013
00000013
00000013
00000013
00000013
00000013
00000013
00000013
00000013
00000013
00000013
00000013
00000013
00000013
00000013
00000013
00000013
00000013
00000013
00000013
00000013
00000013
00000013
00000013
00000013
00000013
00000013
00000013
00000013
00000013
00000013
00000013
00000013
00000013
00000013
00000013
00000013
00000013
00000013
00000013
00000013
00000013
00000013
00000013
00000013
00000013
00000013
00000013
00000013
00000013
00000013
00000013
00000013
00000013
00000013
00000013
00000013
00000013
00000013
00000013
00000013
00000013
00000013
00000013
00000013
00000013
00000013
00000013
00000013
00000013
00000013
00000013
00000013
00000013
00000013
00000013
00000013
00000013
00000013
00000013
00000013
00000013
00000013
00000013
00000013
00000013
00000013
00000013
00000013
00000013
00000013
00000013
00000013
00000013
00000013
00000013
00000013
00000013
00000013
00000013
00000013
00000013
00000013
00000013
00000013
00000013
00000013
00000013
00000013
00000013
00000013
00000013
00000013
00000013
00000013
00000013
00000013
00000013
00000013
00000013
00000013
00000013
00000013
00000013
00000013
00000013
00000013
00000013
00000013
00000013
00000013
00000013
00000013
00000013
00000013
00000013
00000013
00000013
00000013
00000013
00000013
00000013
00000013
00000013
00000013
00000013
00000013
00000013
00000013
00000013
00000013
00000013
00000013
00000013
00000013
00000013
00000013
00000013
00000013
00000013
00000013
00000013
00000013
00000013
00000013
00000013
00000013
00000013
00000013
00000013
00000013
00000013
00000013
00000013
00000013
00000013
00000013
00000013
00000013
00000013
00000013
00000013
00000013
00000013
00000013
00000013
00000013
00000013
00000013
00000013
00000013
00000013
00000013
00000013
00000013
00000013
00000013
00000013
00000013
00000013
00000013
00000013
00000013
00000013
00000013
00000013
00000013
00000013
00000013
00000013
00000013
00000013
00000013
00000013
00000013
00000013
00000013
00000013
00000013
00000013
00000013
00000013
00000013
00000013
00000013
00000013
00000013
00000013
00000013
00000013
00000013
00000013
00000013
00000013
00000013
00000013
00000013
00000013
00000013
00000013
00000013
00000013
00000013
00000013
00000013
00000013
00000013
00000013
00000013
00000013
00000013
00000013
00000013
00000013
00000013
00000013
00000013
00000013
00000013
00000013
00000013
00000013
00000013
00000013
00000013
00000013
00000013
00000013
00000013
00000013
00000013
00000013
00000013
00000013
00000013
00000013
00000013
00000013
00000013
00000013
00000013
00000013
00000013
00000013
00000013
00000013
00000013
00000013
00000013
00000013
00000013
00000013
00000013
00000013
00000013
00000013
00000013
00000013
00000013
00000013
00000013
00000013
00000013
00000013
00000013
00000013
00000013
00000013
00000013
00000013
00000013
00000013
00000013
00000013
00000013
00000013
00000013
00000013
00000013
00000013
00000013
00000013
00000013
00000013
00000013
00000013
00000013
00000013
00000013
00000013
00000013
00000013
00000013
00000013
00000013
00000013
00000013
00000013
00000013
00000013
00000013
00000013
00000013
00000013
00000013
00000013
00000013
00000013
00000013
00000013
00000013
00000013
00000013
00000013
00000013
00000013
00000013
00000013
00000013
00000013
00000013
00000013
00000013
00000013
00000013
00000013
00000013
00000013
00000013
00000013
00000013
00000013
00000013
00000013
00000013
00000013
00000013
00000013
00000013
00000013
00000013
00000013
00000013
00000013
00000013
00000013
00000013
00000013
00000013
00000013
00000013
00000013
00000013
00000013
00000013
00000013
00000013
00000013
00000013
00000013
00000013
00000013
00000013
00000013
00000013
00000013
00000013
00000013
00000013
00000013
00000013
00000013
00000013
00000013
00000013
00000013
00000013
00000013
00000013
00000013
00000013
00000013
00000013
00000013
00000013
00000013
00000013
00000013
00000013
00000013
00000013
00000013
00000013
00000013
00000013
00000013
00000013
00000013
00000013
00000013
00000013
00000013
00000013
00000013
00000013
00000013
00000013
00000013
00000013
00000013
00000013
00000013
00000013
00000013
00000013
00000013
00000013
00000013
00000013
00000013
00000013
00000013
00000013
00000013
00000013
00000013
00000013
00000013
00000013
00000013
00000013
00000013
00000013
00000013
00000013
00000013
00000013
00000013
00000013
00000013
00000013
00000013
00000013
00000013
00000013
00000013
00000013
00000013
00000013
00000013
00000013
00000013
00000013
00000013
00000013
00000013
00000013
00000013
00000013
00000013
00000013
00000013
00000013
00000013
00000013
00000013
00000013
00000013
00000013
00000013
00000013
00000013
00000013
00000013
00000013
00000013
00000013
00000013
00000013
00000013
00000013
00000013
00000013
00000013
00000013
00000013
00000013
00000013
00000013
00000013
00000013
00000013
00000013
00000013
00000013
00000013
00000013
00000013
00000013
00000013
00000013
00000013
00000013
00000013
00000013
00000013
00000013
00000013
00000013
00000013
00000013
00000013
00000013
00000013
00000013
00000013
00000013
00000013
00000013
00000013
00000013
00000013
00000013
00000013
00000013
00000013
00000013
00000013
00000013
00000013
00000013
00000013
00000013
00000013
00000013
00000013
00000013
00000013
00000013
00000013
00000013
00000013
00000013
00000013
00000013
00000013
00000013
00000013
00000013
00000013
00000013
00000013
00000013
00000013
00000013
00000013
00000013
00000013
00000013
00000013
00000013
00000013
00000013
00000013
00000013
00000013
00000013
00000013
00000013
00000013
00000013
00000013
00000013
00000013
00000013
00000013
00000013
00000013
00000013
00000013
00000013
00000013
00000013
00000013
00000013
00000013
00000013
00000013
00000013
00000013
00000013
00000013
00000013
00000013
00000013
00000013
00000013
00000013
00000013
00000013
00000013
00000013
00000013
00000013
00000013
00000013
00000013
00000013
00000013
00000013
00000013
00000013
00000013
00000013
00000013
00000013
00000013
00000013
00000013
00000013
00000013
00000013
00000013
00000013
00000013
00000013
00000013
00000013
00000013
00000013
00000013
00000013
00000013
00000013
00000013
00000013
00000013
00000013
00000013
00000013
00000013
00000013
00000013
00000013
00000013
00000013
00000013
00000013
00000013
00000013
00000013
00000013
00000013
00000013
00000013
00000013
00000013
00000013
00000013
00000013
00000013
00000013
00000013
00000013
00000013
00000013
00000013
00000013
00000013
00000013
00000013
00000013
00000013
00000013
00000013
00000013
00000013
00000013
00000013
00000013
00000013
00000013
00000013
00000013
00000013
00000013
00000013
00000013
00000013
00000013
00000013
00000013
00000013
00000013
00000013
00000013
00000013
00000013
00000013
00000013
00000013
00000013
00000013
00000013
00000013
00000013
00000013
00000013
00000013
00000013
00000013
00000013
00000013
00000013
00000013
00000013
00000013
00000013
00000013
00000013
00000013
00000013
00000013
00000013
00000013
00000013
00000013
00000013
00000013
00000013
00000013
00000013
00000013
00000013
00000013
00000013
00000013
00000013
00000013
00000013
00000013
00000013
00000013
00000013
00000013
00000013
00000013
00000013
00000013
00000013
00000013
00000013
00000013
00000013
00000013
00000013
00000013
00000013
00000013
00000013
00000013
00000013
00000013
00000013
00000013
00000013
00000013
00000013
00000013
00000013
00000013
00000013
00000013
00000013
00000013
00000013
00000013
00000013
00000013
00000013
00000013
00000013
00000013
00000013
00000013
00000013
00000013
00000013
00000013
00000013
00000013
00000013
00000013
00000013
00000013
00000013
00000013
00000013
00000013
00000013
00000013
00000013
00000013
00000013
00000013
00000013
00000013
00000013
00000013
00000013
00000013
00000013
00000013
00000013
00000013
00000013
00000013
00000013
00000013
00000013
00000013
00000013
00000013
00000013
00000013
00000013
00000013
00000013
00000013
00000013
00000013
00000013
00000013
00000013
00000013
00000013
00000013
00000013
00000013
00000013
00000013
00000013
00000013
00000013
00000013
00000013
00000013
00000013
00000013
00000013
00000013
00000013
00000013
00000013
00000013
00000013
00000013
00000013
00000013
00000013
00000013
00000013
00000013
00000013
00000013
00000013
00000013
00000013
00000013
00000013
00000013
00000013
00000013
00000013
00000013
00000013
00000013
00000013
00000013
00000013
00000013
00000013
00000013
00000013
00000013
00000013
00000013
00000013
00000013
00000013
00000013
00000013
00000013
00000013
00000013
00000013
00000013
00000013
00000013
00000013
00000013
00000013
00000013
00000013
00000013
00000013
00000013
00000013
00000013
00000013
00000013
00000013
00000013
00000013
00000013
00000013
00000013
00000013
00000013
00000013
00000013
00000013
00000013
00000013
00000013
00000013
00000013
00000013
00000013
00000013
00000013
00000013
00000013
00000013
00000013
00000013
00000013
00000013
00000013
00000013
00000013
00000013
00000013
00000013
00000013
00000013
00000013
00000013
00000013
00000013
00000013
00000013
00000013
00000013
00000013
00000013
00000013
00000013
00000013
00000013
00000013
00000013
00000013
00000013
00000013
00000013
00000013
00000013
00000013
00000013
00000013
00000013
00000013
00000013
00000013
00000013
00000013
00000013
00000013
00000013
00000013
00000013
00000013
00000013
00000013
00000013
00000013
00000013
00000013
00000013
00000013
00000013
00000013
00000013
00000013
00000013
00000013
00000013
00000013
00000013
00000013
00000013
00000013
00000013
00000013
00000013
00000013
00000013
00000013
00000013
00000013
00000013
00000013
00000013
00000013
00000013
00000013
00000013
00000013
00000013
00000013
00000013
00000013
00000013
00000013
00000013
00000013
00000013
00000013
00000013
00000013
00000013
00000013
00000013
00000013
00000013
00000013
00000013
00000013
00000013
00000013
00000013
00000013
00000013
00000013
00000013
00000013
00000013
00000013
00000013
00000013
00000013
00000013
00000013
00000013
00000013
00000013
00000013
00000013
00000013
00000013
00000013
00000013
00000013
00000013
00000013
00000013
00000013
00000013
00000013
00000013
00000013
00000013
00000013
00000013
00000013
00000013
00000013
00000013
00000013
00000013
00000013
00000013
00000013
00000013
00000013
00000013
00000013
00000013
00000013
00000013
00000013
00000013
00000013
00000013
00000013
00000013
00000013
00000013
00000013
00000013
00000013
00000013
00000013
00000013
00000013
00000013
00000013
00000013
00000013
00000013
00000013
00000013
00000013
00000013
00000013
00000013
00000013
00000013
00000013
00000013
00000013
00000013
00000013
00000013
00000013
00000013
00000013
00000013
00000013
00000013
00000013
00000013
00000013
00000013
00000013
00000013
00000013
00000013
00000013
00000013
00000013
00000013
00000013
00000013
00000013
00000013
00000013
00000013
00000013
00000013
00000013
00000013
00000013
00000013
00000013
00000013
00000013
00000013
00000013
00000013
00000013
00000013
00000013
00000013
00000013
00000013
00000013
00000013
00000013
00000013
00000013
00000013
00000013
00000013
00000013
00000013
00000013
00000013
00000013
00000013
00000013
00000013
00000013
00000013
00000013
00000013
00000013
00000013
00000013
00000013
00000013
00000013
00000013
00000013
00000013
00000013
00000013
00000013
00000013
00000013
00000013
00000013
00000013
00000013
00000013
00000013
00000013
00000013
00000013
00000013
00000013
00000013
00000013
00000013
00000013
00000013
00000013
00000013
00000013
00000013
00000013
00000013
00000013
00000013
00000013
00000013
00000013
00000013
00000013
00000013
00000013
00000013
00000013
00000013
00000013
00000013
00000013
00000013
00000013
00000013
00000013
00000013
00000013
00000013
00000013
00000013
00000013
00000013
00000013
00000013
00000013
00000013
00000013
00000013
00000013
00000013
00000013
00000013
00000013
00000013
00000013
00000013
00000013
00000013
00000013
00000013
00000013
00000013
00000013
00000013
00000013
00000013
00000013
00000013
00000013
00000013
00000013
00000013
00000013
00000013
00000013
00000013
00000013
00000013
00000013
00000013
00000013
00000013
00000013
00000013
00000013
00000013
00000013
00000013
00000013
00000013
00000013
00000013
00000013
00000013
00000013
00000013
00000013
00000013
00000013
00000013
00000013
00000013
00000013
00000013
00000013
00000013
00000013
00000013
00000013
00000013
00000013
00000013
00000013
00000013
00000013
00000013
00000013
00000013
00000013
00000013
00000013
00000013
00000013
00000013
00000013
00000013
00000013
00000013
00000013
00000013
00000013
00000013
00000013
00000013
00000013
00000013
00000013
00000013
00000013
00000013
00000013
00000013
00000013
00000013
00000013
00000013
00000013
00000013
00000013
00000013
00000013
00000013
00000013
00000013
00000013
00000013
00000013
00000013
00000013
00000013
00000013
00000013
00000013
00000013
00000013
00000013
00000013
00000013
00000013
00000013
00000013
00000013
00000013
00000013
00000013
00000013
00000013
00000013
00000013
00000013
00000013
00000013
00000013
00000013
00000013
00000013
00000013
00000013
00000013
00000013
00000013
00000013
00000013
00000013
00000013
00000013
00000013
00000013
00000013
00000013
00000013
00000013
00000013
00000013
00000013
00000013
00000013
00000013
00000013
00000013
00000013
00000013
00000013
00000013
00000013
00000013
00000013
00000013
00000013
00000013
00000013
00000013
00000013
00000013
00000013
00000013
00000013
00000013
00000013
00000013
00000013
00000013
00000013
00000013
00000013
00000013
00000013
00000013
00000013
00000013
00000013
00000013
00000013
00000013
00000013
00000013
00000013
00000013
00000013
00000013
00000013
00000013
00000013
00000013
00000013
00000013
00000013
00000013
00000013
00000013
00000013
00000013
00000013
00000013
00000013
00000013
00000013
00000013
00000013
00000013
00000013
00000013
00000013
00000013
00000013
00000013
00000013
00000013
00000013
00000013
00000013
00000013
00000013
00000013
00000013
00000013
00000013
00000013
00000013
00000013
00000013
00000013
00000013
00000013
00000013
00000013
00000013
00000013
00000013
00000013
00000013
00000013
00000013
00000013
00000013
00000013
00000013
00000013
00000013
00000013
00000013
00000013
00000013
00000013
00000013
00000013
00000013
00000013
00000013
00000013
00000013
00000013
00000013
00000013
00000013
00000013
00000013
00000013
00000013
00000013
00000013
00000013
00000013
00000013
00000013
00000013
00000013
00000013
00000013
00000013
00000013
00000013
00000013
00000013
00000013
00000013
00000013
00000013
00000013
00000013
00000013
00000013
00000013
00000013
00000013
00000013
00000013
00000013
00000013
00000013
00000013
00000013
00000013
00000013
00000013
00000013
00000013
00000013
00000013
00000013
00000013
00000013
00000013
00000013
00000013
00000013
00000013
00000013
00000013
00000013
00000013
00000013
00000013
00000013
00000013
00000013
00000013
00000013
00000013
00000013
00000013
00000013
00000013
00000013
00000013
00000013
00000013
00000013
00000013
00000013
00000013
00000013
00000013
00000013
00000013
00000013
00000013
00000013
00000013
00000013
00000013
00000013
00000013
00000013
00000013
00000013
00000013
00000013
00000013
00000013
00000013
00000013
00000013
00000013
00000013
00000013
00000013
00000013
00000013
00000013
00000013
00000013
00000013
00000013
00000013
00000013
00000013
00000013
00000013
00000013
00000013
00000013
00000013
00000013
00000013
00000013
00000013
00000013
00000013
00000013
00000013
00000013
00000013
00000013
00000013
00000013
00000013
00000013
00000013
00000013
00000013
00000013
00000013
00000013
00000013
00000013
00000013
00000013
00000013
00000013
00000013
00000013
00000013
00000013
00000013
00000013
00000013
00000013
00000013
00000013
00000013
00000013
00000013
00000013
00000013
00000013
00000013
00000013
00000013
00000013
00000013
00000013
00000013
00000013
00000013
00000013
00000013
00000013
00000013
00000013
00000013
00000013
00000013
00000013
00000013
00000013
00000013
00000013
00000013
00000013
00000013
00000013
00000013
00000013
00000013
00000013
00000013
00000013
00000013
00000013
00000013
00000013
00000013
00000013
00000013
00000013
00000013
00000013
00000013
00000013
00000013
00000013
00000013
00000013
00000013
00000013
00000013
00000013
00000013
00000013
00000013
00000013
00000013
00000013
00000013
00000013
00000013
00000013
00000013
00000013
00000013
00000013
00000013
00000013
00000013
00000013
00000013
00000013
00000013
00000013
00000013
00000013
00000013
00000013
00000013
00000013
00000013
00000013
00000013
00000013
00000013
00000013
00000013
00000013
00000013
00000013
00000013
00000013
00000013
00000013
00000013
00000013
00000013
00000013
00000013
00000013
00000013
00000013
00000013
00000013
00000013
00000013
00000013
00000013
00000013
00000013
00000013
00000013
00000013
00000013
00000013
00000013
00000013
00000013
00000013
00000013
00000013
00000013
00000013
00000013
00000013
00000013
00000013
00000013
00000013
00000013
00000013
00000013
00000013
00000013
00000013
00000013
00000013
00000013
00000013
00000013
00000013
00000013
00000013
00000013
00000013
00000013
00000013
00000013
00000013
00000013
00000013
00000013
00000013
00000013
00000013
00000013
00000013
00000013
00000013
00000013
00000013
00000013
00000013
00000013
00000013
00000013
00000013
00000013
00000013
00000013
00000013
00000013
00000013
00000013
00000013
00000013
00000013
00000013
00000013
00000013
00000013
00000013
00000013
00000013
00000013
00000013
00000013
00000013
00000013
00000013
00000013
00000013
00000013
00000013
00000013
00000013
00000013
00000013
00000013
00000013
00000013
00000013
00000013
00000013
00000013
00000013
00000013
00000013
00000013
00000013
00000013
00000013
00000013
00000013
00000013
00000013
00000013
00000013
00000013
00000013
00000013
00000013
00000013
00000013
00000013
00000013
00000013
00000013
00000013
00000013
00000013
00000013
00000013
00000013
00000013
00000013
00000013
00000013
00000013
00000013
00000013
00000013
00000013
00000013
00000013
00000013
00000013
00000013
00000013
00000013
00000013
00000013
00000013
00000013
00000013
00000013
00000013
00000013
00000013
00000013
00000013
00000013
00000013
00000013
00000013
00000013
00000013
00000013
00000013
00000013
00000013
00000013
00000013
00000013
00000013
00000013
00000013
00000013
00000013
00000013
00000013
00000013
00000013
00000013
00000013
00000013
00000013
00000013
00000013
00000013
00000013
00000013
00000013
00000013
00000013
00000013
00000013
00000013
00000013
00000013
00000013
00000013
00000013
00000013
00000013
00000013
00000013
00000013
00000013
00000013
00000013
00000013
00000013
00000013
00000013
00000013
00000013
00000013
00000013
00000013
00000013
00000013
00000013
00000013
00000013
00000013
00000013
00000013
00000013
00000013
00000013
00000013
00000013
00000013
00000013
00000013
00000013
00000013
00000013
00000013
00000013
00000013
00000013
00000013
00000013
00000013
00000013
00000013
00000013
00000013
00000013
00000013
00000013
00000013
00000013
00000013
00000013
00000013
00000013
00000013
00000013
00000013
00000013
00000013
00000013
00000013
00000013
00000013
00000013
00000013
00000013
00000013
00000013
00000013
00000013
00000013
00000013
00000013
00000013
00000013
00000013
00000013
00000013
00000013
00000013
00000013
00000013
00000013
00000013
00000013
00000013
00000013
00000013
00000013
00000013
00000013
00000013
00000013
00000013
00000013
00000013
00000013
00000013
00000013
00000013
00000013
00000013
00000013
00000013
00000013
00000013
00000013
00000013
00000013
00000013
00000013
00000013
00000013
00000013
00000013
00000013
00000013
00000013
00000013
00000013
00000013
00000013
00000013
00000013
00000013
00000013
00000013
00000013
00000013
00000013
00000013
00000013
00000013
00000013
00000013
00000013
00000013
00000013
00000013
00000013
00000013
00000013
00000013
00000013
00000013
00000013
00000013
00000013
00000013
00000013
00000013
00000013
00000013
00000013
00000013
00000013
00000013
00000013
00000013
00000013
00000013
00000013
00000013
00000013
00000013
00000013
00000013
00000013
00000013
00000013
00000013
00000013
00000013
00000013
00000013
00000013
00000013
00000013
00000013
00000013
00000013
00000013
00000013
00000013
00000013
00000013
00000013
00000013
00000013
00000013
00000013
00000013
00000013
00000013
00000013
00000013
00000013
00000013
00000013
00000013
00000013
00000013
00000013
00000013
00000013
00000013
00000013
00000013
00000013
00000013
00000013
00000013
00000013
00000013
00000013
00000013
00000013
00000013
00000013
00000013
00000013
00000013
00000013
00000013
00000013
00000013
00000013
00000013
00000013
00000013
00000013
00000013
00000013
00000013
00000013
00000013
00000013
00000013
00000013
00000013
00000013
00000013
00000013
00000013
00000013
00000013
00000013
00000013
00000013
00000013
00000013
00000013
00000013
00000013
00000013
00000013
00000013
00000013
00000013
00000013
00000013
00000013
00000013
00000013
00000013
00000013
00000013
00000013
00000013
00000013
00000013
00000013
00000013
00000013
00000013
00000013
00000013
00000013
00000013
00000013
00000013
00000013
00000013
00000013
00000013
00000013
00000013
00000013
00000013
00000013
00000013
00000013
00000013
00000013
00000013
00000013
00000013
00000013
00000013
00000013
00000013
00000013
00000013
00000013
00000013
00000013
00000013
00000013
00000013
00000013
00000013
00000013
00000013
00000013
00000013
00000013
00000013
00000013
00000013
00000013
00000013
00000013
00000013
00000013
00000013
00000013
00000013
00000013
00000013
00000013
00000013
00000013
00000013
00000013
00000013
00000013
00000013
00000013
00000013
00000013
00000013
00000013
00000013
00000013
00000013
00000013
00000013
00000013
00000013
00000013
00000013
00000013
00000013
00000013
00000013
00000013
00000013
00000013
00000013
00000013
00000013
00000013
00000013
00000013
00000013
00000013
00000013
00000013
00000013
00000013
00000013
00000013
00000013
00000013
00000013
00000013
00000013
00000013
00000013
00000013
00000013
00000013
00000013
00000013
00000013
00000013
00000013
00000013
00000013
00000013
00000013
00000013
00000013
00000013
00000013
00000013
00000013
00000013
00000013
00000013
00000013
00000013
00000013
00000013
00000013
00000013
00000013
00000013
00000013
00000013
00000013
00000013
00000013
00000013
00000013
00000013
00000013
00000013
00000013
00000013
00000013
00000013
00000013
00000013
00000013
00000013
00000013
00000013
00000013
00000013
00000013
00000013
00000013
00000013
00000013
00000013
00000013
00000013
00000013
00000013
00000013
00000013
00000013
00000013
00000013
00000013
00000013
00000013
00000013
00000013
00000013
00000013
00000013
00000013
00000013
00000013
00000013
00000013
00000013
00000013
00000013
00000013
00000013
00000013
00000013
00000013
00000013
00000013
00000013
00000013
00000013
00000013
00000013
00000013
00000013
00000013
00000013
00000013
00000013
00000013
00000013
00000013
00000013
00000013
00000013
00000013
00000013
00000013
00000013
00000013
00000013
00000013
00000013
00000013
00000013
00000013
00000013
00000013
00000013
00000013
00000013
00000013
00000013
00000013
00000013
00000013
00000013
00000013
00000013
00000013
00000013
00000013
00000013
00000013
00000013
00000013
00000013
00000013
00000013
00000013
00000013
00000013
00000013
00000013
00000013
00000013
00000013
00000013
00000013
00000013
00000013
00000013
00000013
00000013
00000013
00000013
00000013
00000013
00000013
00000013
00000013
00000013
00000013
00000013
00000013
00000013
00000013
00000013
00000013
00000013
00000013
00000013
00000013
00000013
00000013
00000013
00000013
00000013
00000013
00000013
00000013
00000013
00000013
00000013
00000013
00000013
00000013
00000013
00000013
00000013
00000013
00000013
00000013
00000013
00000013
00000013
00000013
00000013
00000013
00000013
00000013
00000013
00000013
00000013
00000013
00000013
00000013
00000013
00000013
00000013
00000013
00000013
00000013
00000013
00000013
00000013
00000013
00000013
00000013
00000013
00000013
00000013
00000013
00000013
00000013
00000013
00000013
00000013
00000013
00000013
00000013
00000013
00000013
00000013
00000013
00000013
00000013
00000013
00000013
00000013
00000013
00000013
00000013
00000013
00000013
00000013
00000013
00000013
00000013
00000013
00000013
00000013
00000013
00000013
00000013
00000013
00000013
00000013
00000013
00000013
00000013
00000013
00000013
00000013
00000013
00000013
00000013
00000013
00000013
00000013
00000013
00000013
00000013
00000013
00000013
00000013
00000013
00000013
00000013
00000013
00000013
00000013
00000013
00000013
00000013
00000013
00000013
00000013
00000013
00000013
00000013
00000013
00000013
00000013
00000013
00000013
00000013
00000013
00000013
00000013
00000013
00000013
00000013
00000013
00000013
00000013
00000013
00000013
00000013
00000013
00000013
00000013
00000013
00000013
00000013
00000013
00000013
00000013
00000013
00000013
00000013
00000013
00000013
00000013
00000013
00000013
00000013
00000013
00000013
00000013
00000013
00000013
00000013
00000013
00000013
00000013
00000013
00000013
00000013
00000013
00000013
00000013
00000013
00000013
00000013
00000013
00000013
00000013
00000013
00000013
00000013
00000013
00000013
00000013
00000013
00000013
00000013
00000013
00000013
00000013
00000013
00000013
00000013
00000013
00000013
00000013
00000013
00000013
00000013
00000013
00000013
00000013
00000013
00000013
00000013
00000013
00000013
00000013
00000013
00000013
00000013
00000013
00000013
00000013
00000013
00000013
00000013
00000013
00000013
00000013
00000013
00000013
00000013
00000013
00000013
00000013
00000013
00000013
00000013
00000013
00000013
00000013
00000013
00000013
00000013
00000013
00000013
00000013
00000013
00000013
00000013
00000013
00000013
00000013
00000013
00000013
00000013
00000013
00000013
00000013
00000013
00000013
00000013
00000013
00000013
00000013
00000013
00000013
00000013
00000013
00000013
00000013
00000013
00000013
00000013
00000013
00000013
00000013
00000013
00000013
00000013
00000013
00000013
00000013
00000013
00000013
00000013
00000013
00000013
00000013
00000013
00000013
00000013
00000013
00000013
00000013
00000013
00000013
00000013
00000013
00000013
00000013
00000013
00000013
00000013
00000013
00000013
00000013
00000013
00000013
00000013
00000013
00000013
00000013
00000013
00000013
00000013
00000013
00000013
00000013
00000013
00000013
00000013
00000013
00000013
00000013
00000013
00000013
00000013
00000013
00000013
00000013
00000013
00000013
00000013
00000013
00000013
00000013
00000013
00000013
00000013
00000013
00000013
00000013
00000013
00000013
00000013
00000013
00000013
00000013
00000013
00000013
00000013
00000013
00000013
00000013
00000013
00000013
00000013
00000013
00000013
00000013
00000013
00000013
00000013
00000013
00000013
00000013
00000013
00000013
00000013
00000013
00000013
00000013
00000013
00000013
00000013
00000013
00000013
00000013
00000013
00000013
00000013
00000013
00000013
00000013
00000013
00000013
00000013
00000013
00000013
00000013
00000013
00000013
00000013
00000013
00000013
00000013
00000013
00000013
00000013
00000013
00000013
00000013
00000013
00000013
00000013
00000013
00000013
00000013
00000013
00000013
00000013
00000013
00000013
00000013
00000013
00000013
00000013
00000013
00000013
00000013
00000013
00000013
00000013
00000013
00000013
00000013
00000013
00000013
00000013
00000013
00000013
00000013
00000013
00000013
00000013
00000013
00000013
00000013
00000013
00000013
00000013
00000013
00000013
00000013
00000013
00000013
00000013
00000013
00000013
00000013
00000013
00000013
00000013
00000013
00000013
00000013
00000013
00000013
00000013
00000013
00000013
00000013
00000013
00000013
00000013
00000013
00000013
00000013
00000013
00000013
00000013
00000013
00000013
00000013
00000013
00000013
00000013
00000013
00000013
00000013
00000013
00000013
00000013
00000013
00000013
00000013
00000013
00000013
00000013
00000013
00000013
00000013
00000013
00000013
00000013
00000013
00000013
00000013
00000013
00000013
00000013
00000013
00000013
00000013
00000013
00000013
00000013
00000013
00000013
00000013
00000013
00000013
00000013
00000013
00000013
00000013
00000013
00000013
00000013
00000013
00000013
00000013
00000013
00000013
00000013
00000013
00000013
00000013
00000013
00000013
00000013
00000013
00000013
00000013
00000013
00000013
00000013
00000013
00000013
00000013
00000013
00000013
00000013
00000013
00000013
00000013
00000013
00000013
00000013
00000013
00000013
00000013
00000013
00000013
00000013
00000013
00000013
00000013
00000013
00000013
00000013
00000013
00000013
00000013
00000013
00000013
00000013
00000013
00000013
00000013
00000013
00000013
00000013
00000013
00000013
00000013
00000013
00000013
00000013
00000013
00000013
00000013
00000013
00000013
00000013
00000013
00000013
00000013
00000013
00000013
00000013
00000013
00000013
00000013
00000013
00000013
00000013
00000013
00000013
00000013
00000013
00000013
00000013
00000013
00000013
00000013
00000013
00000013
00000013
00000013
00000013
00000013
00000013
00000013
00000013
00000013
00000013
00000013
00000013
00000013
00000013
00000013
00000013
00000013
00000013
00000013
00000013
00000013
00000013
00000013
00000013
00000013
00000013
00000013
00000013
00000013
00000013
00000013
00000013
00000013
00000013
00000013
00000013
00000013
00000013
00000013
00000013
00000013
00000013
00000013
00000013
00000013
00000013
00000013
00000013
00000013
00000013
00000013
00000013
00000013
00000013
00000013
00000013
00000013
00000013
00000013
00000013
00000013
00000013
00000013
00000013
00000013
00000013
00000013
00000013
00000013
00000013
00000013
00000013
00000013
00000013
00000013
00000013
00000013
00000013
00000013
00000013
00000013
00000013
00000013
00000013
00000013
00000013
00000013
00000013
00000013
00000013
00000013
00000013
00000013
00000013
00000013
00000013
00000013
00000013
00000013
00000013
00000013
00000013
00000013
00000013
00000013
00000013
00000013
00000013
00000013
00000013
00000013
00000013
00000013
00000013
00000013
00000013
00000013
00000013
00000013
00000013
00000013
00000013
00000013
00000013
00000013
00000013
00000013
00000013
00000013
00000013
00000013
00000013
00000013
00000013
00000013
00000013
00000013
00000013
00000013
00000013
00000013
00000013
00000013
00000013
00000013
00000013
00000013
00000013
00000013
00000013
00000013
00000013
00000013
00000013
00000013
00000013
00000013
00000013
00000013
00000013
00000013
00000013
00000013
00000013
00000013
00000013
00000013
00000013
00000013
00000013
00000013
00000013
00000013
00000013
00000013
00000013
00000013
00000013
00000013
00000013
00000013
00000013
00000013
00000013
00000013
00000013
00000013
00000013
00000013
00000013
00000013
00000013
00000013
00000013
00000013
00000013
00000013
00000013
00000013
00000013
00000013
00000013
00000013
00000013
00000013
00000013
00000013
00000013
00000013
00000013
00000013
00000013
00000013
00000013
00000013
00000013
00000013
00000013
00000013
00000013
00000013
00000013
00000013
00000013
00000013
00000013
00000013
00000013
00000013
00000013
00000013
00000013
00000013
00000013
00000013
00000013
00000013
00000013
00000013
00000013
00000013
00000013
00000013
00000013
00000013
00000013
00000013
00000013
00000013
00000013
00000013
00000013
00000013
00000013
00000013
00000013
00000013
00000013
00000013
00000013
00000013
00000013
00000013
00000013
00000013
00000013
00000013
00000013
00000013
00000013
00000013
00000013
00000013
00000013
00000013
00000013
00000013
00000013
00000013
00000013
00000013
00000013
00000013
00000013
00000013
00000013
00000013
00000013
00000013
00000013
00000013
00000013
00000013
00000013
00000013
00000013
00000013
00000013
00000013
00000013
00000013
00000013
00000013
00000013
00000013
00000013
00000013
00000013
00000013
00000013
00000013
00000013
00000013
00000013
00000013
00000013
00000013
00000013
00000013
00000013
00000013
00000013
00000013
00000013
00000013
00000013
00000013
00000013
00000013
00000013
00000013
00000013
00000013
00000013
00000013
00000013
00000013
00000013
00000013
00000013
00000013
00000013
00000013
00000013
00000013
00000013
00000013
00000013
00000013
00000013
00000013
00000013
00000013
00000013
00000013
00000013
00000013
00000013
00000013
00000013
00000013
00000013
00000013
00000013
00000013
00000013
00000013
00000013
00000013
00000013
00000013
00000013
00000013
00000013
00000013
00000013
00000013
00000013
00000013
00000013
00000013
00000013
00000013
00000013
00000013
00000013
00000013
00000013
00000013
00000013
00000013
00000013
00000013
00000013
00000013
00000013
00000013
00000013
00000013
00000013
00000013
00000013
00000013
00000013
00000013
00000013
00000013
00000013
00000013
00000013
00000013
00000013
00000013
00000013
00000013
00000013
00000013
00000013
00000013
00000013
00000013
00000013
00000013
00000013
00000013
00000013
00000013
00000013
00000013
00000013
00000013
00000013
00000013
00000013
00000013
00000013
00000013
00000013
00000013
00000013
00000013
00000013
00000013
00000013
00000013
00000013
00000013
00000013
00000013
00000013
00000013
00000013
00000013
00000013
00000013
00000013
00000013
00000013
00000013
00000013
00000013
00000013
00000013
00000013
00000013
00000013
00000013
00000013
00000013
00000013
00000013
00000013
00000013
00000013
00000013
00000013
00000013
00000013
00000013
00000013
00000013
00000013
00000013
00000013
00000013
00000013
00000013
00000013
00000013
00000013
00000013
00000013
00000013
00000013
00000013
00000013
00000013
00000013
00000013
00000013
00000013
00000013
00000013
00000013
00000013
00000013
00000013
00000013
00000013
00000013
00000013
00000013
00000013
00000013
00000013
00000013
00000013
00000013
00000013
00000013
00000013
00000013
00000013
00000013
00000013
00000013
00000013
00000013
00000013
00000013
00000013
00000013
00000013
00000013
00000013
00000013
00000013
00000013
00000013
00000013
00000013
00000013
00000013
00000013
00000013
00000013
00000013
00000013
00000013
00000013
00000013
00000013
00000013
00000013
00000013
00000013
00000013
00000013
00000013
00000013
00000013
00000013
00000013
00000013
00000013
00000013
00000013
00000013
00000013
00000013
00000013
00000013
00000013
00000013
00000013
00000013
00000013
00000013
00000013
00000013
00000013
00000013
00000013
00000013
00000013
00000013
00000013
00000013
00000013
00000013
00000013
00000013
00000013
00000013
00000013
00000013
00000013
00000013
00000013
00000013
00000013
00000013
00000013
00000013
00000013
00000013
00000013
00000013
00000013
00000013
00000013
00000013
00000013
00000013
00000013
00000013
00000013
00000013
00000013
00000013
00000013
00000013
00000013
00000013
00000013
00000013
00000013
00000013
00000013
00000013
00000013
00000013
00000013
00000013
00000013
00000013
00000013
00000013
00000013
00000013
00000013
00000013
00000013
00000013
00000013
00000013
00000013
00000013
00000013
00000013
00000013
00000013
00000013
00000013
00000013
00000013
00000013
00000013
00000013
00000013
00000013
00000013
00000013
00000013
00000013
00000013
00000013
00000013
00000013
00000013
00000013
00000013
00000013
00000013
00000013
00000013
00000013
00000013
00000013
00000013
00000013
00000013
00000013
00000013
00000013
00000013
00000013
00000013
00000013
00000013
00000013
00000013
00000013
00000013
00000013
00000013
00000013
00000013
00000013
00000013
00000013
00000013
00000013
00000013
00000013
00000013
00000013
00000013
00000013
00000013
00000013
00000013
00000013
00000013
00000013
00000013
00000013
00000013
00000013
00000013
00000013
00000013
00000013
00000013
00000013
00000013
00000013
00000013
00000013
00000013
00000013
00000013
00000013
00000013
00000013
00000013
00000013
00000013
00000013
00000013
00000013
00000013
00000013
00000013
00000013
00000013
00000013
00000013
00000013
00000013
00000013
00000013
00000013
00000013
00000013
00000013
00000013
00000013
00000013
00000013
00000013
00000013
00000013
00000013
00000013
00000013
00000013
00000013
00000013
00000013
00000013
00000013
00000013
00000013
00000013
00000013
00000013
00000013
00000013
00000013
00000013
00000013
00000013
00000013
00000013
00000013
00000013
00000013
00000013
00000013
00000013
00000013
00000013
00000013
00000013
00000013
00000013
00000013
00000013
00000013
00000013
00000013
00000013
00000013
00000013
00000013
00000013
00000013
00000013
00000013
00000013
00000013
00000013
00000013
00000013
00000013
00000013
00000013
00000013
00000013
00000013
00000013
00000013
00000013
00000013
00000013
00000013
00000013
00000013
00000013
00000013
00000013
00000013
00000013
00000013
00000013
00000013
00000013
00000013
00000013
00000013
00000013
00000013
00000013
00000013
00000013
00000013
00000013
00000013
00000013
00000013
00000013
00000013
00000013
00000013
00000013
00000013
00000013
00000013
00000013
00000013
00000013
00000013
00000013
00000013
00000013
00000013
00000013
00000013
00000013
00000013
00000013
00000013
00000013
00000013
00000013
00000013
00000013
00000013
00000013
00000013
00000013
00000013
00000013
00000013
00000013
00000013
00000013
00000013
00000013
00000013
00000013
00000013
00000013
00000013
00000013
00000013
00000013
00000013
00000013
00000013
00000013
00000013
00000013
00000013
00000013
00000013
00000013
00000013
00000013
00000013
00000013
00000013
00000013
00000013
00000013
00000013
00000013
00000013
00000013
00000013
00000013
00000013
00000013
00000013
00000013
00000013
00000013
00000013
00000013
00000013
00000013
00000013
00000013
00000013
00000013
00000013
00000013
00000013
00000013
00000013
00000013
00000013
00000013
00000013
00000013
00000013
00000013
00000013
00000013
00000013
00000013
00000013
00000013
00000013
00000013
00000013
00000013
00000013
00000013
00000013
00000013
00000013
00000013
00000013
00000013
00000013
00000013
00000013
00000013
00000013
00000013
00000013
00000013
00000013
00000013
00000013
00000013
00000013
00000013
00000013
00000013
00000013
00000013
00000013
00000013
00000013
00000013
00000013
00000013
00000013
00000013
00000013
00000013
00000013
00000013
00000013
00000013
00000013
00000013
00000013
00000013
00000013
00000013
00000013
00000013
00000013
00000013
00000013
00000013
00000013
00000013
00000013
00000013
00000013
00000013
00000013
00000013
00000013
00000013
00000013
00000013
00000013
00000013
00000013
00000013
00000013
00000013
00000013
00000013
00000013
00000013
00000013
00000013
00000013
00000013
00000013
00000013
00000013
00000013
00000013
00000013
00000013
00000013
00000013
00000013
00000013
00000013
00000013
00000013
00000013
00000013
00000013
00000013
00000013
00000013
00000013
00000013
00000013
00000013
00000013
00000013
00000013
00000013
00000013
00000013
00000013
00000013
00000013
00000013
00000013
00000013
00000013
00000013
00000013
00000013
00000013
00000013
00000013
00000013
00000013
00000013
00000013
00000013
00000013
00000013
00000013
00000013
00000013
00000013
00000013
00000013
00000013
00000013
00000013
00000013
00000013
00000013
00000013
00000013
00000013
00000013
00000013
00000013
00000013
00000013
00000013
00000013
00000013
00000013
00000013
00000013
00000013
00000013
00000013
00000013
00000013
00000013
00000013
00000013
00000013
00000013
00000013
00000013
00000013
00000013
00000013
00000013
00000013
00000013
00000013
00000013
00000013
00000013
00000013
00000013
00000013
00000013
00000013
00000013
00000013
00000013
00000013
00000013
00000013
00000013
00000013
00000013
00000013
00000013
00000013
00000013
00000013
00000013
00000013
00000013
00000013
00000013
00000013
00000013
00000013
00000013
00000013
00000013
00000013
00000013
00000013
00000013
00000013
00000013
00000013
00000013
00000013
00000013
00000013
00000013
00000013
00000013
00000013
00000013
00000013
00000013
00000013
00000013
00000013
00000013
00000013
00000013
00000013
00000013
00000013
00000013
00000013
00000013
00000013
00000013
00000013
00000013
00000013
00000013
00000013
00000013
00000013
00000013
00000013
00000013
00000013
00000013
00000013
00000013
00000013
00000013
00000013
00000013
00000013
00000013
00000013
00000013
00000013
00000013
00000013
00000013
00000013
00000013
00000013
00000013
00000013
00000013
00000013
00000013
00000013
00000013
00000013
00000013
00000013
00000013
00000013
00000013
00000013
00000013
00000013
00000013
00000013
00000013
00000013
00000013
00000013
00000013
00000013
00000013
00000013
00000013
00000013
00000013
00000013
00000013
00000013
00000013
00000013
00000013
00000013
00000013
00000013
00000013
00000013
00000013
00000013
00000013
00000013
00000013
00000013
00000013
00000013
00000013
00000013
00000013
00000013
00000013
00000013
00000013
00000013
00000013
00000013
00000013
00000013
00000013
00000013
00000013
00000013
00000013
00000013
00000013
00000013
00000013
00000013
00000013
00000013
00000013
00000013
00000013
00000013
00000013
00000013
00000013
00000013
00000013
00000013
00000013
00000013
00000013
00000013
00000013
00000013
00000013
00000013
00000013
00000013
00000013
00000013
00000013
00000013
00000013
00000013
00000013
00000013
00000013
00000013
00000013
00000013
00000013
00000013
00000013
00000013
00000013
00000013
00000013
00000013
00000013
00000013
00000013
00000013
00000013
00000013
00000013
00000013
00000013
00000013
00000013
00000013
00000013
00000013
00000013
00000013
00000013
00000013
00000013
00000013
00000013
00000013
00000013
00000013
00000013
00000013
00000013
00000013
00000013
00000013
00000013
00000013
00000013
00000013
00000013
00000013
00000013
00000013
00000013
00000013
00000013
00000013
00000013
00000013
00000013
00000013
00000013
00000013
00000013
00000013
00000013
00000013
00000013
00000013
00000013
00000013
00000013
00000013
00000013
00000013
00000013
00000013
00000013
00000013
00000013
00000013
00000013
00000013
00000013
00000013
00000013
00000013
00000013
00000013
00000013
00000013
00000013
00000013
00000013
00000013
00000013
00000013
00000013
00000013
00000013
00000013
00000013
00000013
00000013
00000013
00000013
00000013
00000013
00000013
00000013
00000013
00000013
00000013
00000013
00000013
00000013
00000013
00000013
00000013
00000013
00000013
00000013
00000013
00000013
00000013
00000013
00000013
00000013
00000013
00000013
00000013
00000013
00000013
00000013
00000013
00000013
00000013
00000013
00000013
00000013
00000013
00000013
00000013
00000013
00000013
00000013
00000013
00000013
00000013
00000013
00000013
00000013
00000013
00000013
00000013
00000013
00000013
00000013
00000013
00000013
00000013
00000013
00000013
00000013
00000013
00000013
00000013
00000013
00000013
00000013
00000013
00000013
00000013
00000013
00000013
00000013
00000013
00000013
00000013
00000013
00000013
00000013
00000013
00000013
00000013
00000013
00000013
00000013
00000013
00000013
00000013
00000013
00000013
00000013
00000013
00000013
00000013
00000013
00000013
00000013
00000013
00000013
00000013
00000013
00000013
00000013
00000013
00000013
00000013
00000013
00000013
00000013
00000013
00000013
00000013
00000013
00000013
00000013
00000013
00000013
00000013
00000013
00000013
00000013
00000013
00000013
00000013
00000013
00000013
00000013
00000013
00000013
00000013
00000013
00000013
00000013
00000013
00000013
00000013
00000013
00000013
00000013
00000013
00000013
00000013
00000013
00000013
00000013
00000013
00000013
00000013
00000013
00000013
00000013
00000013
00000013
00000013
00000013
00000013
00000013
00000013
00000013
00000013
00000013
00000013
00000013
00000013
00000013
00000013
00000013
00000013
00000013
00000013
00000013
00000013
00000013
00000013
00000013
00000013
00000013
00000013
00000013
00000013
00000013
00000013
00000013
00000013
00000013
00000013
00000013
00000013
00000013
00000013
00000013
00000013
00000013
00000013
00000013
00000013
00000013
00000013
00000013
00000013
00000013
00000013
00000013
00000013
00000013
00000013
00000013
00000013
00000013
00000013
00000013
00000013
00000013
00000013
00000013
00000013
00000013
00000013
00000013
00000013
00000013
00000013
00000013
00000013
00000013
00000013
00000013
00000013
00000013
00000013
00000013
00000013
00000013
00000013
00000013
00000013
00000013
00000013
00000013
00000013
00000013
00000013
00000013
00000013
00000013
00000013
00000013
00000013
00000013
00000013
00000013
00000013
00000013
00000013
00000013
00000013
00000013
00000013
00000013
00000013
00000013
00000013
00000013
00000013
00000013
00000013
00000013
00000013
00000013
00000013
00000013
00000013
00000013
00000013
00000013
00000013
00000013
00000013
00000013
00000013
00000013
00000013
00000013
00000013
00000013
00000013
00000013
00000013
00000013
00000013
00000013
00000013
00000013
00000013
00000013
00000013
00000013
00000013
00000013
00000013
00000013
00000013
00000013
00000013
00000013
00000013
00000013
00000013
00000013
00000013
00000013
00000013
00000013
00000013
00000013
00000013
00000013
00000013
00000013
00000013
00000013
00000013
00000013
00000013
00000013
00000013
00000013
00000013
00000013
00000013
00000013
00000013
00000013
00000013
00000013
00000013
00000013
00000013
00000013
00000013
00000013
00000013
00000013
00000013
00000013
00000013
00000013
00000013
00000013
00000013
00000013
00000013
00000013
00000013
00000013
00000013
00000013
00000013
00000013
00000013
00000013
00000013
00000013
00000013
00000013
00000013
00000013
00000013
00000013
00000013
00000013
00000013
00000013
00000013
00000013
00000013
00000013
00000013
00000013
00000013
00000013
00000013
00000013
00000013
00000013
00000013
00000013
00000013
00000013
00000013
00000013
00000013
00000013
00000013
00000013
00000013
00000013
00000013
00000013
00000013
00000013
00000013
00000013
00000013
00000013
00000013
00000013
00000013
00000013
00000013
00000013
00000013
00000013
00000013
00000013
00000013
00000013
00000013
00000013
00000013
00000013
00000013
00000013
00000013
00000013
00000013
00000013
00000013
00000013
00000013
00000013
00000013
00000013
00000013
00000013
00000013
00000013
00000013
00000013
00000013
00000013
00000013
00000013
00000013
00000013
00000013
00000013
00000013
00000013
00000013
00000013
00000013
00000013
00000013
00000013
00000013
00000013
00000013
00000013
00000013
00000013
00000013
00000013
00000013
00000013
00000013
00000013
00000013
00000013
00000013
00000013
00000013
00000013
00000013
00000013
00000013
00000013
00000013
00000013
00000013
00000013
00000013
00000013
00000013
00000013
00000013
00000013
00000013
00000013
00000013
00000013
00000013
00000013
00000013
00000013
00000013
00000013
00000013
00000013
00000013
00000013
00000013
00000013
00000013
00000013
00000013
00000013
00000013
00000013
00000013
00000013
00000013
00000013
00000013
00000013
00000013
00000013
00000013
00000013
00000013
00000013
00000013
00000013
00000013
00000013
00000013
00000013
00000013
00000013
00000013
00000013
00000013
00000013
00000013
00000013
00000013
00000013
00000013
00000013
00000013
00000013
00000013
00000013
00000013
00000013
00000013
00000013
00000013
00000013
00000013
00000013
00000013
00000013
00000013
00000013
00000013
00000013
00000013
00000013
00000013
00000013
00000013
00000013
00000013
00000013
00000013
00000013
00000013
00000013
00000013
00000013
00000013
00000013
00000013
00000013
00000013
00000013
00000013
00000013
00000013
00000013
00000013
00000013
00000013
00000013
00000013
00000013
00000013
00000013
00000013
00000013
00000013
00000013
00000013
00000013
00000013
00000013
00000013
00000013
00000013
00000013
00000013
00000013
00000013
00000013
00000013
00000013
00000013
00000013
00000013
00000013
00000013
00000013
00000013
00000013
00000013
00000013
00000013
00000013
00000013
00000013
00000013
00000013
00000013
00000013
00000013
00000013
00000013
00000013
00000013
00000013
00000013
00000013
00000013
00000013
00000013
00000013
00000013
00000013
00000013
00000013
00000013
00000013
00000013
00000013
00000013
00000013
00000013
00000013
00000013
00000013
00000013
00000013
00000013
00000013
00000013
00000013
00000013
00000013
00000013
00000013
00000013
00000013
00000013
00000013
00000013
00000013
00000013
00000013
00000013
00000013
00000013
00000013
00000013
00000013
00000013
00000013
00000013
00000013
00000013
00000013
00000013
00000013
00000013
00000013
00000013
00000013
00000013
00000013
00000013
00000013
00000013
00000013
00000013
00000013
00000013
00000013
00000013
00000013
00000013
00000013
00000013
00000013
00000013
00000013
00000013
00000013
00000013
00000013
00000013
00000013
00000013
00000013
00000013
00000013
00000013
00000013
00000013
00000013
00000013
00000013
00000013
00000013
00000013
00000013
00000013
00000013
00000013
00000013
00000013
00000013
00000013
00000013
00000013
00000013
00000013
00000013
00000013
00000013
00000013
00000013
00000013
00000013
00000013
00000013
00000013
00000013
00000013
00000013
00000013
00000013
00000013
00000013
00000013
00000013
00000013
00000013
00000013
00000013
00000013
00000013
00000013
00000013
00000013
00000013
00000013
00000013
00000013
00000013
00000013
00000013
00000013
00000013
00000013
00000013
00000013
00000013
00000013
00000013
00000013
00000013
00000013
00000013
00000013
00000013
00000013
00000013
00000013
00000013
00000013
00000013
00000013
00000013
00000013
00000013
00000013
00000013
00000013
00000013
00000013
00000013
00000013
00000013
00000013
00000013
00000013
00000013
00000013
00000013
00000013
00000013
00000013
00000013
00000013
00000013
00000013
